# Quad mesh exported from a parametric Surface
# grid: 96 x 96 vertices, 9216 quads
o hopf-torus
v 0.8660254037844387 -0.49999999999999994 0
v 0.8368063015763199 -0.4831303434746633 0.05484718271092455
v 0.8060134998918415 -0.465352111133027 0.10611369034991913
v 0.7738952333468497 -0.44680862129737187 0.1539373329688547
v 0.7406669476702957 -0.4276242616173036 0.19846111048868034
v 0.7065146948766597 -0.40790644927346575 0.23982942212544064
v 0.6715983620174589 -0.3877474950980916 0.2781851500151872
v 0.6360546820199658 -0.367226341883549 0.3136674571439418
v 0.6000000000000001 -0.34641016151377546 0.34641016151377546
v 0.5635327860881991 -0.3253558057452015 0.37654056943128056
v 0.5267358979088567 -0.30411111244951755 0.4041786700027961
v 0.4896786037800016 -0.282716073708784 0.42943660994621746
v 0.4524183825710685 -0.2612038749637414 0.45241838257106837
v 0.41500251882665545 -0.2396018159589422 0.47321967731086406
v 0.37746951290501835 -0.2179321248865892 0.4919278466918309
v 0.339850325986833 -0.19621267719268007 0.5086219563156392
v 0.3021694792519624 -0.17445763018700947 0.5233728905610284
v 0.2644460255672429 -0.1526779840473743 0.5362434925036824
v 0.22669441086784073 -0.13088207913833144 0.5472887212313198
v 0.18892524118250362 -0.10907603885343341 0.556555813484557
v 0.15114597004097002 -0.08726416649008112 0.5640844395521836
v 0.11336151987143356 -0.06544930401351726 0.5699068457370668
v 0.07557484998730868 -0.043633159984138234 0.5740479776096856
v 0.03778748290070376 -0.021816613424719692 0.5765255797854877
v 3.5352507957496895e-17 -2.0410779985789216e-17 0.5773502691896257
v -0.037787482900703814 0.021816613424719723 0.5765255797854877
v -0.07557484998730847 0.043633159984138116 0.5740479776096855
v -0.11336151987143347 0.06544930401351721 0.5699068457370668
v -0.15114597004097008 0.08726416649008116 0.5640844395521836
v -0.1889252411825034 0.1090760388534333 0.5565558134845571
v -0.2266944108678407 0.13088207913833141 0.5472887212313198
v -0.2644460255672428 0.15267798404737426 0.5362434925036824
v -0.3021694792519622 0.17445763018700938 0.5233728905610284
v -0.33985032598683274 0.1962126771926799 0.5086219563156392
v -0.37746951290501835 0.2179321248865892 0.4919278466918309
v -0.41500251882665534 0.23960181595894214 0.47321967731086406
v -0.45241838257106837 0.26120387496374137 0.4524183825710685
v -0.4896786037800016 0.28271607370878393 0.4294366099462175
v -0.5267358979088564 0.30411111244951744 0.40417867000279617
v -0.5635327860881992 0.32535580574520157 0.37654056943128056
v -0.6000000000000001 0.34641016151377546 0.34641016151377546
v -0.6360546820199658 0.367226341883549 0.3136674571439418
v -0.6715983620174589 0.3877474950980916 0.2781851500151873
v -0.7065146948766597 0.4079064492734657 0.23982942212544076
v -0.7406669476702957 0.42762426161730355 0.19846111048868054
v -0.7738952333468497 0.44680862129737187 0.153937332968855
v -0.8060134998918415 0.465352111133027 0.10611369034991913
v -0.8368063015763199 0.4831303434746633 0.05484718271092459
v -0.8660254037844387 0.49999999999999994 1.0605752387249069e-16
v -0.8933863069609194 0.5157968248142123 -0.05855563218993584
v -0.9185648205693683 0.530333646423845 -0.12093135282387563
v -0.9411938767327409 0.5433985380912754 -0.1872151021841476
v -0.9608608472139668 0.5547532687927555 -0.25746188804966635
v -0.9771057174292022 0.5641322489844722 -0.3316826971410969
v -0.989420576283714 0.5712422360591568 -0.4098314215877177
v -0.9972509967052912 0.5757631313974224 -0.49178976763037324
v -1 0.5773502691896256 -0.577350269189626
v -0.9970354020522958 0.5756386577664796 -0.666197756900623
v -0.987701406783031 0.5702496730851548 -0.7578899454894044
v -0.9713353080709569 0.560800701588155 -0.8518382028520476
v -0.9472900418764622 0.5469181606780272 -0.9472900418764618
v -0.9149630458928446 0.5282541608447936 -1.043315396140114
v -0.8738313873804856 0.5045067867304674 -1.1387992356192806
v -0.823492380595219 0.4754435476122553 -1.2324434423099269
v -0.7637079407904243 0.4409269851976061 -1.322780955592817
v -0.6944497810132779 0.40094076800669265 -1.408204850650273
v -0.6159414007039472 0.355613933501459 -1.4870140832065477
v -0.5286918760631864 0.3052403969634489 -1.5574760435572408
v -0.4335160353877499 0.25029059972913664 -1.617903869962911
v -0.33153597892561176 0.19141238667874802 -1.6667439199133276
v -0.22416027442147055 0.12941899477885635 -1.7026663263464825
v -0.11303951651866273 0.06526339529111505 -1.7246497463417922
v -3.1817257161747205e-16 1.8369701987210294e-16 -1.7320508075688774
v 0.11303951651866213 -0.0652633952911147 -1.724649746341793
v 0.22416027442146996 -0.12941899477885604 -1.7026663263464832
v 0.33153597892561126 -0.19141238667874771 -1.666743919913328
v 0.43351603538774935 -0.25029059972913636 -1.6179038699629111
v 0.528691876063186 -0.3052403969634486 -1.5574760435572415
v 0.6159414007039467 -0.35561393350145865 -1.487014083206548
v 0.6944497810132775 -0.4009407680066923 -1.4082048506502731
v 0.7637079407904238 -0.4409269851976058 -1.3227809555928174
v 0.8234923805952188 -0.47544354761225516 -1.2324434423099275
v 0.8738313873804852 -0.5045067867304671 -1.138799235619281
v 0.9149630458928445 -0.5282541608447935 -1.0433153961401138
v 0.9472900418764618 -0.5469181606780269 -0.9472900418764622
v 0.9713353080709566 -0.5608007015881548 -0.8518382028520485
v 0.9877014067830309 -0.5702496730851548 -0.7578899454894054
v 0.9970354020522958 -0.5756386577664796 -0.6661977569006236
v 1 -0.5773502691896256 -0.5773502691896265
v 0.9972509967052913 -0.5757631313974224 -0.4917897676303737
v 0.9894205762837139 -0.5712422360591568 -0.40983142158771857
v 0.9771057174292023 -0.5641322489844722 -0.33168269714109727
v 0.960860847213967 -0.5547532687927557 -0.2574618880496668
v 0.941193876732741 -0.5433985380912754 -0.187215102184148
v 0.9185648205693683 -0.530333646423845 -0.12093135282387556
v 0.8933863069609191 -0.5157968248142122 -0.05855563218993577
v 0.8081562481532175 -0.5270604724473683 0
v 0.7796093575638284 -0.5062586198654672 0.05109829693789655
v 0.7498761041502199 -0.484831528645672 0.09872306199248261
v 0.7191581151684107 -0.46290320847460376 0.14304944320844132
v 0.6876269478095299 -0.44057820780121315 0.1842490853594413
v 0.6554278150252031 -0.4179441449016603 0.22248776318782212
v 0.6226829528295513 -0.3950739747964789 0.2579237241205264
v 0.5894946306113691 -0.37202799984693075 0.2907065807560099
v 0.5559478195968098 -0.34885563945409764 0.32097662329960364
v 0.5221125426902684 -0.32559697846902286 0.34886444761536534
v 0.4880459331432252 -0.302284115764772 0.374490815874172
v 0.4537940310949091 -0.2789423347111841 0.39796668431683857
v 0.4193933469012593 -0.25559111660087597 0.4193933469012592
v 0.38487221897097934 -0.23224501680435636 0.43886265505640826
v 0.3502519920180106 -0.20891442186216788 0.4564572828860469
v 0.31554803953443483 -0.18560620404116887 0.4722510143650327
v 0.28077065209901614 -0.16232428821355258 0.486309034709741
v 0.245925811002642 -0.13907014433823037 0.4986882124848727
v 0.21101586467932895 -0.11584321738038021 0.5094373623847216
v 0.17604012363118665 -0.09264130522062779 0.5185974812059717
v 0.14099538795507333 -0.06946089399100826 0.5262019514812186
v 0.10587642022973054 -0.046297459332555704 0.5322767087058362
v 0.07067637540798624 -0.023145741296248485 0.5368403691777177
v 0.03538719847732411 -2.1653319143749143e-17 0.5399043162714457
v 3.315564311138715e-17 0.023145741296248357 0.5414727435611869
v -0.03549458078262611 0.04629745933255566 0.5415426536538426
v -0.07110601579986038 0.06946089399100813 0.54010381195129
v -0.10684352145302492 0.09264130522062765 0.5371386548785877
v -0.1427156756179678 0.11584321738038018 0.5326221524427744
v -0.17873000811708178 0.13907014433823023 0.5265216253746209
v -0.21489255370527185 0.16232428821355244 0.5187965176082561
v -0.25120735563587065 0.18560620404116873 0.5093981255337132
v -0.2876759066259707 0.20891442186216777 0.49826928638962176
v -0.3242965125122182 0.23224501680435622 0.48534402943810695
v -0.3610635620661728 0.25559111660087597 0.4705471952930619
v -0.3979666843168385 0.278942334711184 0.45379403109490907
v -0.4349897723118007 0.30228411576477193 0.43498977231180075
v -0.4721098495608954 0.32559697846902275 0.41402922601195674
v -0.5092957525002839 0.3488556394540975 0.39079637575652115
v -0.5465065992877016 0.3720279998469308 0.3651640351259645
v -0.5836900122552622 0.3950739747964788 0.3369935856988715
v -0.6207800586637389 0.4179441449016603 0.3061348465014675
v -0.6576948724159205 0.4405782078012131 0.27242613605791677
v -0.6943339186777993 0.46290320847460364 0.23569460576847595
v -0.7305748647605647 0.4848315286456719 0.1957569450230702
v -0.766270025307362 0.506258619865467 0.1524205847859581
v -0.8012423594186455 0.5270604724473683 0.10548555779028257
v -0.8352810140014383 0.5470908248518006 0.054747210081477794
v -0.8681364341668313 0.5661781371935831 1.0631605053256069e-16
v -0.8995151015037256 0.5841223805451028 -0.0589573346071545
v -0.9290740188724864 0.6006917333435787 -0.12231491502812233
v -0.9564151409818291 0.6156193305146842 -0.1902427998904451
v -0.9810800586861214 0.6286002829621069 -0.2628796094352242
v -1.0025453863601224 0.6392892773573762 -0.34031830110377204
v -1.0202194785389138 0.6472991796540973 -0.42258874460802465
v -1.033441312514572 0.6522011982623955 -0.5096368563383484
v -1.041482608112079 0.6535273067475226 -0.6013002641498225
v -1.0435544921866966 0.6507757652650948 -0.6972808191838721
v -1.0388202131760071 0.6434206869752304 -0.7971147852280065
v -1.026415506790997 0.6309266280061829 -0.9001422407064864
v -1.005478118608652 0.6127690793183677 -1.0054781186086517
v -0.975187592788691 0.5884614365779594 -1.1119883302919897
v -0.9348156235066083 0.5575884505535159 -1.218275439482183
v -0.8837859507654678 0.519845269038957 -1.3226791468783974
v -0.8217409593811532 0.4750799819363842 -1.4232970923085486
v -0.7486099473288148 0.42333618014147656 -1.5180308035165555
v -0.6646718030135831 0.3648906696191851 -1.6046596813623677
v -0.5706031122495574 0.3002805041906171 -1.6809425639853712
v -0.4675021759976457 0.23031334257461877 -1.7447418734722222
v -0.3568806757477694 0.15605616941105913 -1.7941603151633165
v -0.24061807304358052 0.07879979183594604 -1.8276757179167769
v -0.12087900419231577 -8.509770419169573e-16 -1.8442572149882381
v -3.3863565766904777e-16 -0.0787997918359467 -1.843446659639983
v 0.11964259792314158 -0.15605616941105865 -1.825393300631762
v 0.23576811692273206 -0.23031334257461938 -1.7908366437653107
v 0.3463144913061057 -0.3002805041906175 -1.7410405188386586
v 0.4495353255806095 -0.36489066961918465 -1.6776886748638553
v 0.5440627049967106 -0.423336180141477 -1.6027570454365287
v 0.6289333017019226 -0.4750799819363846 -1.5183793067968703
v 0.7035807668698864 -0.5198452690389573 -1.426720658309877
v 0.7678012920667617 -0.5575884505535164 -1.3298708479766617
v 0.8217011251996963 -0.588461436577959 -1.229762639162583
v 0.8656348837357858 -0.6127690793183677 -1.1281173441009233
v 0.9001422407064863 -0.6309266280061828 -1.0264155067909961
v 0.9258886045664824 -0.6434206869752304 -0.9258886045664828
v 0.943613328605907 -0.6507757652650947 -0.8275266793536314
v 0.954087146162527 -0.6535273067475226 -0.7320968161343343
v 0.9580791205511363 -0.6522011982623955 -0.640168001788778
v 0.956332459762137 -0.6472991796540973 -0.5521388030784473
v 0.9495480196148921 -0.6392892773573761 -0.46826526267016727
v 0.9383741083487971 -0.628600282962107 -0.3886872822578326
v 0.9234012085995618 -0.6156193305146842 -0.3134524728987101
v 0.9051603617367011 -0.6006917333435786 -0.24253698794801187
v 0.8841241487242949 -0.5841223805451029 -0.17586322748027478
v 0.8607094066260882 -0.5661781371935831 -0.11331454307929006
v 0.835281014001438 -0.5470908248518004 -0.0547472100814775
v 0.7548010026727091 -0.5373824988703922 0
v 0.7277183955010535 -0.51363029479785 0.047697183595488135
v 0.6996891284240325 -0.4895114129850607 0.09211582129177205
v 0.6708762889617806 -0.4651241854479138 0.1334455908562673
v 0.6414166975881176 -0.4405490947510619 0.17186708613057372
v 0.6114244674843843 -0.4158514187577345 0.2075506394608459
v 0.5809941342071098 -0.39108352175859173 0.240655650047799
v 0.5502033883759958 -0.3662868280958391 0.27133028436454754
v 0.5191154489278695 -0.34149351480470436 0.29971144417899886
v 0.48778111557479487 -0.31672795835173795 0.32592492140752255
v 0.4562405380942586 -0.2920079680620873 0.3500856778897676
v 0.42452473783336 -0.26734583583569144 0.37229820303802735
v 0.3926569139181038 -0.24274922860660636 0.3926569139181037
v 0.3606535635154663 -0.21822194691998928 0.41124657129873843
v 0.3285254423518693 -0.19376457011704767 0.4281426920968369
v 0.2962783887018598 -0.1693750059986121 0.44341194388444904
v 0.26391403131400726 -0.1450489605128529 0.4571125110661841
v 0.23143039928251946 -0.1207803409875554 0.4692944252672206
v 0.19882244972018748 -0.09656160469340096 0.4799998546187193
v 0.16608252724140252 -0.07238406306542028 0.4892633481680595
v 0.13320076771422462 -0.04823815070563368 0.4971120327166665
v 0.10016545747460696 -0.024113667321093678 0.5035657601089437
v 0.06696335819996801 -2.2558119686786087e-17 0.508637203449294
v 0.033580006900939596 0.02411366732109372 0.5123319009799491
v 3.1513116386118405e-17 0.04823815070563372 0.5146482464668027
v -0.03379272978130908 0.0723840630654203 0.5155774249610222
v -0.06781463500902296 0.0965616046934009 0.515103292772742
v -0.10208226463577828 0.12078034098755545 0.5132022004490902
v -0.13661195514769625 0.14504896051285293 0.509842757532523
v -0.1714194915152119 0.16937500599861205 0.5049855379313573
v -0.2065197266245851 0.19376457011704765 0.4985827249146574
v -0.24192614645754837 0.21822194691998906 0.49057769511217447
v -0.27765036651127345 0.2427492286066062 0.4809045415376462
v -0.31370154276815143 0.2673458358356912 0.4694875366638702
v -0.3500856778897676 0.29200796806208723 0.4562405380942586
v -0.3868048001759781 0.3167279583517379 0.44106634157087166
v -0.4238559891563669 0.34149351480470425 0.423855989156367
v -0.4612302174375011 0.3662868280958389 0.40448804471371996
v -0.4989109736092064 0.3910835217585915 0.3828278546492031
v -0.5368726256525338 0.4158514187577345 0.35872681974466764
v -0.5750784784965401 0.4405490947510619 0.3320217143651378
v -0.6134784733545909 0.46512418544791373 0.30253410310348383
v -0.6520064706128906 0.4895114129850605 0.2700699228828742
v -0.6905770529678462 0.51363029479785 0.2344193217032546
v -0.7290817821904535 0.5373824988703921 0.19535687475417593
v -0.7673848428079463 0.5606488126687647 0.1526423357741956
v -0.8053180112919597 0.583285701145614 0.10602212753870115
v -0.8426749030996876 0.6051214442309167 0.0552318311766489
v -0.8792044763831877 0.6259518692527499 1.0767149477986956e-16
v -0.9146038160734329 0.6455357327467146 -0.059946301209483854
v -0.9485102927525051 0.6635898640899972 -0.12487374902821949
v -0.9804932963730307 0.6797842662145819 -0.1950322427814443
v -1.0100458959914953 0.6937374826837089 -0.27064098214929044
v -1.0365769841266177 0.7050126915499616 -0.35187047190153425
v -1.0594047371162774 0.71311517821878 -0.43881981015586535
v -1.077752563936027 0.7174920701260957 -0.5314887472985622
v -1.0907491158182396 0.7175354732751373 -0.6297442956360072
v -1.0974343560655937 0.7125904056620077 -0.7332821932417507
v -1.0967740779378745 0.7019691219451472 -0.8415843497174701
v -1.0876854960478606 0.6849734824673939 -0.9538745791725749
v -1.069076456692478 0.6609268192784465 -1.0690764566924778
v -1.0399002004982916 0.6292161489913924 -1.1857789169729176
v -0.9992262379912815 0.5893444387989999 -1.3022169865589024
v -0.9463255960957252 0.5409908708415611 -1.4162763404747163
v -0.8807654690745305 0.48407473868971007 -1.52553054198932
v -0.8025044866485033 0.4188160494124443 -1.6273181181195044
v -0.7119761434760757 0.34578368295040957 -1.7188624616660315
v -0.6101455651057887 0.2659208996712218 -1.797430873746559
v -0.498525015676277 0.18053893569378113 -1.8605206873479379
v -0.3791373493975212 0.09127290128626271 -1.9060521695660702
v -0.2544240210383299 2.5712543421002314e-16 -1.9325423041779635
v -0.12710404494883062 -0.09127290128626221 -1.9392329835719448
v -3.5382852013518082e-16 -0.18053893569378063 -1.9261527507715153
v 0.12414601675054376 -0.26592089967122023 -1.8941021944553458
v 0.2428418036942606 -0.3457836829504081 -1.8445666291522782
v 0.3539788879569188 -0.4188160494124439 -1.779572042804608
v 0.4559177553302865 -0.4840747386897088 -1.701508226965389
v 0.5475210433042998 -0.540990870841561 -1.6129449815642682
v 0.6281398726039888 -0.5893444387989997 -1.5164637995078567
v 0.6975642934308477 -0.6292161489913922 -1.4145204570681105
v 0.7559512121341376 -0.6609268192784462 -1.3093459074596043
v 0.8037426037836501 -0.6849734824673936 -1.202885812522377
v 0.841584349717471 -0.7019691219451472 -1.0967740779378752
v 0.8702527901351583 -0.7125904056620078 -0.9923331205096955
v 0.8905929237155331 -0.7175354732751374 -0.8905929237155336
v 0.90346962579652 -0.7174920701260957 -0.792321596852423
v 0.909731471836983 -0.71311517821878 -0.698061510154339
v 0.9101857003674054 -0.7050126915499617 -0.6081666415251161
v 0.9055823761099798 -0.6937374826837092 -0.5228382286204784
v 0.8966057386291156 -0.6797842662145819 -0.4421570189583675
v 0.8838708837887943 -0.6635898640899974 -0.36611130745201315
v 0.8679242023313994 -0.6455357327467148 -0.29462056685199217
v 0.8492463103274784 -0.62595186925275 -0.2275548630273584
v 0.8282565018740304 -0.6051214442309171 -0.16475046158535797
v 0.8053180112919599 -0.5832857011456141 -0.10602212753870126
v 0.7807435819582681 -0.5606488126687648 -0.05117263793231744
v 0.7144499412705858 -0.5284990783063692 0
v 0.6892510824007075 -0.5032115255454318 0.04517590268969347
v 0.6631856477844478 -0.4777305098055036 0.08731004689493756
v 0.636392210686371 -0.45213148600026953 0.12658628120960017
v 0.6089864721085867 -0.4264746113930398 0.16317743340297422
v 0.5810644242213989 -0.40080716174070136 0.19724479347594917
v 0.5527051012162721 -0.375165590419111 0.22893794891657415
v 0.523972959319647 -0.34957727669344735 0.2583948682525706
v 0.49491992779537086 -0.32406200575195937 0.28574215353996746
v 0.4655871709294754 -0.29863321892838257 0.3110954017043566
v 0.4360065980857579 -0.27329906818251504 0.33455962964809777
v 0.40620215551217104 -0.2480633046855448 0.3562297296010975
v 0.3761909300341305 -0.22292602743426426 0.3761909300341305
v 0.345984091320274 -0.1978843142800076 0.39451924415345624
v 0.3155876961833397 -0.17293275463440022 0.41128189302263
v 0.2850033754553117 -0.14806390040283607 0.4265376940855354
v 0.25422892138296344 -0.12326864937764873 0.44033740858872633
v 0.2232587912335447 -0.09853657336674933 0.45272404335221916
v 0.19208454087221402 -0.07385620170737824 0.4637331036959081
v 0.16069520045722333 -0.049215269486405394 0.4733927952334224
v 0.12907760307754307 -0.02460093872889265 0.48172417280459967
v 0.09721667611289941 -2.3013590907789145e-17 0.48874123511558665
v 0.06509570431313996 0.02460093872889261 0.49445096375727265
v 0.03269657306160328 0.04921526948640535 0.49885330523003196
v 3.0735027734415333e-17 0.07385620170737818 0.5019410944578349
v -0.033014236849653364 0.09853657336674938 0.5036999180638017
v -0.06636706612065801 0.12326864937764861 0.5041079154354909
v -0.10007987647404869 0.14806390040283604 0.5031355153650617
v -0.13417424672466619 0.17293275463440014 0.5007451058437361
v -0.1686716420585914 0.19788431428000747 0.4968906344653604
v -0.20359306424484225 0.22292602743426415 0.49151713690499504
v -0.23895864190542565 0.2480633046855447 0.48456019115597965
v -0.274787144606779 0.2732990681825148 0.47594529572571764
v -0.31109540170435646 0.29863321892838235 0.46558717092947544
v -0.3478976034340397 0.32406200575195926 0.45338898394588834
v -0.3852044576163721 0.34957727669344724 0.4392415006234365
v -0.42302217043827467 0.3751655904191109 0.42302217043827467
v -0.46135121402508644 0.40080716174070125 0.40459415587313474
v -0.5001848368582027 0.4264746113930397 0.38380532429915254
v -0.5395072655191266 0.45213148600026953 0.3604872298221355
v -0.5792915378175788 0.47773050980550347 0.3344541252982513
v -0.6194968982897808 0.5032115255454317 0.3055020618321855
v -0.6600656777437851 0.5284990783063692 0.2734081557784646
v -0.7009195697155113 0.5534995940627568 0.23793013306061533
v -0.7419552095977255 0.5780981050269676 0.19880629923177517
v -0.7830389587309473 0.6021544786286754 0.15575613303167535
v -0.8240007988076534 0.6254991183274965 0.10848176317703682
v -0.8646272558076498 0.6479281259421726 0.056670664390070215
v -0.9046533034249618 0.6691979513590989 1.1078807723774586e-16
v -0.9437532519169708 0.689019612390693 -0.061856856173779944
v -0.9815307205518569 0.7070526527308213 -0.12922097081940842
v -1.017507934248732 0.7228991282479195 -0.20239491202900084
v -1.0511147938870855 0.7360980806360827 -0.2816453601744501
v -1.0816784621351963 0.746121180806045 -0.36718036069257914
v -1.1084145965544152 0.7523705057731704 -0.45912035862514106
v -1.1304218533265942 0.754179745294068 -0.5574623664538394
v -1.146681861197953 0.7508204924268848 -0.6620370812374995
v -1.1560674716349717 0.7415155998897647 -0.7724595885398625
v -1.1573626155616659 0.7254617837688498 -0.8880755697983839
v -1.1492973501721708 0.7018635792086687 -1.0079067250809381
v -1.130601387286191 0.6699802035538491 -1.1306013872861909
v -1.1000782213800204 0.6291856474136092 -1.2543987983735725
v -1.0566995983269947 0.5790402305595285 -1.377117728010849
v -0.999716323701715 0.5193689300948992 -1.4961812110827444
v -0.9287765117294904 0.45033832323945183 -1.6086881071920667
v -0.8440371104984257 0.3725207155488311 -1.7115379479254202
v -0.7462503447877232 0.28693207552558103 -1.8016077033121167
v -0.6368054555703649 0.19503104023726844 -1.8759683784867964
v -0.517709444496129 0.09867039687564588 -1.9321179504178139
v -0.3914990232761784 2.780324957422039e-16 -1.968198500845024
v -0.2610883694423296 -0.09867039687564667 -1.983163055976278
v -0.1295704914947132 -0.19503104023726917 -1.97686368600882
v -3.5821766196884187e-16 -0.2869320755255805 -1.950046126051729
v 0.1248113945342591 -0.37252071554883065 -1.9042538976937147
v 0.2424593229989442 -0.45033832323945155 -1.8416613998377909
v 0.3510536884881413 -0.5193689300948996 -1.7648660719928775
v 0.4492629919812014 -0.5790402305595282 -1.676672312034256
v 0.5363021151781778 -0.6291856474136088 -1.5798950850518856
v 0.6118770616191668 -0.6699802035538496 -1.4772019006659893
v 0.6761030935356953 -0.7018635792086686 -1.371001448754749
v 0.7294118249611237 -0.7254617837688496 -1.2633783404742025
v 0.7724595885398629 -0.7415155998897645 -1.1560674716349724
v 0.8060452792618048 -0.7508204924268845 -1.0504586595928596
v 0.8310420015829956 -0.754179745294068 -0.9476217853635357
v 0.8483438045860193 -0.7523705057731702 -0.8483438045860197
v 0.8588267511981047 -0.746121180806045 -0.7531708465892755
v 0.8633224312508375 -0.7360980806360828 -0.6624506008263786
v 0.8626015749917553 -0.7228991282479194 -0.576371945445033
v 0.8573654186021957 -0.7070526527308214 -0.4950001552238545
v 0.8482427191511619 -0.6890196123906932 -0.41830701711375173
v 0.835790671053045 -0.669197951359099 -0.3461958312550821
v 0.8204983492552905 -0.6479281259421729 -0.2785216590450782
v 0.8027916462729467 -0.6254991183274964 -0.21510737330928756
v 0.7830389587309478 -0.6021544786286758 -0.15575613303167551
v 0.7615571091532775 -0.5780981050269677 -0.1002608954754661
v 0.7386171643794974 -0.5534995940627567 -0.0484115266482041
v 0.691926371618172 -0.5021382480480752 0
v 0.6686772295335333 -0.4767437034723524 0.04382742112932766
v 0.6445063588782781 -0.45122549276847457 0.08485087185728378
v 0.6195412067750332 -0.42564420439366896 0.12323440812887207
v 0.5938887617652865 -0.4000475382909642 0.1591320141089279
v 0.5676382838329257 -0.374472358896245 0.19268723294098436
v 0.5408636830413314 -0.3489464395870558 0.22403307291078245
v 0.5136255826491083 -0.32348994059236197 0.25329210677607134
v 0.4859731021633136 -0.29811665832916867 0.2805767013529065
v 0.4579453940004482 -0.27283507988675876 0.30598932960463615
v 0.42957296488239965 -0.2476492722429917 0.3296229292604035
v 0.40087881021543254 -0.2225596319417875 0.35156128107147466
v 0.37187938675610105 -0.1975635174742938 0.37187938675610094
v 0.3425854460272019 -0.172655783521988 0.3906438319428777
v 0.3130027483087066 -0.1478292335388017 0.40791312336493624
v 0.28313267464595737 -0.12307500485307132 0.42373799247403277
v 0.252972752213561 -0.09838289853092874 0.4381616597644197
v 0.2225171065533978 -0.07374166462929577 0.4512200556013527
v 0.19175685266370873 -0.04913925214778374 0.46294199437870487
v 0.16068043564315287 -0.024563031935877864 0.47334929949376114
v 0.12927393057766076 -2.2978158499402228e-17 0.4824568770099619
v 0.0975213105887597 0.024563031935877732 0.4902727360467421
v 0.06540469143283108 0.04913925214778362 0.4967979539424456
v 0.032904560748825036 0.07374166462929571 0.5020265841244972
v 3.098022712698338e-17 0.0983828985309286 0.5059455044271218
v -0.03333109264781696 0.12307500485307127 0.5085342033541101
v -0.06711176980721842 0.14782923353880156 0.5097645015254437
v -0.10136578325494057 0.17265578352198785 0.5096002053078319
v -0.13611730269651132 0.19756351747429382 0.5079966894526123
v -0.17139059294970788 0.22255963194178735 0.5049004055026146
v -0.20720963573695692 0.2476492722429917 0.5002483128505502
v -0.24359767994814382 0.2728350798867587 0.49396722972480883
v -0.2805767013529064 0.29811665832916856 0.4859731021633135
v -0.31816674921967575 0.3234899405923619 0.47617019037071256
v -0.3563851530428165 0.3489464395870558 0.46445017394929466
v -0.395245557489423 0.37447235889624503 0.450691180628285
v -0.43475674765635847 0.4000475382909642 0.4347567476563586
v -0.47492121969401047 0.42564420439366885 0.4164947314474594
v -0.5157334437605572 0.45122549276847457 0.39573619000080507
v -0.5571777571435742 0.47674370347235245 0.37229427484712324
v -0.5992258153697291 0.5021382480480752 0.345963185809086
v -0.6418335185602742 0.5273332425690187 0.3165172639515774
v -0.6849373198306503 0.5522346994241292 0.28371032724933376
v -0.7284498132946704 0.5767272712149616 0.247275391491107
v -0.7722544930233388 0.600670505122457 0.20692496775690994
v -0.8161995739164698 0.6238945778139405 0.16235218950199345
v -0.8600907750322456 0.6461955027751567 0.11323309868487413
v -0.9036829914837423 0.6673298384273845 0.05923051254907796
v -0.9466708309096197 0.6870089824723304 1.1593374029196308e-16
v -0.9886780759617886 0.7048932230049946 -0.06480138470804257
v -1.0292462695405689 0.7205858386903338 -0.13550284201752613
v -1.0678228217715562 0.733627707787641 -0.21240316542060694
v -1.1037493254452122 0.7434931067262348 -0.29574874039944055
v -1.1362511562150601 0.7495876562329897 -0.38570529411563703
v -1.164429932908 0.7512496992810488 -0.4823226706436865
v -1.187261009619018 0.7477567442968772 -0.5854923363989265
v -1.2035988163790339 0.738338923513671 -0.6948981006327505
v -1.2121934535262278 0.7222016032127854 -0.8099617706718454
v -1.211722292815727 0.6985591936833709 -0.9297872172132509
v -1.200840173332317 0.666681650881292 -1.0531085678285845
v -1.1782507589877604 0.6259539321146832 -1.1782507589877602
v -1.1427994025894301 0.5759466099644843 -1.3031129691776782
v -1.0935842368172664 0.5164929714270983 -1.4251867247594465
v -1.0300773340985396 0.4477645437840911 -1.5416196742029789
v -0.9522423637011415 0.3703338127332086 -1.6493321550498568
v -0.8606306099448019 0.2852110329460279 -1.7451862361796908
v -0.7564353585717536 0.19384270914971885 -1.8261965017224795
v -0.6414872535514569 0.09806341283786871 -1.8897605105895676
v -0.5181810269746404 2.7631663358576363e-16 -1.933877920187578
v -0.3893359975153141 -0.09806341283786683 -1.9573242360149457
v -0.25800601401731166 -0.19384270914971713 -1.9597502420798174
v -0.12726514660315014 -0.2852110329460275 -1.9416909198389631
v -3.498481688157335e-16 -0.37033381273320687 -1.9044847274022816
v 0.12126330209039539 -0.44776454378408986 -1.8501204678829408
v 0.2344783678822461 -0.5164929714270972 -1.781040027186656
v 0.33813682948328716 -0.5759466099644841 -1.6999286366035529
v 0.4312697098178158 -0.6259539321146823 -1.609520468805578
v 0.5134038120764028 -0.6666816508812918 -1.5124388593487608
v 0.5844886793037203 -0.6985591936833706 -1.411080496628579
v 0.6448094397189816 -0.722201603212785 -1.307544196259159
v 0.6948981006327505 -0.738338923513671 -1.2035988163790339
v 0.7354520270533667 -0.747756744296877 -1.1006817418520847
v 0.7672645675034943 -0.751249699281049 -0.9999186520525879
v 0.7911697193038645 -0.7495876562329897 -0.90215616118582
v 0.8080005850457714 -0.7434931067262348 -0.8080005850457718
v 0.8185601076846472 -0.7336277077876411 -0.7178579479842531
v 0.8236019951637353 -0.7205858386903338 -0.6319720382424517
v 0.8238196375936089 -0.7048932230049947 -0.5504586833384679
v 0.8198409885894536 -0.6870089824723307 -0.47333541545481045
v 0.8122276838673766 -0.6673298384273846 -0.400546367195197
v 0.8014770100810086 -0.6461955027751568 -0.3319826475057922
v 0.7880256603206945 -0.6238945778139409 -0.267498666489484
v 0.7722544930233392 -0.6006705051224571 -0.20692496775690972
v 0.7544937394407699 -0.576727271214962 -0.15007813588529473
v 0.7350282825980372 -0.5522346994241294 -0.09676830920140589
v 0.7141027640493371 -0.5273332425690187 -0.046804767961726376
v 0.6873448843787807 -0.46228522736566385 0
v 0.665961695645973 -0.43793819755872665 0.043649435634944826
v 0.6434994879503317 -0.41345461112028814 0.0847183147848715
v 0.6200837374118087 -0.38888788105909383 0.12334232418220907
v 0.5958211388016572 -0.36428046845331236 0.1596497929752959
v 0.5708019132856573 -0.3396655606539189 0.1937611404321797
v 0.5451018441839266 -0.3150685087789859 0.22578857673556801
v 0.5187840639859818 -0.29050805579391675 0.25583598825261833
v 0.4919006169097584 -0.26599738377162263 0.28399895358739197
v 0.4644938210087678 -0.24154500601392662 0.31036484864356906
v 0.43659745273074024 -0.21715552682031358 0.33501300836316544
v 0.40823777527451627 -0.1928302889507447 0.3580149202202772
v 0.37943443032561247 -0.16856792632241566 0.3794344303256124
v 0.35020121093882356 -0.14436483724249358 0.39932794746136285
v 0.3205467315847618 -0.12021559152086103 0.4177446337825811
v 0.2904750097528897 -0.09611328312418951 0.43472657350648886
v 0.2599859720460295 -0.0720498386122262 0.45030891283890484
v 0.22907589643273327 -0.048016290422176484 0.4645199657964422
v 0.19773780125574983 -0.02400302311982049 0.4773812815854668
v 0.16596179073267614 -2.245469429737739e-17 0.48890766988277107
v 0.13373536603188968 0.024003023119820523 0.4991071807998334
v 0.1010437105662062 0.048016290422176526 0.507981036560422
v 0.06786995792359406 0.07204983861222616 0.515523512028622
v 0.03419545085729062 0.09611328312418956 0.5217217612332273
v 3.224223070864111e-17 0.12021559152086107 0.5265555869837639
v -0.0347378485326525 0.14436483724249358 0.5299971506018177
v -0.07004052670019678 0.1685679263224156 0.5320106187404563
v -0.10593112820736098 0.19283028895074455 0.5325517442823124
v -0.14243304977890642 0.21715552682031358 0.5315673784518656
v -0.17956957566761048 0.24154500601392645 0.5289949116233774
v -0.21736338869383395 0.2659973837716226 0.5247616409480287
v -0.2558359882526183 0.2905080557939167 0.5187840639859819
v -0.29500699225484084 0.31506850877898585 0.5109670991734628
v -0.3348932958139509 0.33966556065391884 0.5012032363931975
v -0.3755080545718349 0.36428046845331236 0.4893716244242553
v -0.41685945480951303 0.3888878810590939 0.47533710698112086
v -0.4589492258694461 0.41345461112028814 0.4589492258694462
v -0.5017708429341943 0.43793819755872665 0.440041219069324
v -0.5453073599539985 0.46228522736566374 0.4184290540362605
v -0.5895288037243462 0.48642938326594787 0.3939105530867273
v -0.6343890512291234 0.5102891828189181 0.3662646894980856
v -0.6798221041538449 0.5337653754467919 0.33525116117844544
v -0.7257376681777652 0.5567379678939324 0.3006103848842554
v -0.7720159421879105 0.5790628573550958 0.2620640994861081
v -0.8185015267696315 0.6005680672010848 0.21931682310156395
v -0.8649963763159527 0.621049605852144 0.172058476987832
v -0.9112517505740353 0.6402670087394963 0.11996856889395842
v -0.9569591770961507 0.6579386811947461 0.06272241823970258
v -1.0017405257958207 0.673737242036011 1.2267783284920385e-16
v -1.0451374327240126 0.6872851794341435 -0.06850192645855965
v -1.0866005059006927 0.6981512775422056 -0.14305367048155426
v -1.125479014949206 0.7058484570599186 -0.22387169529967219
v -1.1610121179677548 0.7098338925401178 -0.31109225941220675
v -1.1923231131428194 0.7095125108727592 -0.4047391586975686
v -1.2184186992083024 0.7042452098152546 -0.5046855498610633
v -1.2381957357645195 0.6933633102095219 -0.6106105636237377
v -1.2504584122916413 0.6761907888515905 -0.7219525009470114
v -1.2539489044901926 0.6520756186130688 -0.8378618710226533
v -1.2473942987201156 0.6204309356295755 -0.957159310059033
v -1.2295715427588199 0.5807856358132492 -1.0783053025651768
v -1.1993902023585294 0.5328423124108681 -1.199390202358529
v -1.1559897734415745 0.4765382593894943 -1.318153704486732
v -1.0988444087230496 0.4121028778891221 -1.4320419142525698
v -1.0278637734628182 0.34010279216780986 -1.5383068465995486
v -0.943475407587999 0.26146507181273854 -1.6341473416341672
v -0.8466727791645224 0.17746994201484162 -1.7168825552703733
v -0.7390153599822246 0.08970769705592713 -1.7841409048711185
v -0.6225729994731807 2.5270310086294656e-16 -1.8340409148431234
v -0.4998158624338275 -0.08970769705592663 -1.8653381930319017
v -0.37346120030269997 -0.17746994201484112 -1.8775162410584811
v -0.24629650481144516 -0.26146507181273804 -1.8708076893713639
v -0.12100271614875903 -0.3401027921678105 -1.8461446947021491
v -3.3158218238996826e-16 -0.41210287788912187 -1.8050493286218179
v 0.11466721530589784 -0.476538259389493 -1.7494836308715755
v 0.22139772982688222 -0.5328423124108679 -1.6816827168805568
v 0.31905401367749897 -0.5807856358132489 -1.6039928430821506
v 0.40694276416930747 -0.620430935629575 -1.5187310716523783
v 0.4847665620161579 -0.6520756186130686 -1.428076241079856
v 0.5525585221339262 -0.6761907888515907 -1.3339942781405576
v 0.6106105636237376 -0.6933633102095216 -1.2381957357645195
v 0.6594034483567356 -0.7042452098152546 -1.142120275239986
v 0.6995439358937805 -0.7095125108727593 -1.0469414856963302
v 0.7317118735149929 -0.7098338925401176 -0.9535854791739139
v 0.7566180827924084 -0.7058484570599186 -0.8627575707224617
v 0.7749725840511669 -0.6981512775422056 -0.7749725840511674
v 0.7874619426742382 -0.6872851794341437 -0.6905855892278594
v 0.7947341922452127 -0.6737372420360112 -0.6098209939794114
v 0.797389748630067 -0.6579386811947461 -0.5327987961304502
v 0.7959768576001638 -0.6402670087394965 -0.45955745300416756
v 0.790990328814252 -0.6210496058521441 -0.3900732626897458
v 0.7828725429331239 -0.600568067201085 -0.3242764248924137
v 0.7720159421879107 -0.5790628573550959 -0.26206409948610826
v 0.7587664107010027 -0.5567379678939323 -0.2033108469911952
v 0.7434271130900921 -0.5337653754467919 -0.14787684703897536
v 0.7262624886111024 -0.5102891828189181 -0.09561427052968935
v 0.7075021968312974 -0.48642938326594765 -0.04637214392971131
v 0.6968906374186604 -0.41398708646269466 0
v 0.6773083785902712 -0.3914307555021729 0.04439313652658073
v 0.6564211519807891 -0.36868158932714207 0.08641948412746644
v 0.6343565108827415 -0.34579018548520907 0.12618135534238586
v 0.6112247077803497 -0.3227978226277623 0.16377716684369362
v 0.5871205728208154 -0.29973778815739 0.19930057891033057
v 0.5621252065730954 -0.27663653418176676 0.2328398843143538
v 0.5363074960606244 -0.25351468138195365 0.2644775886285986
v 0.5097254659761757 -0.23038788942460875 0.2942901349941524
v 0.482427478522668 -0.20726761121873974 0.3223477354941181
v 0.4544532959097647 -0.18416174683323697 0.3487142787275509
v 0.42583501949476077 -0.1610752113812504 0.37344728921496695
v 0.39659791912263936 -0.1380104297250466 0.3965979191226393
v 0.3667611655637497 -0.1149677695114508 0.418210956668262
v 0.3363384781893199 -0.09194592284248522 0.4383248386391202
v 0.305338699250526 -0.06894224583291107 0.4569716568631217
v 0.27376630539635877 -0.04595306441135304 0.47417715034691094
v 0.24162186642168587 -0.02297395398435251 0.489960676237415
v 0.2089024607103879 -2.1492729342450928e-17 0.5043351538601311
v 0.1756020564524985 0.022973953984352466 0.5173069769119469
v 0.14171186748786127 0.045953064411353 0.5288758895001664
v 0.10722069257923886 0.06894224583291102 0.5390348221766922
v 0.07211524706258936 0.09194592284248518 0.547769684465853
v 0.036380496180632084 0.11496776951145074 0.5550591106726509
v 3.434363699546439e-17 0.13801042972504654 0.5608741560321844
v -0.03704371933181407 0.16107521138125036 0.5651779405710879
v -0.0747687760855441 0.18416174683323694 0.5679252384551984
v -0.11319347182608754 0.2072676112187396 0.5690620111621245
v -0.15233578344455698 0.23038788942460875 0.5685248836258964
v -0.19221277087449684 0.2535146813819535 0.5662405636567934
v -0.23283988431435373 0.27663653418176665 0.5621252065730954
v -0.2742301475738293 0.29973778815739 0.5560837292576282
v -0.31639319042155456 0.32279782262776213 0.5480090809789474
v -0.35933409851311376 0.34579018548520896 0.5377814825569349
v -0.4030520446267266 0.36868158932714207 0.525267651133076
v -0.4475386595795607 0.3914307555021728 0.5103200353317315
v -0.4927760954641503 0.41398708646269466 0.49277609546415035
v -0.5387347279658963 0.43628914647247075 0.4724576762228969
v -0.5853704388969256 0.45826293141528274 0.44917053573070026
v -0.6326214153418113 0.47981991075657826 0.4227041156216705
v -0.680404398920409 0.5008548294010022 0.3928316628745036
v -0.7286103190483479 0.5212432653054858 0.359310846197902
v -0.7770992497350511 0.540838951612258 0.32188504855021505
v -0.8256946431979331 0.5594708914921395 0.2802855631542141
v -0.8741768191452499 0.576940321965451 0.23423497273197758
v -0.9222757308652326 0.5930176221912442 0.18345204900320805
v -0.9696630943266102 0.6074393148117703 0.12765856818642085
v -1.0159440614925572 0.6199053785545883 0.06658849181679957
v -1.0606487517200989 0.6300771784097158 1.2989200988136549e-16
v -1.1032241327164527 0.6375764266437105 -0.07230912991957404
v -1.1430269698179194 0.6419857108574569 -0.1504823553862822
v -1.179318838344285 0.642851256133243 -0.23458110203049004
v -1.2112645068695138 0.6396887109875754 -0.32455734643616774
v -1.2379353209005015 0.631992834429034 -0.42022241687707496
v -1.2583194940002778 0.619251973836414 -0.5212130002133654
v -1.2713413638890607 0.6009681072173572 -0.6269561785262897
v -1.2758915797919195 0.576682916243838 -0.7366363470496419
v -1.2708697163763878 0.5460097983850523 -0.8491679960612599
v -1.2552398230845516 0.508670881242315 -0.9631793926387113
v -1.228097827967965 0.4645369877552504 -1.0770128893804332
v -1.1887475491457489 0.413667223608072 -1.1887475491457484
v -1.1367795370294327 0.35634363741222425 -1.2962486280989514
v -1.0721445192233172 0.2930955678077714 -1.397245940804462
v -0.995211496551859 0.22470822014841355 -1.4894392608104579
v -0.9068002683234718 0.15221102932360783 -1.570624137053342
v -0.8081799133113108 0.07684357551931315 -1.638826744912379
v -0.7010286470955115 2.1637398030772643e-16 -1.692432867430043
v -0.5873560073962362 -0.07684357551931273 -1.7302950016386034
v -0.4693943590923806 -0.1522110293236074 -1.7518035969189956
v -0.3494718035579224 -0.2247082201484132 -1.756913399411186
v -0.22988141977341472 -0.29309556780777113 -1.746122739683011
v -0.1127616756849118 -0.35634363741222397 -1.7204107143801437
v -3.088209418553582e-16 -0.4136672236080718 -1.6811429062396952
v 0.10683318461039579 -0.46453698775524954 -1.6299594196228406
v 0.20651791088451465 -0.5086708812423141 -1.5686592709524625
v 0.2981881460728594 -0.5460097983850519 -1.4990930428358769
v 0.38131103186239407 -0.5766829162438378 -1.4230721443969725
v 0.45564913426616516 -0.600968107217357 -1.342299064951652
v 0.5212130002133656 -0.6192519738364142 -1.258319494000277
v 0.5782103394987093 -0.6319928344290338 -1.1724945806594702
v 0.6269966460690869 -0.6396887109875753 -1.085990047166939
v 0.6680304597903124 -0.642851256133243 -0.9997782357582587
v 0.7018350274947975 -0.6419857108574568 -0.9146492153799257
v 0.7289669893046213 -0.6375764266437104 -0.8312275415202809
v 0.749991924798329 -0.6300771784097159 -0.7499919247983293
v 0.7654661093002335 -0.6199053785545882 -0.6712957610749467
v 0.7759235887058601 -0.6074393148117702 -0.5953871102234937
v 0.7818676112913202 -0.5930176221912442 -0.5224272355458501
v 0.78376549438352 -0.5769403219654511 -0.4525072191638659
v 0.7820461037697006 -0.5594708914921397 -0.38566245901963064
v 0.7770992497350511 -0.5408389516122581 -0.32188504855021555
v 0.7692764333419938 -0.5212432653054858 -0.26113416154116786
v 0.7588924971091272 -0.500854829401002 -0.20334463174242867
v 0.7462278393035717 -0.47981991075657854 -0.14843394612048083
v 0.7315309385745344 -0.458262931415283 -0.09630787512578938
v 0.7150210060862239 -0.4362891464724708 -0.046864952724526454
v 0.7143515213098334 -0.36294704281649687 0
v 0.6965542587554269 -0.3424655588087127 0.04565457815753214
v 0.6771955712282888 -0.3217306143332194 0.08915448830732743
v 0.656404597937846 -0.3007909693400612 0.13056699253470952
v 0.6342948716340157 -0.2796875933496875 0.16995879861753715
v 0.6109657595885151 -0.25845468094367613 0.20739492911201882
v 0.586503801385615 -0.23712055507400448 0.2429378289172978
v 0.5609839404529553 -0.2157084684094113 0.2766466643113924
v 0.5344706504750879 -0.19423731320461232 0.30857677392574634
v 0.5070189607302805 -0.17272225003329533 0.33877923858001735
v 0.47867538631506307 -0.15117526532475264 0.3673005424008027
v 0.44947877043777323 -0.1296056670994314 0.39418230228885165
v 0.41946104667895096 -0.10802052769070013 0.4194610466789509
v 0.38864792949230975 -0.08642508162465504 0.4431680277552894
v 0.3570595413773454 -0.06482308624502954 0.46532905393800084
v 0.3247109851869525 -0.04321715214172469 0.4859643316315813
v 0.29161287001241387 -0.021609049985664996 0.5050883070024793
v 0.257771799069436 -2.0216728930687227e-17 0.522709500002689
v 0.22319082803637058 0.021609049985664954 0.5388303240426869
v 0.18786990240507395 0.043217152141724655 0.5534468856986358
v 0.15180628262620213 0.06482308624502964 0.5665487596691469
v 0.11499496619091881 0.086425081624655 0.5781187349272827
v 0.07742911631503167 0.1080205276907001 0.5881325286945753
v 0.03910050760376834 0.12960566709943136 0.5965584655481135
v 3.694496827013871e-17 0.15117526532475262 0.6033571197158435
v -0.03988194651990398 0.17272225003329547 0.6084809194828164
v -0.08055470261615061 0.19423731320461218 0.6118737136959785
v -0.12202683002921287 0.2157084684094113 0.6134703017047904
v -0.16430535419591508 0.23712055507400448 0.6131959298147551
v -0.20739492911201868 0.2584546809436761 0.6109657595885151
v -0.2512968718737179 0.27968759334968746 0.606684316259464
v -0.29600804138934517 0.3007909693400612 0.6002449293133162
v -0.3415195325587356 0.32173061433321926 0.5915291821689037
v -0.38781515386119814 0.3424655588087126 0.5804063941176728
v -0.4348696529271277 0.36294704281649687 0.5667331655732817
v -0.48264665153550895 0.38311737897750575 0.5503530275925949
v -0.531096248946465 0.40290868644738814 0.5310962489464651
v -0.5801522510792538 0.4222414913955465 0.50877986914877
v -0.6297289835396265 0.4410231943951492 0.48320804418251423
v -0.6797176499328692 0.45914641233589587 0.45417281350185124
v -0.7299822046796504 0.47648721281040873 0.42145542237543254
v -0.7803547235292952 0.4929032732813941 0.3848283625903949
v -0.8306302774917425 0.5082320167293234 0.3440583262548072
v -0.880561349873479 0.5222888009973154 0.2989103004050358
v -0.9298518848884992 0.5348652717324521 0.2491530616364309
v -0.9781511236352319 0.5457280294613015 0.1945663556573569
v -1.0250474727471741 0.5546178101429661 0.13495005993281356
v -1.070062765659053 0.5612494346581889 0.07013561909094516
v -1.1126474172303122 0.5653128435153175 1.3626000980906713e-16
v -1.1521771369315132 0.5664755933742962 -0.07551767933103805
v -1.1879520455943433 0.5643872430149569 -0.15639685381655147
v -1.2191992189095846 0.5586860848119533 -0.2425138029407355
v -1.245079828983495 0.5490086653224004 -0.33361813468840723
v -1.2647021312096904 0.535002462381416 -0.4293085246327172
v -1.277141491646605 0.516341920873887 -0.5290093269094285
v -1.2814684045495355 0.4927477721327272 -0.6319502823072358
v -1.2767849460372263 0.464009159788141 -0.7371521322918546
v -1.262269302608718 0.4300075756151414 -0.843421383304436
v -1.2372269019182576 0.39074101261874 -0.9493575920954764
v -1.201145331309885 0.3463461506672806 -1.0533761841924059
v -1.1537488267473328 0.29711592548225785 -1.1537488267473324
v -1.0950469183907103 0.24350964490759394 -1.248661696864439
v -1.0253711609835785 0.1861530515196644 -1.336289713573443
v -0.9453940785864011 0.12582647829001106 -1.4148822260022382
v -0.8561257183472331 0.06344049026708361 -1.4828532418438083
v -0.7588855189040509 1.785554069199135e-16 -1.5388676014119165
v -0.6552502568662949 -0.0634404902670824 -1.5819140568750607
v -0.5469820898609341 -0.1258264782900107 -1.611357275918238
v -0.4359434946356151 -0.1861530515196641 -1.6269632712092468
v -0.32400760123000083 -0.24350964490759364 -1.628896209412543
v -0.21297270106924895 -0.29711592548225757 -1.6176882700449313
v -0.10448856597692135 -0.34634615066728097 -1.5941874519426416
v -2.864737352773322e-16 -0.39074101261873984 -1.559490379739347
v 0.09928969273229445 -0.4300075756151408 -1.5148679741286362
v 0.1924353218298945 -0.4640091597881407 -1.4616913872230128
v 0.27874866981666563 -0.49274777213272697 -1.4013641961468712
v 0.35778316295230256 -0.5163419208738866 -1.3352649422306906
v 0.4293085246327172 -0.5350024623814158 -1.2647021312096904
v 0.4932795143851467 -0.5490086653224004 -1.1908820936694344
v 0.5498023231199517 -0.5586860848119531 -1.1148888220349256
v 0.5991014184834446 -0.5643872430149569 -1.0376740956999095
v 0.6414887972012826 -0.5664755933742961 -0.9600558305767936
v 0.677336831695987 -0.5653128435153175 -0.8827225450260838
v 0.7070552660308239 -0.5612494346581888 -0.8062420097546713
v 0.7310724451315473 -0.5546178101429661 -0.7310724451315477
v 0.7498205439797258 -0.5457280294613016 -0.6575749685386457
v 0.7637243759042257 -0.5348652717324522 -0.5860263250087011
v 0.7731932709526188 -0.5222888009973154 -0.5166312266334881
v 0.778615497093046 -0.5082320167293236 -0.449533866841885
v 0.7803547235292955 -0.4929032732813942 -0.3848283625903951
v 0.7787480771971232 -0.476487212810409 -0.32256801524701906
v 0.7741054065567446 -0.459146412335896 -0.2627733770648522
v 0.7667094318155845 -0.4410231943951492 -0.20543917308431076
v 0.7568165220717471 -0.42224149139554673 -0.15054016607733078
v 0.7446578945676449 -0.4029086864473882 -0.09803607166800221
v 0.7304410780750098 -0.3831173789775057 -0.04787563763953173
v 0.7325880728585555 -0.3152011572496138 0
v 0.716527416206304 -0.2966247441229649 0.046963688060216606
v 0.6986639759480437 -0.2777562034770321 0.09198085740790021
v 0.6791250791832341 -0.25864165686526586 0.13508637724723477
v 0.6580243912232784 -0.2393208540615282 0.17631710422825858
v 0.6354629564589879 -0.21982793775299836 0.21571060691991537
v 0.611530201974231 -0.2001921392496803 0.2533041034584846
v 0.5863048934041895 -0.18043840961730542 0.28913357644204735
v 0.5598560371088104 -0.1605879914672969 0.3232330337322087
v 0.532243726202739 -0.14065893708968102 0.3556338880152383
v 0.5035199305917534 -0.1206665788048461 0.38636443172834534
v 0.4737292331110996 -0.10062395742401976 0.4154493872700434
v 0.4429095153059495 -0.08054221461148749 0.4429095153059494
v 0.4110925974708092 -0.06043095478264229 0.4687612664858993
v 0.3783048383801457 -0.04029858198690125 0.4930164640455974
v 0.3445677007831693 -0.020152617039512526 0.515682006620489
v 0.3098982892715132 -8.722836503125161e-17 0.5367595821969378
v 0.27430986761629395 0.020152617039512422 0.5562453855120643
v 0.2378123631573919 0.04029858198690115 0.5741298324345712
v 0.20041286635155134 0.06043095478264212 0.5903972659604009
v 0.16211613417983017 0.08054221461148739 0.6050256494857796
v 0.12292510680698715 0.10062395742401967 0.6179862440245543
v 0.08284144769960879 0.120666578804846 0.6292432670684084
v 0.041866118366457164 0.1406589370896809 0.6387535319040804
v 3.9584630013883784e-17 0.16058799146729671 0.6464660674644174
v -0.042755424416231855 0.18043840961730528 0.652321720272179
v -0.08639731250922605 0.20019213924968013 0.6562527418203551
v -0.13092061277108782 0.2198279377529982 0.6581823669174057
v -0.17631710422825864 0.23932085406152812 0.6580243912232784
v -0.2225743051903033 0.2586416568652656 0.6556827595434164
v -0.2696742287969061 0.27775620347703206 0.6510511805839959
v -0.3175919611875963 0.29662474412296475 0.6440127889727931
v -0.3662940364292775 0.3152011572496136 0.6344398816049942
v -0.41573658107196315 0.3334321127870819 0.6221937629831488
v -0.46586320067221315 0.3512561623567866 0.6071247433890423
v -0.5166025812497314 0.36860275839319234 0.5890723446405631
v -0.5678657809921587 0.38539120834080404 0.5678657809921588
v -0.6195431923385035 0.40152957582379134 0.5433247974882622
v -0.67150116280241 0.4169135483501723 0.515260964677543
v -0.7235782757251951 0.4314253011298825 0.4834795467020557
v -0.7755813110023484 0.44493239939550167 0.4477820786856486
v -0.8272809323594968 0.457286797623212 0.4079698078359986
v -0.8784071837770907 0.4683240135580961 0.36384816880642684
v -0.9286449250022846 0.47786257802363125 0.3152324747638859
v -0.9776293963176623 0.4857038878152119 0.2619550072402439
v -1.0249421767668816 0.4916326175913763 0.20387367480796065
v -1.070107887485637 0.4954178757201781 0.14088237607545606
v -1.1125920901344695 0.4968153154029726 0.07292313828825685
v -1.1518009339570399 0.4955704313992301 1.410549327025421e-16
v -1.1870832035690446 0.49142327780791406 -0.07780554381172132
v -1.2177354975586183 0.4841148252736724 -0.1603179196544225
v -1.2430113034590242 0.473395126882295 -0.2472503210507091
v -1.262134699832475 0.45903337069781397 -0.33818797355940855
v -1.274319279412372 0.4408297547241656 -0.43257310654823783
v -1.278792617530229 0.418628922878387 -0.5296932456436108
v -1.2748261847490034 0.3923344524365582 -0.628674701993909
v -1.261770017816764 0.36192360075500674 -0.7284832594419078
v -1.2390907453540108 0.32746123367693175 -0.8279339664890512
v -1.2064107812663736 0.2891116175632059 -0.9257115510544701
v -1.1635457610382867 0.2471466207620701 -1.020402246045572
v -1.1105367511565374 0.20194889984200862 -1.110536751156537
v -1.0476735699571085 0.15400888880647656 -1.1946427460342923
v -0.9755058540814596 0.10391488199762662 -1.2713039803940882
v -0.8948393534134469 0.052336173008201925 -1.3392217329784248
v -0.8067162958133215 1.4724829142339884e-16 -1.3972736116424351
v -0.7123803653528127 -0.052336173008201634 -1.4445644788512988
v -0.6132286159128261 -0.10391488199762496 -1.4804648413720238
v -0.5107541815339454 -0.15400888880647565 -1.5046332994735359
v -0.40648466275952994 -0.20194889984200834 -1.5170214139160672
v -0.30192138663502194 -0.2471466207620699 -1.5178613105476397
v -0.19848432915668032 -0.28911161756320575 -1.5076381595033466
v -0.09746647495852706 -0.32746123367693164 -1.487051046315294
v -2.676404075723889e-16 -0.3619236007550065 -1.4569665188838152
v 0.09296482973116377 -0.3923344524365579 -1.4183692123991858
v 0.18066850182471603 -0.4186289228783869 -1.3723135157749817
v 0.26254034044145935 -0.4408297547241655 -1.3198794217775134
v 0.33818797355940866 -0.4590333706978135 -1.2621346998324756
v 0.4073805926057397 -0.47339512688229485 -1.2001045265120776
v 0.47002835767670725 -0.4841148252736724 -1.134748835803058
v 0.5261600242883081 -0.49142327780791406 -1.066946982602468
v 0.5759004669785202 -0.4955704313992301 -0.997488868909439
v 0.6194493353485508 -0.49681531540297263 -0.9270714449619492
v 0.6570616603696766 -0.4954178757201781 -0.8562994273149336
v 0.6890308699300223 -0.49163261759137633 -0.78568912508626
v 0.7156743890774185 -0.4857038878152119 -0.715674389077419
v 0.7373217937445045 -0.4778625780236314 -0.6466138587655315
v 0.7543053491953597 -0.4683240135580963 -0.5787988516144936
v 0.7669526837427793 -0.45728679762321217 -0.512461399571801
v 0.7755813110023483 -0.4449323993955018 -0.4477820786856492
v 0.7804947075167625 -0.43142530112988237 -0.38489739505353204
v 0.7819796663904338 -0.41691354835017264 -0.3239065833189066
v 0.780304673300123 -0.4015295758237917 -0.2648777445627221
v 0.7757190827751796 -0.38539120834080426 -0.20785330178302056
v 0.7684529057504553 -0.3686027583931924 -0.15285478670260066
v 0.7587170513771256 -0.3512561623567866 -0.09988699477594319
v 0.7467038953556222 -0.33343211278708185 -0.04894155899923456
v 0.7446575797481969 -0.27625123300561366 0
v 0.7301594789496417 -0.25900996061070464 0.04785718065772956
v 0.7136800494212397 -0.24146908456516666 0.09395776098460232
v 0.6953407409851523 -0.22367114852571007 0.13831187292488223
v 0.675251199581175 -0.20565348301228242 0.18093301361592268
v 0.6535100107461477 -0.1874488007461665 0.22183675635763034
v 0.6302054461589254 -0.16908574818519828 0.26103964288041426
v 0.6054162001469047 -0.15058941507860982 0.2985582299476986
v 0.579212107306206 -0.1319818047632238 0.3344082660711284
v 0.5516548357868232 -0.1132822685241424 0.368603976777634
v 0.5227985534987303 -0.0945079077246646 0.40115743937593806
v 0.492690566646171 -0.0756739476338458 0.43207803048725624
v 0.46137193171579094 -0.056794086994379836 0.46137193171579083
v 0.4288780434320514 -0.037880827415830653 0.4890416807407446
v 0.39523920233629295 -0.018945786677225268 0.5150857568261762
v 0.3604811666156371 -1.7726610258690294e-17 0.5394981912893407
v 0.32462569366449723 0.018945786677225233 0.5622681948691992
v 0.28769107765469165 0.03788082741583075 0.5833797952258195
v 0.24969269016150356 0.056794086994379926 0.6028114790133249
v 0.21064353167690614 0.07567394763384584 0.6205358341421966
v 0.1705548026656684 0.09450790772466464 0.6365191890231583
v 0.12943650370742033 0.11328226852414236 0.6507212468110077
v 0.08729807523434861 0.13198180476322374 0.6630947139942924
v 0.044149088429829376 0.15058941507860996 0.6735849241637131
v 4.1768382959297203e-17 0.16908574818519834 0.6821294595042093
v -0.04513701523977482 0.1874488007461665 0.688657774567273
v -0.09124713872903122 0.20565348301228245 0.6930908292754423
v -0.13831187292488217 0.22367114852571007 0.6953407409851523
v -0.1863078786287454 0.2414690845651667 0.6953104688928534
v -0.23520566588498282 0.2590099606107046 0.6928935482280958
v -0.2849681185547206 0.2762512330056138 0.6879738966587505
v -0.33554883219455256 0.2931445052868721 0.6804257212622966
v -0.3868902450681436 0.30963484546273473 0.6701135614107993
v -0.4389215433078143 0.3256600639786994 0.6568925110725053
v -0.4915563238367052 0.34114995939823645 0.6406086734045426
v -0.5446900031851626 0.3560255431227175 0.6210999110812638
v -0.598196967438876 0.37019825999470785 0.5981969674388761
v -0.651927469027302 0.3835692285865962 0.5717250459153835
v -0.705704290817485 0.39602853357713547 0.5415059478768093
v -0.7593192180481503 0.40745461302374636 0.5073608808613601
v -0.8125293851038484 0.4177137956204901 0.4691140592141879
v -0.8650535980234138 0.4266600571058136 0.4265972251371689
v -0.9165687757803953 0.4341350805187332 0.37965521777594424
v -0.9667067041171157 0.4399687213030644 0.3281527077843324
v -1.015051354586683 0.4439799941336392 0.27198219073761914
v -1.0611370866964482 0.4459787119470741 0.21107329002914427
v -1.1044481190334554 0.44576791638294355 0.14540335332645588
v -1.1444197198954948 0.4431472391976275 0.07500923135599578
v -1.1804416201205274 0.4379173218913704 1.44562405166092e-16
v -1.2118641779991646 0.4298853908746364 -0.07942977468780724
v -1.2380078126469876 0.41887203298847825 -0.162986820567685
v -1.258176150038839 0.4047191368768832 -0.2502667965848494
v -1.2716731769973857 0.38729885746966114 -0.34074380081276906
v -1.2778244581768272 0.36652332529058856 -0.4337629544079096
v -1.2760021333095772 0.3423546665798729 -0.5285373892338286
v -1.2656529847952924 0.3148147384007435 -0.6241509803946658
v -1.2463283770767895 0.2839938365571039 -0.719568024003954
v -1.217714370410817 0.2500575311695297 -0.8136507293958559
v -1.1796598760618813 0.213250755892951 -0.905184859538196
v -1.132200435697015 0.17389834975972565 -0.9929131334964264
v -1.0755751625998202 0.1324014426419817 -1.0755751625998198
v -1.0102346429985085 0.08922938524593144 -1.1519518318097117
v -0.9368381859832343 0.044907327810097084 -1.2209112942198785
v -0.85623969406025 1.2631639666887267e-16 -1.2814532603535056
v -0.7694625031588642 -0.04490732781009622 -1.332748149990279
v -0.6776646591710868 -0.08922938524593119 -1.3741679906163613
v -0.5820970834131353 -0.13240144264198087 -1.4053066733938118
v -0.4840577727412118 -0.1738983497597254 -1.4259882152076222
v -0.38484547447170675 -0.21325075589295078 -1.4362628637913617
v -0.2857161405926061 -0.250057531169529 -1.4363920371389867
v -0.18784494843308563 -0.2839938365571038 -1.4268240396152534
v -0.09229588757890171 -0.31481473840074325 -1.4081631274056559
v -2.5371033883852343e-16 -0.34235466657987274 -1.381134756650742
v 0.08825753407607428 -0.3665233252905881 -1.346549759277537
v 0.17184203281895685 -0.38729885746966086 -1.305269827523645
v 0.2502667965848493 -0.4047191368768832 -1.258176150038839
v 0.3231848914469721 -0.41887203298847814 -1.2061424351187346
v 0.3903768000909699 -0.42988539087463634 -1.150012969046559
v 0.45173545089433115 -0.4379173218913704 -1.0905858521538188
v 0.5072499600751106 -0.44314723919762733 -1.0286011656993683
v 0.5569891791577096 -0.44576791638294355 -0.9647335575672369
v 0.6010858750646332 -0.4459787119470741 -0.8995885844785589
v 0.6397221156301326 -0.44397999413363926 -0.8337020926568447
v 0.6731162098819831 -0.43996872130306436 -0.7675419333204409
v 0.7015113702286202 -0.4341350805187333 -0.7015113702286205
v 0.7251661250017103 -0.4266600571058138 -0.6359536233861641
v 0.7443464117103126 -0.41771379562049016 -0.5711570901106217
v 0.7593192180481503 -0.40745461302374636 -0.5073608808613601
v 0.7703476022213143 -0.3960285335771356 -0.44476039551205904
v 0.7776869096457523 -0.3835692285865963 -0.3835127423762229
v 0.7815820033569955 -0.3701982599947081 -0.323741865897202
v 0.7822653354864094 -0.35602554312271756 -0.26554329969204943
v 0.7799557029142602 -0.3411499593982363 -0.2089885007279246
v 0.7748575487718484 -0.3256600639786996 -0.15412874940820753
v 0.7671606907769308 -0.3096348454627349 -0.10099862099165491
v 0.7570403760987745 -0.293144505286872 -0.04961904774046379
v 0.7447711606397073 -0.24958334472508242 0
v 0.7315352693830893 -0.23281852594285515 0.04794735472684579
v 0.716239969602532 -0.21577497928046913 0.09429478087009381
v 0.6989976952947154 -0.19849115234581927 0.13903928636399665
v 0.6799104114364176 -0.18100106732588886 0.18218144566990047
v 0.6590701998122386 -0.1633348293633055 0.22372418621620047
v 0.6365598617044104 -0.14551910120435932 0.2636717279803086
v 0.6124535251595195 -0.1275775455618513 0.3020286545891653
v 0.58681724824991 -0.1095312373814407 0.3387990962422009
v 0.5597096127759809 -0.09139904871763423 0.37398600669499316
v 0.5311823053309134 -0.07319800927282431 0.4075905184172902
v 0.5012806846792568 -0.054943645875952414 0.43961136181660204
v 0.4700443360792842 -0.03665030431281251 0.47004433607928414
v 0.4375076145872034 -0.0183314569959489 0.49888182072090204
v 0.40370018058859986 -1.715215791473758e-17 0.5261123183636401
v 0.3686475318678905 0.018331456995948864 0.5517200205858945
v 0.3323715374999905 0.03665030431281248 0.5756843899397678
v 0.29489097977174084 0.054943645875952435 0.5979797524331527
v 0.2562221112487082 0.07319800927282434 0.6185748959564992
v 0.21637923502402934 0.0913990487176342 0.6374326713370767
v 0.17537531714200694 0.10953123738144066 0.6545095939674751
v 0.1332226411955556 0.12757754556185127 0.6697554453277283
v 0.08993351616151789 0.14551910120435932 0.6831128752556828
v 0.04552104966080166 0.16333482936330554 0.6945170075789535
v 4.310114122693441e-17 0.18100106732588886 0.7038950537729425
v -0.0466122784572552 0.19849115234581927 0.7111659417301679
v -0.09429478087009367 0.21577497928046913 0.7162399696025321
v -0.14302167164764282 0.23281852594285515 0.7190184981040507
v -0.1927609606166652 0.24958334472508245 0.7193936987371776
v -0.24347301733335078 0.26602602009398985 0.7172483802341817
v -0.29510890514816457 0.282097592988712 0.7124559211857742
v -0.3476085172713341 0.2977429550661787 0.7048803434491727
v -0.4008984987693309 0.3129002182636057 0.6943765685465706
v -0.4548899415443539 0.3275000684119844 0.680790907893848
v -0.5094758444004805 0.34146511578909344 0.6639618472724044
v -0.5645283378774326 0.35470926069731795 0.6437211962917815
v -0.6198956843374227 0.3671370985357351 0.6198956843374228
v -0.6753990786183534 0.3786433965248172 0.5923090950752906
v -0.7308292942766421 0.3891126832949482 0.5607850411040853
v -0.7859432458948933 0.3984190029250499 0.5251504875239223
v -0.8404605698795299 0.4064258965146466 0.4852401362632128
v -0.8940603651124205 0.41298668655911236 0.44090177965106797
v -0.946378280743388 0.4179451515206912 0.39200271901924394
v -0.9970041905055227 0.4211366888767313 0.3384373185717324
v -1.045480749195001 0.42239007290007774 0.28013572244908597
v -1.0913031837320193 0.4215299162245387 0.21707369980509422
v -1.1339207227648587 0.4183799390232012 0.1492834952180987
v -1.1727401068927752 0.41276713304158547 0.07686544758806518
v -1.2071316354829071 0.4045268762132305 1.4783098935436517e-16
v -1.2364381827019315 0.39350900382272247 -0.08104044005126454
v -1.2599875404869918 0.3795847718371577 -0.16588050663411277
v -1.277108306128775 0.36265455674648245 -0.25403263657229974
v -1.2871493169502466 0.34265602681916035 -0.3448906200150892
v -1.2895023417679166 0.31957239914086366 -0.4377270617274156
v -1.2836273777856033 0.2934402772372847 -0.5316958689122093
v -1.2690794973099488 0.2643564625536303 -0.6258407493685076
v -1.2455357837670105 0.23248307033532062 -0.7191104200431953
v -1.2128205494858275 0.19805027814051518 -0.8103807827959753
v -1.1709268067423875 0.16135611144714843 -0.8984837397614578
v -1.1200319349143284 0.12276283503934741 -0.9822416447201011
v -1.060505699518817 0.08268976696334615 -1.0605056995188165
v -0.9929092498721847 0.04160264326390163 -1.1321960072723012
v -0.9179844232628637 1.170082245302709e-16 -1.196340592269164
v -0.8366335399203026 -0.0416026432639014 -1.2521105770839525
v -0.7498907716167389 -0.08268976696334593 -1.2988489165672197
v -0.6588869764129424 -0.12276283503934722 -1.3360906167486528
v -0.5648104907303712 -0.1613561114471477 -1.363573146891863
v -0.4688666707323487 -0.19805027814051496 -1.3812366717751468
v -0.3722389444777045 -0.2324830703353209 -1.3892146533466043
v -0.27605379930619833 -0.26435646255363016 -1.387816167203431
v -0.18135155932758756 -0.29344027723728455 -1.3775018526116418
v -0.08906410903430295 -0.3195723991408638 -1.3588557151056848
v -2.44786387545469e-16 -0.3426560268191603 -1.332555028469699
v 0.0851632678992573 -0.36265455674648234 -1.2993403802805878
v 0.16588050663411213 -0.3795847718371577 -1.259987540486992
v 0.2417346957558624 -0.3935090038227224 -1.2152823825904735
v 0.3124286572087296 -0.4045268762132304 -1.1659996224435014
v 0.37777379559399693 -0.4127671330415854 -1.1128857150266132
v 0.4376770621578232 -0.4183799390232012 -1.0566458994010282
v 0.49212714078072217 -0.4215299162245388 -0.9979351217778163
v 0.5411806583594365 -0.42239007290007774 -0.9373523963521184
v 0.5849490191383079 -0.42113668887673134 -0.8754380729079179
v 0.6235862732039935 -0.4179451515206912 -0.8126734533949325
v 0.6572782657841864 -0.4129866865591123 -0.7494822193302291
v 0.6862331817112041 -0.4064258965146466 -0.6862331817112044
v 0.7106734989949434 -0.39841900292505 -0.6232439314912729
v 0.7308292942766421 -0.3891126832949483 -0.5607850411040854
v 0.7469327966702549 -0.3786433965248172 -0.4990845386963836
v 0.7592140601900377 -0.3671370985357351 -0.4383324420232675
v 0.7678976137706767 -0.35470926069731784 -0.3786851958913623
v 0.7731999475015462 -0.3414651157890936 -0.3202699046813061
v 0.775327700534701 -0.3275000684119845 -0.26318828996125254
v 0.7744764273636263 -0.3129002182636057 -0.20752033326902466
v 0.7708298326907342 -0.2977429550661788 -0.15332758686738002
v 0.7645593793976065 -0.28209759298871195 -0.10065615185156435
v 0.7558241881866452 -0.26602602009398985 -0.0495393345732688
v 0.7294109481611433 -0.23524985630828738 0
v 0.7171321465017599 -0.21799514447718985 0.047003324177850074
v 0.7028299455841717 -0.20050569749661185 0.09252931771536971
v 0.6866055936101483 -0.18281519853602624 0.13657434408110997
v 0.6685505147177792 -0.16495336927746912 0.17913757051804033
v 0.6487468620771762 -0.14694645455863795 0.22021988525634856
v 0.6272680799979268 -0.12881767279860878 0.2598229459788728
v 0.604179465635266 -0.11058763470242833 0.2979483399800689
v 0.579538723997329 -0.09227473322341065 0.33459683830567005
v 0.5533965125092654 -0.0738955080770843 0.3697677279577312
v 0.5257969734901565 -0.05546498829528813 0.40345820795665505
v 0.4967782546407895 -0.036997016419709323 0.4356628366465946
v 0.46637301910701884 -0.018504557989598342 0.4663730191070188
v 0.4346089479456953 -1.7314024922018875e-17 0.4955765248961816
v 0.40150923893883517 0.018504557989598307 0.5232570276152523
v 0.3670931067288187 0.036997016419709226 0.5493936589651273
v 0.3313762902272143 0.05546498829528803 0.5739605710972251
v 0.29437157421987104 0.07389550807708425 0.5969265021656813
v 0.2560893330826416 0.09227473322341061 0.6182543411071942
v 0.21653810556117967 0.11058763470242829 0.6379006888475429
v 0.17572521067444646 0.12881767279860873 0.6558154144077791
v 0.13365741598809613 0.1469464545586378 0.6719412058124482
v 0.09034167077623251 0.16495336927746904 0.686213117349029
v 0.04578591794379432 0.18281519853602624 0.6985581166631547
v 4.340727743607934e-17 0.2005056974966118 0.7088946374791684
v -0.047003324177850116 0.21799514447718973 0.7171321465017597
v -0.0952072336270913 0.23524985630828735 0.7231707363841643
v -0.14458955115168037 0.25223166768526684 0.7269007606535934
v -0.19512128018393918 0.2688973737372506 0.7282025312843432
v -0.24676495141656846 0.28519813643127295 0.7269461053245676
v -0.29947275791889366 0.3010788573233825 0.722991193729068
v -0.35318445834460815 0.31647752168324084 0.7161872334230849
v -0.4078250300687507 0.3313245222993658 0.7063736726773817
v -0.4633020581630791 0.34554197547784204 0.6933805301016464
v -0.519502852655232 0.35904304704598 0.6770292988436847
v -0.5762912962694849 0.3717313127281495 0.6571342796394352
v -0.6335044386909792 0.38350018521406765 0.6335044386909793
v -0.6909488723078212 0.3942324496757956 0.6059458981453472
v -0.7483969493921856 0.40379996039542626 0.5742651769897485
v -0.8055829327611517 0.4120635633684882 0.5382733067433804
v -0.8621992118864803 0.4188733228384772 0.4977909470777425
v -0.9178927645407559 0.42406914295253656 0.45265461842050253
v -0.9722620999573075 0.4274818879233658 0.40272414798366274
v -1.024854981546214 0.4289351135061539 0.347891388203209
v -1.0751672921689108 0.428247526887376 0.2880902076650169
v -1.1226434673256087 0.4252362882117995 0.22330766980904498
v -1.1666789731373393 0.419721251346516 0.153596200696229
v -1.206625335502727 0.41153021017672037 0.0790864028094474
v -1.2417982202371969 0.40050516599889163 1.5207642156003631e-16
v -1.2714890053440124 0.3865095586263001 -0.08333779234174926
v -1.2949801596876918 0.36943630787763326 -0.17048737234900957
v -1.3115645340303062 0.34921639571975854 -0.26088640643516636
v -1.320568374564299 0.32582758961393904 -0.3538452295145837
v -1.3213774916995664 0.29930277722983173 -0.4485472171236228
v -1.3134655806505517 0.26973726991023794 -0.5440552572157107
v -1.2964232377180882 0.23729435968460544 -0.639325189881369
v -1.2699858084966238 0.20220840614109445 -0.7332266484025306
v -1.2340579161194973 0.16478480555417574 -0.8245711375062534
v -1.1887324249770808 0.1253963665860045 -0.9121464711705881
v -1.134301758751938 0.08447588114297637 -0.9947559443567378
v -1.0712599384704133 0.042505013886342875 -1.0712599384704131
v -1.0002944162675065 1.195496954294827e-16 -1.1406171755783685
v -0.9222676805456861 -0.04250501388634206 -1.201922641838545
v -0.838189579955142 -0.08447588114297615 -1.2544393555670312
v -0.7491822146615686 -0.1253963665860037 -1.2976216599208084
v -0.6564399363476435 -0.16478480555417502 -1.3311285103675963
v -0.5611873810244634 -0.20220840614109378 -1.354826186301895
v -0.4646384855297867 -0.23729435968460477 -1.368780839826773
v -0.3679591282155075 -0.26973726991023783 -1.3732421616090256
v -0.27223546102391216 -0.29930277722983123 -1.3686200843625977
v -0.17844927302577046 -0.32582758961393843 -1.3554567994983089
v -0.08746096258458237 -0.34921639571975843 -1.3343964268584385
v -2.3993668775336784e-16 -0.36943630787763315 -1.3061544924377169
v 0.08333779234174868 -0.3865095586262999 -1.2714890053440133
v 0.16208719319319798 -0.40050516599889147 -1.2311744643173128
v 0.23590601814937912 -0.41153021017672037 -1.1859796414725305
v 0.304564327813633 -0.41972125134651594 -1.1366495455735437
v 0.3679316187482644 -0.4252362882117994 -1.0838915970011451
v 0.42596304864794665 -0.428247526887376 -1.0283657691156625
v 0.4786855474692513 -0.4289351135061539 -0.9706782668990331
v 0.526184456816847 -0.42748188792336583 -0.9113782133598106
v 0.5685911428319713 -0.4240691429525366 -0.8509567809628853
v 0.6060718565813019 -0.4188733228384772 -0.7898482212617292
v 0.6388179767161885 -0.4120635633684882 -0.728432293993578
v 0.6670376628656723 -0.4037999603954263 -0.6670376628656727
v 0.6909488723078212 -0.3942324496757958 -0.6059458981453478
v 0.7107736425345063 -0.3835001852140678 -0.5453957982608373
v 0.726733513292712 -0.3717313127281496 -0.485587809042231
v 0.7390459485426267 -0.3590430470459801 -0.4266883773345884
v 0.7479216170456655 -0.3455419754778422 -0.3688341244760067
v 0.7535623962526383 -0.3313245222993661 -0.31213576462221176
v 0.7561599748578665 -0.316477521683241 -0.2566817238475262
v 0.7558949426059921 -0.30107885732338263 -0.20254143943404535
v 0.7529362701015182 -0.28519813643127323 -0.14976833597190295
v 0.7474410954047749 -0.26889737373725064 -0.09840248700949769
v 0.7395547474253547 -0.25223166768526695 -0.04847297908770644
v 0.6985358694780524 -0.2296534629937581 0
v 0.687058425676915 -0.21107512895415037 0.04503218837525099
v 0.6736890440457434 -0.192325704037154 0.08869284524588725
v 0.6585159489348253 -0.1734325508129324 0.13098696635988807
v 0.6416177394975685 -0.15441940463779297 0.1719209551478559
v 0.6230639780076567 -0.1353068635655515 0.21150172087905578
v 0.6029157652877357 -0.11611283781377107 0.24973588695073387
v 0.5812262980159458 -0.09685296329596575 0.28662909035567136
v 0.5580414051014448 -0.07754098384378226 0.3221853554542761
v 0.5334000622787428 -0.05818910676181903 0.35640652707947956
v 0.5073348856698268 -0.038808336319665016 0.3892917497176784
v 0.4798726063934668 -0.019408789719107138 0.4208369810420579
v 0.45103452943990663 -1.8159543610809648e-17 0.4510345294399066
v 0.420836981042058 0.019408789719107034 0.4798726063934667
v 0.3892917497176784 0.03880833631966492 0.5073348856698268
v 0.35640652707947956 0.05818910676181885 0.5334000622787428
v 0.32218535545427623 0.0775409838437821 0.5580414051014447
v 0.2866290903556713 0.09685296329596572 0.5812262980159458
v 0.2497358869507339 0.11611283781377105 0.6029157652877357
v 0.21150172087905583 0.13530686356555138 0.6230639780076566
v 0.17192095514785588 0.15441940463779283 0.6416177394975684
v 0.13098696635988813 0.17343255081293224 0.6585159489348252
v 0.08869284524588733 0.19232570403715388 0.6736890440457434
v 0.04503218837525098 0.21107512895415032 0.687058425676915
v 4.277298583229551e-17 0.22965346299375805 0.6985358694780524
v -0.046406274777852655 0.24802918176095234 0.7080229329455505
v -0.0941855619875377 0.2661660159350174 0.7154103698261703
v -0.14333179003679292 0.2840223166429649 0.7205775685290594
v -0.193832312104978 0.3015503674194548 0.7233920369243256
v -0.24566608963888648 0.3186956425372381 0.7237089629143901
v -0.29880160558111624 0.3353960138465828 0.7213708886527872
v -0.35319447561911754 0.35158091149044 0.7162075464463448
v -0.4087847269112245 0.3671704481886211 0.7080359163684099
v -0.4654937171142018 0.3820745224636966 0.6966605795176939
v -0.5232206729905486 0.3961919234906532 0.6818744566363343
v -0.581838838518017 0.4094094694732779 0.6634600392038372
v -0.6411912385944425 0.4216012228391295 0.6411912385944426
v -0.7010860876798842 0.4326278392841257 0.6148359974269348
v -0.7612919047544121 0.4423361238231222 0.5841598242479689
v -0.821532438532776 0.45055888530129545 0.5489304257853502
v -0.8814815615097625 0.45711520069433786 0.508923616823353
v -0.9407583590991219 0.4618112208192135 0.4639306817904471
v -0.9989227207787222 0.46444166788552876 0.4137673387091792
v -1.0554718318736793 0.4647921897835179 0.35828440843984966
v -1.1098380628240279 0.4626427421618022 0.2973802126630202
v -1.161388849249645 0.45777216207346993 0.23101460545258404
v -1.2094292380014768 0.44996407014954803 0.1592243798381154
v -1.2532078236644075 0.43901418529872827 0.08213958039011378
v -1.2919267936876218 0.4247390507326078 1.5821540126222488e-16
v -1.3247567120888053 0.40698604861955656 -0.08682914229802961
v -1.3508564751658472 0.38564442295098267 -0.17784362883769
v -1.3693985472357373 0.360656842876441 -0.2723903069169251
v -1.3795991230108045 0.33203083720997584 -0.36966247088942955
v -1.3807522811262152 0.29984924039032296 -0.46870224226361473
v -1.3722665360684307 0.2642786453987265 -0.5684114104302918
v -1.3537015425840468 0.22557479980712775 -0.6675717239368429
v -1.3248021662603615 0.18408394508204626 -0.7648748873134192
v -1.2855268296978213 0.14023931234447173 -0.8589615660762041
v -1.236067088377806 0.0945523531584105 -0.9484676358648645
v -1.1768558550338133 0.04759877416574784 -1.03207488519987
v -1.1085625763971967 1.3389877584136405e-16 -1.1085625763971962
v -1.0320748851998705 -0.04759877416574694 -1.1768558550338128
v -0.9484676358648655 -0.09455235315840964 -1.2360670883778055
v -0.8589615660762046 -0.1402393123444715 -1.285526829697821
v -0.7648748873134198 -0.18408394508204604 -1.3248021662603613
v -0.6675717239368435 -0.22557479980712752 -1.3537015425840466
v -0.568411410430293 -0.26427864539872575 -1.3722665360684307
v -0.46870224226361523 -0.2998492403903228 -1.3807522811262152
v -0.36966247088943005 -0.33203083720997567 -1.3795991230108047
v -0.27239030691692556 -0.36065684287644084 -1.3693985472357375
v -0.1778436288376898 -0.38564442295098245 -1.3508564751658472
v -0.08682914229802942 -0.40698604861955656 -1.3247567120888053
v -2.373231018933374e-16 -0.4247390507326077 -1.2919267936876218
v 0.08213958039011286 -0.4390141852987281 -1.2532078236644082
v 0.15922437983811508 -0.44996407014954803 -1.209429238001477
v 0.23101460545258373 -0.45777216207346993 -1.1613888492496451
v 0.2973802126630195 -0.4626427421618021 -1.1098380628240285
v 0.3582844084398493 -0.4647921897835178 -1.0554718318736795
v 0.41376733870917937 -0.46444166788552876 -0.9989227207787221
v 0.46393068179044683 -0.46181122081921355 -0.9407583590991223
v 0.5089236168233531 -0.45711520069433786 -0.8814815615097624
v 0.5489304257853501 -0.4505588853012955 -0.8215324385327762
v 0.5841598242479688 -0.44233612382312226 -0.7612919047544123
v 0.614835997426935 -0.4326278392841257 -0.7010860876798841
v 0.6411912385944425 -0.4216012228391296 -0.6411912385944428
v 0.6634600392038372 -0.4094094694732781 -0.5818388385180178
v 0.6818744566363343 -0.3961919234906533 -0.5232206729905489
v 0.6966605795176938 -0.3820745224636967 -0.465493717114202
v 0.7080359163684097 -0.3671704481886212 -0.40878472691122514
v 0.7162075464463447 -0.3515809114904401 -0.3531944756191178
v 0.7213708886527871 -0.33539601384658296 -0.2988016055811168
v 0.7237089629143904 -0.3186956425372383 -0.24566608963888695
v 0.7233920369243256 -0.30155036741945473 -0.19383231210497787
v 0.7205775685290597 -0.2840223166429652 -0.14333179003679336
v 0.7154103698261705 -0.2661660159350175 -0.09418556198753796
v 0.7080229329455505 -0.24802918176095234 -0.04640627477785241
v 0.6561215268430792 -0.22710522666370914 0
v 0.645486947008185 -0.20672596854641548 0.04230744970895262
v 0.6331426637508936 -0.18625226798644848 0.08335481301194189
v 0.6191626003488726 -0.1657029991073937 0.12315909862833929
v 0.6036112220976914 -0.14509383169043175 0.16173713950343943
v 0.5865441587275375 -0.12443771504783233 0.19910491269149852
v 0.5680087878975381 -0.10374531516942266 0.235276943494263
v 0.5480447791322929 -0.0830254119339685 0.2702657760894266
v 0.5266845991349223 -0.062285262850393056 0.30408149508857746
v 0.5039539806412009 -0.04153093947179947 0.33673128435884636
v 0.4798723579682056 -0.020767642331439396 0.3682190110541047
v 0.454453273239652 -1.943006993685139e-17 0.3985448241611909
v 0.4277047580069858 0.020767642331439358 0.42770475800698576
v 0.3996296956886151 0.04153093947179936 0.45569033212686755
v 0.37022617097046145 0.06228526285039295 0.4824881396985516
v 0.3394878130952842 0.08302541193396838 0.5080794174331068
v 0.30740414085891604 0.10374531516942258 0.5324395904247022
v 0.2739609181698863 0.12443771504783228 0.5555377860333146
v 0.23914053025568768 0.1450938316904316 0.5773363114563745
v 0.2029223920551013 0.16570299910739358 0.597790090289525
v 0.1652834020629292 0.18625226798644828 0.6168460541466865
v 0.12619845693249665 0.20672596854641548 0.6344424863820832
v 0.08564104453243357 0.22710522666370894 0.6505083162253094
v 0.04358393593379297 0.2473674261806294 0.6649623633199333
v 4.14979243296268e-17 0.2674856100787231 0.6777125348879247
v -0.045136832120017845 0.287427813112062 0.6886549806996756
v -0.09185042124449623 0.30715631863015014 0.6976732149234209
v -0.14016105737755544 0.32662683279401855 0.7046372190123017
v -0.19008383940656792 0.34578757035496305 0.7094025463630744
v -0.24162675198239655 0.3645782478229952 0.7118094578970863
v -0.29478838966788484 0.38292898245764617 0.7116821283663325
v -0.34955527445568235 0.40075909939034193 0.7088279765034124
v -0.40589871006023026 0.4179758547338327 0.7030371885509878
v -0.4637711159075998 0.4344730902293357 0.6940825246251189
v -0.5231017867567266 0.45012984538315537 0.6817195210799359
v -0.5837920320908441 0.4648089667693943 0.665687229619144
v -0.6457096650261562 0.4783557718631039 0.6457096650261563
v -0.7086828362562112 0.4905968470049591 0.6214981671236475
v -0.7724932477911696 0.5013390862932285 0.5927549170616832
v -0.8368688377015056 0.5103691103914283 0.5591778800924987
v -0.9014761046255465 0.5174532408249355 0.5204674716735744
v -0.965912342942424 0.5223382446922425 0.47633525386923686
v -1.029698188431382 0.5247531037266043 0.42651495479928536
v -1.0922710294403355 0.5244120951931409 0.3707760527766058
v -1.152980015014584 0.5210194925749749 0.3089400639123818
v -1.2110835771438055 0.514276190969839 0.24089950142429947
v -1.2657505579376263 0.5038885225237384 0.16663922227512828
v -1.3160661613560845 0.48957943633486944 0.0862595335092359
v -1.3610439882802774 0.47110206084062356 1.6667981637461893e-16
v -1.3996453086682952 0.4482554347489092 -0.09173760024322276
v -1.4308064179065536 0.4209018845861745 -0.1883692384814733
v -1.453474368671682 0.38898515814572265 -0.2891140275981382
v -1.4666505453714689 0.3525480302358713 -0.39298782921095005
v -1.4694404861668318 0.31174774102953123 -0.4988078311756004
v -1.4611071571724887 0.2668673896371174 -0.605210400581242
v -1.4411237201852969 0.21832137641313953 -0.7106835709545957
v -1.4092209462455043 0.1666532440769078 -0.8136140926625013
v -1.3654240689317498 0.11252484659014289 -0.9123471945610429
v -1.310074252654559 0.056696646629019874 -1.0052553303182095
v -1.2438310589787283 1.5953933587033473e-16 -1.0908105626637001
v -1.1676542353371515 -0.056696646629019555 -1.167654235337151
v -1.0827655423196298 -0.11252484659014189 -1.2346574714498033
v -0.9905937554217161 -0.1666532440769075 -1.2909669162436352
v -0.892707966199506 -0.21832137641313928 -1.3360318865915692
v -0.7907454953574482 -0.2668673896371172 -1.3696113738153184
v -0.6863409323854023 -0.31174774102953096 -1.3917617322518454
v -0.5810620748584469 -0.3525480302358701 -1.4028079417039105
v -0.47635709184541847 -0.3889851581457225 -1.4033027408182945
v -0.3735154270667084 -0.4209018845861743 -1.3939785512237441
v -0.27364314495504033 -0.44825543474890917 -1.3756969893819893
v -0.17765188923421718 -0.47110206084062356 -1.3494000682841976
v -0.08625953350923536 -0.4895794363348694 -1.3160661613560838
v -2.345209647588534e-16 -0.5038885225237383 -1.276672669606377
v 0.08076044500981332 -0.5142761909698389 -1.232166283882062
v 0.15580294777275533 -0.521019492574975 -1.1834408813196111
v 0.22503403390070756 -0.5244120951931409 -1.131322485701414
v 0.28846347656300053 -0.5247531037266042 -1.0765603506610741
v 0.3461832795972211 -0.5223382446922425 -1.0198230558555275
v 0.3983485569888474 -0.5174532408249354 -0.9616984888342266
v 0.4451607330388105 -0.5103691103914283 -0.9026966682451855
v 0.48685321442498264 -0.5013390862932285 -0.8432545032122948
v 0.5236794920397522 -0.49059684700495926 -0.78374174557643
v 0.5559035054740379 -0.478355771863104 -0.7244675531851364
v 0.5837920320908444 -0.4648089667693944 -0.665687229619144
v 0.6076088317040564 -0.45012984538315537 -0.6076088317040568
v 0.627610274587872 -0.43447309022933617 -0.5503994387459856
v 0.6440421948923751 -0.4179758547338331 -0.49419095753812514
v 0.6571377359571692 -0.4007590993903422 -0.4390853973372332
v 0.6671159830863469 -0.3829289824576462 -0.3851595924156047
v 0.6741812094345827 -0.3645782478229953 -0.33246937974891727
v 0.6785225894768594 -0.34578757035496344 -0.2810532589378276
v 0.6803142608054505 -0.3266268327940189 -0.23093557319589977
v 0.6797156381151201 -0.3071563186301504 -0.18212925631575164
v 0.6768719030486723 -0.2874278131120621 -0.13463819264818608
v 0.6719146102032519 -0.26748561007872307 -0.08845923659871972
v 0.6649623633199333 -0.24736742618062926 -0.0435839359337928
v 0.6092714070164713 -0.2222859266938941 0
v 0.599621409647567 -0.20007876446909134 0.03930126356645604
v 0.5884441637592422 -0.1778528138082862 0.0774701438496308
v 0.5757994688859683 -0.1556170568384233 0.11453363549205768
v 0.5617380305438037 -0.13337786223664394 0.1505172516420615
v 0.546302072360297 -0.11113942673450783 0.18544456508859095
v 0.5295258885492945 -0.08890416857923647 0.2193368046647818
v 0.5114363398192646 -0.06667308132123287 0.2522124916880621
v 0.49205329649998575 -0.044446055607201544 0.2840871031899095
v 0.47139003317821027 -0.022222176077506112 0.3149727502977496
v 0.4494535795258387 -2.0789932897073908e-17 0.34487786141392396
v 0.42624503234792416 0.02222217607750607 0.37380686083671577
v 0.401759834226455 0.04444605560720158 0.40175983422645495
v 0.3759880245369666 0.0666730813212329 0.42873217287254817
v 0.3489144691128256 0.08890416857923651 0.45471418909925343
v 0.3205190754698344 0.11113942673450787 0.47969069539236886
v 0.29077700132623585 0.1333778622366439 0.5036405399695632
v 0.2596588652081617 0.15561705683842328 0.5265360915903112
v 0.22713096927100612 0.17785281380828633 0.5483426664490095
v 0.19315554615264427 0.20007876446909123 0.5690178900668493
v 0.15769104377227236 0.2222859266938941 0.5885109872566883
v 0.12069246457499097 0.244462206200265 0.6067619935598517
v 0.08211177888211794 0.2665918306138868 0.6237008821470249
v 0.04189843583357113 0.2886547053492029 0.6392466011702719
v 4.00034561978838e-17 0.310625679426022 0.653306018122707
v -0.04363705280242821 0.33247370847656216 0.6657727701302188
v -0.08906634055205254 0.3541609015011824 0.676526022553633
v -0.1363403335422131 0.37564143755261387 0.6854291431863786
v -0.18550881053105336 0.3968603386789036 0.6923283061535593
v -0.23661694720308385 0.4177520864270364 0.6970510489259116
v -0.2897029613510766 0.43823907140008134 0.6994048183534178
v -0.3447952284828125 0.4582298693020226 0.6991755581261856
v -0.4019087710899939 0.47761734329160443 0.6961264115354393
v -0.4610410156691469 0.496276582189359 0.6899966408755958
v -0.5221667054184963 0.5140626982483792 0.6805008993542838
v -0.5852318557921704 0.5308085281413494 0.6673290338887966
v -0.6501466482273434 0.546322308061345 0.6501466482273435
v -0.7167771790785333 0.5603854300141368 0.6285967152622183
v -0.7849360222630175 0.5727504330412047 0.6023025937192676
v -0.8543716330505429 0.5831394413725404 0.5708728740485988
v -0.9247567258867733 0.5912433314988297 0.5339085446256454
v -0.9956759108877702 0.5967219901891522 0.49101302126385626
v -1.0666130807078258 0.5992061109123241 0.4418056038337302
v -1.1369393075897336 0.5983010578876354 0.3859388900305129
v -1.2059023379533436 0.5935933900414921 0.32312055760540154
v -1.272619144291452 0.5846606590899238 0.25313968676368775
v -1.3360733769246824 0.5710850466696391 0.17589739703216054
v -1.395119889836867 0.552471248642356 0.09144098862232203
v -1.4484987022742137 0.5284687130266433 1.7738992993092107e-16
v -1.494860678282582 0.49879786270473503 -0.09797834528097592
v -1.5328067213277798 0.46327927983994277 -0.20179783318154995
v -1.560941267022923 0.42186403252805466 -0.3104905227641327
v -1.5779392541350936 0.3746624814632554 -0.4228075488508657
v -1.5826236270697536 0.3219681775854878 -0.5372283303866308
v -1.57404801384447 0.2642730657759216 -0.6519920351608125
v -1.5515769675125137 0.20227036930475334 -0.765153084664317
v -1.51495463266556 0.13684240777328702 -0.8746594649795321
v -1.4643524842652784 0.06903221632726915 -0.9784490483701145
v -1.400388274168982 1.943291559533471e-16 -1.0745557164191386
v -1.3241115171996993 -0.06903221632726876 -1.1612146349617651
v -1.2369552778320494 -0.13684240777328666 -1.236955277832049
v -1.1406587946766644 -0.202270369304753 -1.3006720736655446
v -1.0371695491853448 -0.2642730657759213 -1.3516656724366154
v -0.9285358548494845 -0.32196817758548746 -1.3896521112092646
v -0.8168014619700584 -0.3746624814632545 -1.4147416318286776
v -0.7039121429478615 -0.4218640325280545 -1.4273926225226272
v -0.5916413107000147 -0.4632792798399427 -1.428348476352167
v -0.48153822743836755 -0.498797862704735 -1.4185658740907934
v -0.3748990509548523 -0.528468713026643 -1.3991423058728631
v -0.272758385199407 -0.552471248642356 -1.37124900172145
v -0.17589739703216067 -0.571085046669639 -1.3360733769246829
v -0.08486391060092971 -0.5846606590899238 -1.2947730705067368
v -2.2933506870799557e-16 -0.5935933900414921 -1.248441966383927
v 0.07852679531991207 -0.5983010578876354 -1.1980873751097598
v 0.15069166389957872 -0.5992061109123241 -1.1446168258186242
v 0.21658226979542708 -0.5967219901891523 -1.0888325982368054
v 0.2763713993841719 -0.5912433314988297 -1.0314321042606414
v 0.33029320234258525 -0.5831394413725405 -0.9730123977484766
v 0.37862323876564746 -0.5727504330412047 -0.914077358057652
v 0.4216622165518676 -0.5603854300141368 -0.8550463905653287
v 0.4597231037272596 -0.5463223080613451 -0.7962637730688705
v 0.4931211983860155 -0.5308085281413494 -0.7380080271970234
v 0.5221667054184963 -0.5140626982483794 -0.6805008993542839
v 0.5471593800458565 -0.4962765821893591 -0.6239156957287408
v 0.5683848349121733 -0.47761734329160455 -0.5683848349121736
v 0.5861121569123292 -0.45822986930202286 -0.5140065662860308
v 0.6005925332583226 -0.4382390714000815 -0.46085085954776256
v 0.6120586380692472 -0.4177520864270365 -0.40896450711185073
v 0.6207245779849361 -0.39686033867890375 -0.3583755021922201
v 0.6267862365585563 -0.3756414375526141 -0.3090967656582271
v 0.6304218921287168 -0.3541609015011828 -0.26112929773662336
v 0.631793012771381 -0.3324737084765622 -0.21446482890536867
v 0.631045155374797 -0.3106256794260221 -0.16908803977024914
v 0.6283089145916074 -0.288654705349203 -0.1249784136471603
v 0.623700882147025 -0.26659183061388697 -0.08211177888211793
v 0.6173245884224711 -0.244462206200265 -0.04046159120620031
v 0.5661522923194875 -0.21199026646045382 0
v 0.5575880197588083 -0.18830331911160397 0.036546249639283775
v 0.5476418159869355 -0.16465599663437097 0.07209841285797709
v 0.5363611636007408 -0.14104793348138228 0.10668886882233142
v 0.5237849641354628 -0.11747680547013896 0.14034775814766182
v 0.509944093884511 -0.09393869954709319 0.17310269445132243
v 0.49486188887139404 -0.07042844023055322 0.20497850587209882
v 0.4785545640692688 -0.04693988146527866 0.23599699437716462
v 0.4610315719924071 -0.023466171782309607 0.2661767021947325
v 0.4422959057477917 -2.1952858376225042e-17 0.29553267585984205
v 0.4223443515877928 0.023466171782309482 0.3240762191937881
v 0.4011676959912507 0.046939881465278534 0.35181462709736055
v 0.3787508923599534 0.07042844023055303 0.3787508923599534
v 0.35507319258816217 0.093938699547093 0.40488337780063627
v 0.3301082490830533 0.11747680547013893 0.4302054459892198
v 0.3038241933257986 0.14104793348138223 0.45470503856858363
v 0.2761836978145651 0.16465599663437086 0.4783641968370761
v 0.24714402927873655 0.18830331911160386 0.5011585147766294
v 0.21665710246618514 0.21199026646045366 0.5230565151583213
v 0.18466954566477742 0.23571482274481811 0.5440189387610643
v 0.1511227915250351 0.25947210362019296 0.5639979361530704
v 0.11595320982295428 0.2832537929070784 0.5829361509816926
v 0.07909230268378492 0.30704748860369935 0.6007656833952613
v 0.040466987648372386 0.3308359424584246 0.6174069222196208
v 3.874581844888639e-17 0.35459617524902354 0.6327672350242166
v -0.04238954679548016 0.37829844785389155 0.6467395065007908
v -0.08678539460548382 0.40190506615810934 0.6592005179990799
v -0.1332731091956822 0.4253689959879051 0.6700091650978538
v -0.18193871181916874 0.4486322628761132 0.6790045163727697
v -0.2328668863490281 0.4716241109226163 0.6860037258885974
v -0.2861386565936256 0.4942588958975924 0.6907998254675485
v -0.34182840824778943 0.5164336908480307 0.6931594418277963
v -0.4000001079060539 0.5380255889248197 0.6928205099263189
v -0.46070254871815886 0.5588886994568741 0.6894900892862753
v -0.5239634304752667 0.5788508514477683 0.6828424370362867
v -0.5897820643022545 0.5977100461999993 0.6725175522836419
v -0.6581204835908343 0.6152307408066692 0.6581204835908343
v -0.728892750632568 0.6311401004316635 0.6392217863508112
v -0.8019522829828624 0.6451244335393326 0.615359629804091
v -0.8770770990076926 0.6568261241626439 0.58604418136517
v -0.9539530164631845 0.6658415012327521 0.550765030849275
v -1.032155053035815 0.6717202362305882 0.5090025433597104
v -1.1111275968784264 0.6739670306555313 0.46024412015406946
v -1.190164358944442 0.6720465285826462 0.40400636039109056
v -1.268389697286488 0.6653925380082623 0.33986399507587106
v -1.3447436031297684 0.653422721223547 0.26748613361719403
v -1.4179734056780577 0.6355598525611894 0.18667974037002194
v -1.4866359733169638 0.6112604575531185 0.09743926963689599
v -1.54911467285717 0.5800510511604025 1.8971183256267324e-16
v -1.6036553277175327 0.5415712142646844 -0.10510912334071247
v -1.6484245742981678 0.49562137739337364 -0.21701921229079385
v -1.6815920653447112 0.44221152065386643 -0.33448945868456526
v -1.701434778999909 0.38160530797712605 -0.4558980750072505
v -1.7064574483352408 0.31435287799483286 -0.5792642484065266
v -1.695518461148647 0.24130514651905316 -0.7023067418617289
v -1.6679465800912092 0.16360352745181547 -0.8225402268365357
v -1.6236318347446983 0.08264167978928087 -0.9374042768546978
v -1.5630750979114092 2.3274440805305535e-16 -1.0444133898880195
v -1.4873856284919287 -0.08264167978928041 -1.1413111342739037
v -1.3982236025123842 -0.16360352745181508 -1.2262091894043008
v -1.2976936487014787 -0.2413051465190527 -1.2976936487014785
v -1.188203376532227 -0.3143528779948325 -1.3548862787917721
v -1.0723058015835183 -0.38160530797712566 -1.3974561280684674
v -0.9525453881234635 -0.44221152065386693 -1.4255849170660104
v -0.831324382484572 -0.4956213773933735 -1.4398960680340995
v -0.7108004928761975 -0.5415712142646841 -1.4413608143879992
v -0.5928205201361061 -0.5800510511604023 -1.4311953397656574
v -0.4788888100659756 -0.6112604575531183 -1.4107609421943337
v -0.37016533862491047 -0.6355598525611893 -1.381475850949105
v -0.2674861336171942 -0.6534227212235469 -1.344743603129769
v -0.1713983340459969 -0.6653925380082621 -1.3018996007441197
v -0.08220297458974836 -0.6720465285826461 -1.2541750322449758
v -2.209279684867624e-16 -0.6739670306555312 -1.20267584439084
v 0.0752683933775074 -0.6717202362305882 -1.1483737682533464
v 0.1437785245694299 -0.6658415012327522 -1.0921063193198044
v 0.20579134961353363 -0.6568261241626437 -1.0345829790499947
v 0.2616243148648199 -0.6451244335393328 -0.9763952355709072
v 0.3116287455067143 -0.6311401004316635 -0.9180286809485555
v 0.35617223914568896 -0.6152307408066692 -0.8598758502863151
v 0.3956253770948908 -0.5977100461999993 -0.8022489030847818
v 0.43035202749989027 -0.5788508514477683 -0.7453915767700884
v 0.46070254871815897 -0.5588886994568744 -0.6894900892862755
v 0.4870092745850638 -0.5380255889248198 -0.6346828434482451
v 0.5095837525234898 -0.5164336908480307 -0.5810689043859758
v 0.5287152965742529 -0.4942588958975925 -0.5287152965742531
v 0.5446705022227407 -0.4716241109226166 -0.4776632105357884
v 0.5576934444404844 -0.4486322628761133 -0.42793323093812885
v 0.5680063433599117 -0.4253689959879051 -0.3795297048357474
v 0.5758105337134026 -0.40190506615810967 -0.3324443666416555
v 0.581287615658436 -0.3782984478538915 -0.2866593288706005
v 0.5846006972826328 -0.3545961752490238 -0.24214953738723508
v 0.5858956644002506 -0.33083594245842485 -0.1988847785302524
v 0.585302432588727 -0.30704748860369935 -0.156831314140121
v 0.5829361509816927 -0.2832537929070785 -0.11595320982295454
v 0.5788983381598236 -0.25947210362019296 -0.0762134120679337
v 0.5732779384081571 -0.23571482274481811 -0.03757462123885132
v 0.5338604301756266 -0.19538091394363719 0
v 0.5263725196211948 -0.1707710690524495 0.034500277666755036
v 0.5175918846499712 -0.1462321795829025 0.068142264345136
v 0.5075563232357793 -0.12175698929622504 0.10095922983334378
v 0.49629555279998194 -0.09733683854321955 0.13298199257991278
v 0.48383168504580565 -0.0729619607782349 0.16423872606184223
v 0.47017962713122 -0.04862174378121901 0.1947547783092762
v 0.4553474146623332 -0.024304963794107105 0.22455249479590922
v 0.4393364816572036 -2.2736933547589386e-17 0.2536510359496095
v 0.4221418723075969 0.02430496379410706 0.2820661812471927
v 0.4037523990898498 0.04862174378121888 0.30981011228289357
v 0.3841507515776515 0.07296196077823477 0.3368911673745781
v 0.3633135602200692 0.09733683854321942 0.3633135602200691
v 0.3412114194000772 0.1217569892962249 0.38907705485693883
v 0.31780887431926796 0.14623217958290247 0.4141765887269719
v 0.29306437670762425 0.17077106905244938 0.4386018350126001
v 0.26693021508781334 0.19538091394363705 0.4623366946073811
v 0.23935242639970522 0.22006722606733145 0.4853587071179923
v 0.21027069729854284 0.24483337682013886 0.5076383691877897
v 0.17961826548734744 0.2696801342380958 0.5291383472070105
v 0.14732183416602182 0.2946051192773052 0.54981257017183
v 0.1133015162448302 0.31960216536744623 0.569605187135373
v 0.07747082958711683 0.34466056280752305 0.5884493724525713
v 0.039736770470842786 0.3697641667568225 0.6062659609983923
v 3.814541453160367e-17 0.39489034443593757 0.6229618949424763
v -0.04184481227671912 0.4200087337477165 0.6384284637916713
v -0.08590843134291558 0.4450797819689315 0.6525393206907183
v -0.13230621525335634 0.47005302965144263 0.6651482609969018
v -0.1811568999463126 0.4948651017386288 0.67608675474131
v -0.23258089884897581 0.5194373656709698 0.6851612338809558
v -0.28669797922042745 0.543673215715688 0.6921501497389158
v -0.34362414597048524 0.5674549450763491 0.6968008377080084
v -0.403467528007699 0.590640174195276 0.698826257713554
v -0.4663230228727773 0.6130578174019382 0.6979017232949897
v -0.5322654145586416 0.6345035938852006 0.6936617933386646
v -0.60134064092517 0.654735127109467 0.6856975828895612
v -0.6735548577076242 0.6734667346428184 0.6735548577076244
v -0.7488609365326026 0.690364094435399 0.6567334153938055
v -0.8271420608081238 0.7050390911809411 0.634688426150608
v -0.9081921690504186 0.7170453046895728 0.6068346064850823
v -0.9916931714929995 0.7258748063954649 0.5725543195149968
v -1.077189172107181 0.730957180186218 0.5312109131951036
v -1.1640584092064579 0.7316619692696505 0.48216878048776507
v -1.25148432618444 0.7273060437341107 0.4248216844240706
v -1.3384281249787722 0.7171676291072072 0.35863073521516414
v -1.4236063215125336 0.7005088443763422 0.2831729036287051
v -1.50547811942517 0.6766084385096336 0.19819995448549943
v -1.5822486307268708 0.6448058250571497 0.10370605429250836
v -1.6518947311003818 0.6045563298161946 2.02298759497046e-16
v -1.7122201239182588 0.555495680559204 -0.11222483602353867
v -1.7609444066031572 0.49750922751820753 -0.23183272924186069
v -1.7958271025359265 0.4307984972138045 -0.35721222036997313
v -1.8148216625208748 0.3559350918075333 -0.48627999887897516
v -1.8162470023537596 0.273890583533768 -0.6165327800968233
v -1.7989567901441346 0.18603191435060012 -0.7451523006008701
v -1.7624817228540788 0.09407554118542752 -0.8691598000892611
v -1.7071197847512116 2.6504515826174147e-16 -0.9856060672650484
v -1.633955328252545 -0.09407554118542574 -1.0917740456527656
v -1.54479921708084 -0.18603191435059963 -1.1853661302748961
v -1.4420565510065746 -0.2738905835337676 -1.2646496535372798
v -1.3285416636419 -0.3559350918075318 -1.3285416636418996
v -1.2072684086506058 -0.43079849721380414 -1.3766257814157281
v -1.08124523625371 -0.4975092275182072 -1.4091062261495177
v -0.9532996208910575 -0.5554956805592036 -1.4267137061723827
v -0.8259473655501922 -0.6045563298161937 -1.4305828015105955
v -0.7013122378198754 -0.6448058250571495 -1.422120536458868
v -0.5810928640992244 -0.676608438509633 -1.402882273506571
v -0.46656823255040675 -0.7005088443763419 -1.3744656912323248
v -0.35863073521516375 -0.7171676291072071 -1.3384281249787728
v -0.2578357923024798 -0.7273060437341105 -1.2962280611258117
v -0.16445879178906203 -0.7316619692696505 -1.2491885441055768
v -0.07855244045910015 -0.7309571801862179 -1.1984786443238982
v -2.103530444196096e-16 -0.7258748063954649 -1.145108639029994
v 0.07143810058640439 -0.7170453046895731 -1.0899347931582961
v 0.13608527013032778 -0.7050390911809413 -1.0336702502737531
v 0.19431735297885247 -0.6903640944353991 -0.9768993026359432
v 0.24653818876340305 -0.6734667346428188 -0.9200930464710285
v 0.2931612056333607 -0.654735127109467 -0.8636250628139943
v 0.33459602738663435 -0.6345035938852006 -0.8077862672329715
v 0.3712391102820101 -0.6130578174019385 -0.7527984458248727
v 0.40346752800769936 -0.5906401741952761 -0.698826257713554
v 0.43163515384817025 -0.5674549450763495 -0.6459876586181772
v 0.45607062329689046 -0.5436732157156882 -0.5943628080880112
v 0.4770765848047112 -0.5194373656709699 -0.5440015837787099
v 0.49492985479499746 -0.494865101738629 -0.49492985479499774
v 0.5098821836796809 -0.4700530296514431 -0.44715467398643033
v 0.5221614130149449 -0.445079781968932 -0.40066854428759585
v 0.5319728620043016 -0.42000873374771674 -0.3554529023440654
v 0.5395008266098773 -0.39489034443593807 -0.3114809474712386
v 0.5449101089098148 -0.36976416675682255 -0.268719927807095
v 0.5483475201784963 -0.3446605628075236 -0.22713297975158797
v 0.5499433203090373 -0.31960216536744657 -0.18668060221236854
v 0.54981257017183 -0.2946051192773053 -0.1473218341660218
v 0.5480563835414554 -0.2696801342380962 -0.109015192707765
v 0.5447630723016009 -0.24483337682013898 -0.07171941906188892
v 0.5400091835120049 -0.22006722606733156 -0.035394071839406106
v 0.5170611735901562 -0.17324992900575042 0
v 0.5105530202808631 -0.14833262027910524 0.03346341289998632
v 0.5027791028684124 -0.12349038741075613 0.0661921246273767
v 0.4937700302090313 -0.09871253871099793 0.09821696565000367
v 0.4835487009122053 -0.07398734990077879 0.1295664839105439
v 0.47213069213114167 -0.04930231032507132 0.16026677418402935
v 0.4595245773753697 -0.024644342151605256 0.19034131219264286
v 0.4457321781998368 -2.3054161042753023e-17 0.2198107849142197
v 0.43074875421110853 0.02464434215160521 0.24869290919687942
v 0.414563135457231 0.04930231032507136 0.27700223118136635
v 0.39715780096284514 0.07398734990077882 0.3047498991651674
v 0.37850890696342904 0.09871253871099799 0.3319434024400425
v 0.3585862683120004 0.12349038741075617 0.3585862683120003
v 0.3373532966126456 0.14833262027910518 0.3846777089790969
v 0.3147668989196697 0.17324992900575037 0.4102122092026566
v 0.2907773413814022 0.19825169119588737 0.43517904476395664
v 0.2653280830704074 0.22334564425863734 0.4595617205528011
v 0.2383555865123018 0.24853750400563135 0.4833373157904366
v 0.2097891132125954 0.2738305156457271 0.5064757223560724
v 0.17955051492400437 0.29922492288626146 0.5289387604833973
v 0.14755403467197103 0.32471733850638984 0.5506791542575756
v 0.11370613588621187 0.35029999702256404 0.5716393474377808
v 0.07790538364949925 0.37595986689719973 0.5917501382591142
v 0.04004240941671128 0.40167759614397724 0.6109291101934549
v 3.8519969049123613e-17 0.4274262611836219 0.6290788344189152
v -0.04234663633121228 0.4531698844814231 0.6460848193294884
v -0.08712935852361683 0.4788616820143997 0.6618131833448679
v -0.1344862489152857 0.504441997261267 0.676108030319683
v -0.1845603258347474 0.5298358746613642 0.6887885130767439
v -0.23749767233106725 0.5549502231052539 0.6996455814880671
v -0.2934448054492528 0.579670520149841 0.7084384291235204
v -0.35254506869658475 0.6038570119940392 0.714890679477185
v -0.4149337822756371 0.6273403752520622 0.7186863926781263
v -0.48073183251087775 0.6499168276447816 0.7194660308325208
v -0.550037326657597 0.671342710553748 0.7168226001099268
v -0.6229148877571455 0.691328623069016 0.7102982965259927
v -0.699382126450408 0.7095332724049367 0.6993821264504081
v -0.7793928188662156 0.7255573284417716 0.6835091575712484
v -0.8628163663686758 0.7389377403876731 0.6620622835846275
v -0.9494132490760832 0.7491431997049426 0.6343776515901932
v -1.0388064574771911 0.7555717195101297 0.5997551878603777
v -1.1304493527488237 0.7575516403541417 0.5574759276681307
v -1.2235911288264918 0.7543477403951884 0.506828040359338
v -1.3172420802601783 0.7451744688329803 0.44714343409837054
v -1.4101422343106809 0.7292185362521613 0.37784647289656637
v -1.5007385177702863 0.7056730328904336 0.2985154513875272
v -1.5871772952208034 0.6737847049452339 0.20895585502982628
v -1.6673204381971098 0.6329147783848054 0.10928195514205905
v -1.7387934472041453 0.5826116070408374 2.129407829496949e-16
v -1.799072773186123 0.5226904315886522 -0.1179174594112318
v -1.8456156324652604 0.45331197769397585 -0.2429799076003931
v -1.8760289416475326 0.37504823742935073 -0.3731653580558652
v -1.8882650387226816 0.28892172776356745 -0.5059590922216644
v -1.8808223270967257 0.19640512167992832 -0.6384531490983089
v -1.8529217133044429 0.09937234901260207 -0.7675053036662917
v -1.8046278771099387 2.800169052355121e-16 -0.8899439832853482
v -1.7368901663873906 -0.09937234901260152 -1.0027940051165742
v -1.6514910260115123 -0.19640512167992785 -1.103491024296317
v -1.550907259184807 -0.28892172776356567 -1.1900529958249817
v -1.438106042673666 -0.37504823742935045 -1.261185150712462
v -1.3163085311388134 -0.45331197769397547 -1.3163085311388132
v -1.1887563225980238 -0.5226904315886519 -1.3555167929379668
v -1.058510383670996 -0.582611607040837 -1.3794775894159204
v -0.9283011684268091 -0.6329147783848058 -1.3893008781566694
v -0.8004364927674896 -0.6737847049452339 -1.3863966737055287
v -0.6767634941594293 -0.7056730328904336 -1.3723406087446286
v -0.5586744402747692 -0.729218536252161 -1.3487594106625431
v -0.4471434340983708 -0.7451744688329803 -1.3172420802601787
v -0.3427813653344669 -0.7543477403951881 -1.27927747131606
v -0.2458985740538914 -0.7575516403541418 -1.236215612398558
v -0.15656752187127368 -0.7555717195101295 -1.1892483981729116
v -0.07468053733217912 -0.7491431997049425 -1.139404818184507
v -1.9978083805712491e-16 -0.7389377403876732 -1.0875562281642899
v 0.06779998710666489 -0.7255573284417718 -1.0344279077501344
v 0.1291002834383098 -0.7095332724049368 -0.9806140088805267
v 0.1843109689302239 -0.691328623069016 -0.9265938129348944
v 0.23385209520924322 -0.6713427105537482 -0.8727479007773319
v 0.278139781457754 -0.6499168276447816 -0.8193733741596694
v 0.31757656801093964 -0.6273403752520622 -0.7666976575839115
v 0.3525450686965847 -0.6038570119940393 -0.7148906794771852
v 0.3834041150353473 -0.579670520149841 -0.6640754070722038
v 0.4104867366990559 -0.5549502231052541 -0.6143368156415588
v 0.43409945991019194 -0.5298358746613642 -0.565729430491626
v 0.45452252318015646 -0.5044419972612669 -0.5182836055018619
v 0.47201070685197627 -0.4788616820143999 -0.47201070685197644
v 0.4867945506798072 -0.45316988448142326 -0.42690736325932627
v 0.4990817945927631 -0.427426261183622 -0.3829589301999993
v 0.509058924630599 -0.40167759614397713 -0.34014229888033665
v 0.5168927414836101 -0.3759598668971999 -0.29842816343772627
v 0.5227318955008154 -0.35029999702256426 -0.2577828433069009
v 0.5267083514619113 -0.32471733850639 -0.2181697425906989
v 0.5289387604833974 -0.29922492288626157 -0.17955051492400448
v 0.529525726457378 -0.2738305156457271 -0.14188599077575798
v 0.5285589614271831 -0.2485375040056315 -0.10513691431721457
v 0.5261163290766377 -0.22334564425863748 -0.06926452874445166
v 0.5222647786509329 -0.19825169119588718 -0.0342310420992159
v 0.5174809230441594 -0.14716118940212206 0
v 0.511835979249717 -0.12252371244132763 0.03354750247345487
v 0.5048902653699711 -0.09794537790481371 0.06647006444351976
v 0.49666899198831493 -0.07341556032437752 0.09879360500046411
v 0.4871898766680787 -0.048922814150196316 0.13054213401382994
v 0.4764634507301784 -0.024455101453836323 0.16173754754309927
v 0.4644933014711506 -2.28772727515964e-17 0.19239942510080527
v 0.45127625363905866 0.024455101453836274 0.22254482035864448
v 0.43680249370917845 0.048922814150196184 0.25218803732569395
v 0.42105564027371795 0.07341556032437746 0.2813403842063311
v 0.40401276371210165 0.09794537790481377 0.3100098970842624
v 0.3856443582735844 0.12252371244132759 0.3382010252918795
v 0.36591426981919906 0.14716118940212203 0.365914269819199
v 0.34477958277924964 0.17186735939898748 0.3931457653979216
v 0.3221904704399717 0.19665040810241055 0.41988679596501555
v 0.29809001354678083 0.22151682157499333 0.4461232320671458
v 0.27241399348822004 0.24647099645966472 0.4718348774143342
v 0.24509066811437666 0.2715147828821002 0.49699471023547265
v 0.2160405406859548 0.2966469460363216 0.5215680033464485
v 0.18517613572226232 0.32186253019091743 0.5455113049466623
v 0.1524017998406429 0.3471521062577031 0.5687712601702218
v 0.11761355133415574 0.37250088109267954 0.5912832514313717
v 0.08069900956206515 0.39788764335901466 0.612969833773902
v 0.04153744464829089 0.42328351711628315 0.6337389399974431
v 4.001422154859502e-17 0.4486504904079288 0.6534818296418932
v -0.044049844636489005 0.4739396821847231 0.6720707564789785
v -0.090755482799161 0.4990893072403704 0.689356331724085
v -0.140265953171589 0.5240222959513104 0.7051645657802046
v -0.19273413425618585 0.5486435242845231 0.7192935813968866
v -0.24831418748990894 0.5728366109274268 0.7315100076262442
v -0.30715803317904017 0.5964602441930821 0.7415450894926839
v -0.36941059629539236 0.6193440139568186 0.7490905862562798
v -0.4352035070399268 0.6412837465916069 0.7537945858253131
v -0.5046468871710496 0.6620363781137953 0.755257439451394
v -0.5778188032062846 0.681314458241526 0.7530281252431695
v -0.6547519316737848 0.6987804628360987 0.7466014873870024
v -0.7354169754585653 0.7140412123131249 0.7354169754585654
v -0.8197024177457563 0.7266428573324677 0.7188597270212849
v -0.9073903347892831 0.7360671070150142 0.6962650925150814
v -0.9981282553568496 0.741729640721909 0.6669279781331057
v -1.0913975074764704 0.7429819533094267 0.6301186447344266
v -1.186479189822605 0.7391182087114687 0.5851067855423453
v -1.282419892842149 0.7293889623347058 0.5311957122722696
v -1.3780005839586298 0.7130237649108156 0.46776816694097606
v -1.4717135955423124 0.6892645397627013 0.39434446941546697
v -1.5617542191200406 0.6574110531208933 0.31065222899033695
v -1.646034641716346 0.6168785846027477 0.2167045716973312
v -1.7222282903010258 0.5672659191642093 0.11288080590469668
v -1.7878513683297097 0.5084290494997821 2.1894864555761946e-16
v -1.8403848076433134 0.44055281006938346 -0.1206251932054985
v -1.8774337220613946 0.3642097461788002 -0.24716883856418367
v -1.8969132116002865 0.2803938811618535 -0.3773194976331633
v -1.8972405731549276 0.19051780918245126 -0.5083640794244223
v -1.87750715369686 0.09636547746442374 -0.6373277993688538
v -1.8376010760324981 2.715171621972262e-16 -0.7611592879240535
v -1.7782568488777193 -0.09636547746442321 -0.8769392313328869
v -1.7010193626927677 -0.19051780918245081 -0.9820839869474355
v -1.6081253706952265 -0.280393881161853 -1.0745150197946034
v -1.5023208779446502 -0.36420974617879986 -1.1527713542511748
v -1.386643469574833 -0.44055281006938324 -1.2160536853797417
v -1.264201826299586 -0.5084290494997817 -1.2642018262995856
v -1.1379805195021564 -0.567265919164209 -1.2976180861441828
v -1.0106889850642886 -0.6168785846027475 -1.3171555293869064
v -0.884662701176699 -0.6574110531208931 -1.3239912965962652
v -0.7618150149253184 -0.6892645397627011 -1.3195023118194926
v -0.6436315145290046 -0.7130237649108155 -1.3051556002633342
v -0.5311957122722706 -0.7293889623347054 -1.2824198928421497
v -0.4252345050850304 -0.7391182087114686 -1.2527004566355409
v -0.32617341186291765 -0.7429819533094268 -1.2172957451504987
v -0.234193961955774 -0.741729640721909 -1.1773725537576785
v -0.14928809049174108 -0.7360671070150142 -1.1339556273335265
v -0.07130655044437133 -0.7266428573324677 -1.087927725841693
v -1.9105163512702028e-16 -0.7140412123131251 -1.0400366606929055
v 0.06494744369378713 -0.6987804628360988 -0.9909065054568367
v 0.12389169973937864 -0.681314458241526 -0.941050887827897
v 0.17720842095433717 -0.6620363781137953 -0.8908868930010008
v 0.22527791223468388 -0.6412837465916073 -0.8407486142828844
v 0.2684742955821837 -0.6193440139568188 -0.7908997709474602
v 0.30715803317904045 -0.5964602441930822 -0.7415450894926839
v 0.3416710410593978 -0.5728366109274269 -0.6928403327372832
v 0.37233375577102895 -0.548643524284523 -0.6449009823683636
v 0.3994436396584246 -0.524022295951311 -0.5978096529728759
v 0.4232747194988377 -0.4990893072403707 -0.5516223541331297
v 0.44407784549078355 -0.4739396821847233 -0.5063737331961337
v 0.4620814331219748 -0.4486504904079288 -0.46208143312197497
v 0.47749251075813387 -0.42328351711628365 -0.4187496931901998
v 0.4904979430206912 -0.3978876433590151 -0.376372309227943
v 0.501265736396967 -0.37250088109267965 -0.33493505698133974
v 0.5099463611427354 -0.3471521062577032 -0.2944176688780287
v 0.5166740442248396 -0.32186253019091743 -0.25479544165857554
v 0.5215680033464485 -0.296646946036322 -0.21604054068595518
v 0.5247336032505633 -0.2715147828821005 -0.17812305639212886
v 0.5262634235056276 -0.2464709964596649 -0.14101185933437077
v 0.5262382326224571 -0.22151682157499347 -0.10467529265662037
v 0.5247278672393426 -0.19665040810241033 -0.06908173427576697
v 0.5217920177055219 -0.17186735939898728 -0.034200055709769854
v 0.5339348998926705 -0.1189391706912702 0
v 0.5290729584002519 -0.0950998978056337 0.03467727377545499
v 0.5228176253571215 -0.07129429516634578 0.06883024616097647
v 0.5151896166368541 -0.04751472620743227 0.10247758629465507
v 0.5062022820528671 -0.023752878572671138 0.13563649268285713
v 0.49586183647425636 -2.22208672894712e-17 0.16832241219900115
v 0.484167536441035 0.02375287857267101 0.20054876005464642
v 0.47111180511630774 0.04751472620743214 0.23232663184245833
v 0.456680308452182 0.07129429516634563 0.2636644990184685
v 0.4408519855422782 0.09509989780563359 0.2945678792236579
v 0.42359903632791635 0.11893917069127015 0.3250389726562903
v 0.4048868701618023 0.14281881912584438 0.3550762553067049
v 0.3846740192627695 0.16674433476251982 0.38467401926276945
v 0.36291202187756305 0.19071967828190797 0.4138218494930808
v 0.3395452810733202 0.21474691821011263 0.44250402552324974
v 0.3145109066066935 0.23882581584807683 0.47069883524872486
v 0.28773854936324383 0.26295334495060907 0.4983777867933036
v 0.2591502405712227 0.28712313322713273 0.5255047028556892
v 0.22866025153705194 0.3113248109297222 0.552034680436394
v 0.19617499423446558 0.335543249752131 0.5779128972820529
v 0.1615929889595235 0.35975767300842665 0.6030732449438585
v 0.12480493274507048 0.3839406156416431 0.6274367672014031
v 0.08569391167179019 0.4080567101241993 0.6509098820165055
v 0.04413581203575182 0.43206127190882093 0.673382365533038
v 4.253964218145675e-17 0.4558986560195463 0.6947250784646563
v -0.04684964263496636 0.4795003550162698 0.7147874192584497
v -0.0965532170769737 0.5027828084852002 0.7333944957092685
v -0.14925270508870211 0.5256448962134164 0.750344018599045
v -0.2050890994585849 0.547965092444031 0.7654029392579854
v -0.26419856676405623 0.5695982686589864 0.7783038800240581
v -0.32670740386512254 0.5903721493237536 0.788741445338883
v -0.39272551042818843 0.6100834517291776 0.796368555192194
v -0.4623380632670679 0.6284937809841178 0.800793015851556
v -0.5355950508337249 0.6453254085665084 0.8015746395328688
v -0.6124983178807685 0.6602571423731343 0.7982233486847758
v -0.6929857960950778 0.6729206026820996 0.790198854060695
v -0.7769126773436501 0.6828973556157978 0.7769126773436502
v -0.8640294498158965 0.6897175245276803 0.7577334908211227
v -0.9539569978194382 0.6928606955540213 0.7319969497982416
v -1.046159400730882 0.691760141967233 0.6990213634268306
v -1.1399156894885847 0.6858115835815374 0.658130630179712
v -1.234292647252239 0.6743878223590256 0.6086857733765118
v -1.3281217542264487 0.6568605788991458 0.5501260430833418
v -1.4199844893438154 0.6326305981907914 0.48201978242769433
v -1.5082112311494476 0.6011664856991624 0.40412398140204425
v -1.5908996458171825 0.5620516801232651 0.31644961481295575
v -1.6659582995866637 0.5150374328288627 0.21932757101703532
v -1.7311798263866764 0.4600977379573491 0.1134675205772658
v -1.7843449532075681 0.39748012164839364 2.185192335520382e-16
v -1.8233539775100736 0.3277445467048859 -0.11950893362394788
v -1.8463763799234967 0.2517820674628511 -0.24308006190330314
v -1.8520032794052512 0.17080590507753693 -0.368386356701389
v -1.8393830711016335 0.08631063961094758 -0.4928612084731602
v -1.808319584586886 2.4310660682278396e-16 -0.613841784374069
v -1.7593155971067178 -0.08631063961094712 -0.7287323808161221
v -1.693552392879332 -0.17080590507753649 -0.8351676162928122
v -1.6128066342949272 -0.2517820674628517 -0.9311543444609909
v -1.5193163978031503 -0.3277445467048855 -1.0151747612525641
v -1.4156160288590327 -0.39748012164839325 -1.0862403835591374
v -1.304362647935978 -0.46009773795734876 -1.1438953414467605
v -1.1881754162096443 -0.5150374328288624 -1.188175416209644
v -1.0695032283544117 -0.5620516801232642 -1.219534700742869
v -0.9505293256821693 -0.6011664856991621 -1.238753934858644
v -0.8331143862215044 -0.6326305981907913 -1.2468437913786254
v -0.7187743139066811 -0.6568605788991456 -1.2449536308618312
v -0.6086857733765118 -0.6743878223590254 -1.234292647252239
v -0.5037113770035444 -0.6858115835815373 -1.2160668378835822
v -0.4044368109395807 -0.6917601419672331 -1.1914324253694482
v -0.31121346152504775 -0.6928606955540213 -1.161464450410861
v -0.22420172744140734 -0.6897175245276803 -1.12713819856902
v -0.14341179601047999 -0.6828973556157978 -1.0893207393599034
v -0.06874001250736836 -0.6729206026820996 -1.0487699238769441
v -1.84824646092618e-16 -0.6602571423731343 -1.0061385112360566
v 0.06305160039678885 -0.6453254085665087 -0.9619815262816818
v 0.12069445383328715 -0.6284937809841179 -0.9167653940873091
v 0.1732283641606265 -0.6100834517291776 -0.8708777963010753
v 0.22096095922862927 -0.5903721493237538 -0.8246375263304012
v 0.2641985667640564 -0.5695982686589866 -0.7783038800240584
v 0.3032396649573767 -0.547965092444031 -0.7320853117895716
v 0.33837036488087613 -0.5256448962134167 -0.686147223556317
v 0.36986146395122255 -0.5027828084852003 -0.6406188473253219
v 0.397966690309328 -0.47950035501627 -0.5955992420658529
v 0.4229218315343397 -0.4558986560195465 -0.5511624615840256
v 0.44494450501619487 -0.43206127190882093 -0.5073619689835045
v 0.4642343809997024 -0.4080567101241995 -0.46423438099970255
v 0.4809737132922625 -0.3839406156416435 -0.42180262587554135
v 0.4953280679476321 -0.3597576730084268 -0.38007859443969466
v 0.5074471681495196 -0.3355432497521311 -0.33906535763015144
v 0.5174657952735857 -0.3113248109297225 -0.2987590161976289
v 0.5255047028556892 -0.28712313322713284 -0.2591502405712228
v 0.531671512942379 -0.26295334495060957 -0.22022555138815633
v 0.5360615738931991 -0.23882581584807697 -0.18196838427105086
v 0.5387587658392899 -0.21474691821011277 -0.14435997622182603
v 0.53983624524085 -0.19071967828190828 -0.10738010553820336
v 0.5393571237743047 -0.16674433476251993 -0.07100771243644147
v 0.5373750794705043 -0.14281881912584432 -0.03522142353911055
v 0.5626019531378939 -0.09047221690081662 0
v 0.5584964157857241 -0.06784295199231505 0.036605789060495435
v 0.5528571210204506 -0.045223042421069656 0.07278502079131947
v 0.5457003542264685 -0.022609793208126613 0.1085465493391048
v 0.5370351876290983 -2.1152299474038964e-17 0.1438981448323133
v 0.526863644283841 0.022609793208126647 0.17884610789242852
v 0.5151808218624977 0.0452230424210697 0.21339488348996408
v 0.5019749785232411 0.06784295199231508 0.24754666464089847
v 0.48722758363615837 0.09047221690081665 0.28130097656894687
v 0.47091333669969176 0.11311275275433244 0.3146542318940322
v 0.45300015847943337 0.13576540705735676 0.3475992471600153
v 0.43344915928612676 0.1584296448891772 0.3801247105979315
v 0.4122145904491505 0.18110320161116747 0.41221459044915043
v 0.38924378651017644 0.20378169456114573 0.44384747246448186
v 0.3644771075475873 0.22645818489755926 0.47499581437578875
v 0.33784789345063193 0.24912267983238165 0.5056251042426119
v 0.3092824450182533 0.2717615644507128 0.5356929086607424
v 0.27870005060902103 0.2943569511793636 0.5651477959593397
v 0.24601308188929039 0.3168859337744742 0.5939281188183275
v 0.2111271882171471 0.33931973151089534 0.6219606403645738
v 0.17394162658658338 0.36162270816836134 0.6491589879723026
v 0.1343497730877163 0.38375124956260936 0.6754219200020224
v 0.09223987277314268 0.4056524829685432 0.7006313929738425
v 0.04749609790563674 0.4272628221186452 0.7246504207372205
v 4.5760196616895754e-17 0.44850632293869147 0.7473207237998055
v -0.050367541040277644 0.46929283835839697 0.7684601770623509
v -0.10372374714779367 0.48951596614863635 0.7878600789851188
v -0.1601806059550672 0.5090507927611532 0.8052822861905583
v -0.21984059939439862 0.527751449822943 0.8204562865062911
v -0.28279130565708754 0.5454485198043619 0.8330763225772522
v -0.34909866420045 0.561946355268869 0.8427987297190573
v -0.41879868248729923 0.5770204140830544 0.8492397179016209
v -0.49188736653653536 0.5904147631382878 0.8519739104425349
v -0.5683086842331575 0.6018399673553285 0.850534051796186
v -0.6479404328233448 0.6109716600001247 0.8444124121450959
v -0.7305779954197599 0.6174501838473903 0.8330645419223683
v -0.8159161536136826 0.6208817965903535 0.8159161536136827
v -0.9035293932605093 0.62084203931937 0.7923740115115933
v -0.9928515142109893 0.6168819580847287 0.7618417619098687
v -1.0831558391292577 0.6085379206548142 0.7237415932437224
v -1.173537899897368 0.5953457483983392 0.6775424224099734
v -1.2629031197906122 0.5768597421518686 0.6227948970454046
v -1.3499626185422027 0.5526768718066051 0.5591728252968776
v -1.43324070408162 0.5224658792349095 0.48651966097684957
v -1.511097684067161 0.4860002944132609 0.4048974041303361
v -1.5817711054697392 0.44319341489654057 0.31463383524172506
v -1.643437204287944 0.394132252081552 0.21636261257255507
v -1.6942921156558253 0.3391064947428453 0.11104977228063898
v -1.7326493559442635 0.2786279490672662 2.1218834878018653e-16
v -1.7570466268674496 0.2134359802240197 -0.1151629202527261
v -1.7663517870697987 0.1444854353141903 -0.23254462438569934
v -1.7598557565175472 0.07291542771196317 -0.35005707477562453
v -1.7373399795482336 2.05286746839792e-16 -0.46551884449825165
v -1.6991083295282898 -0.07291542771196377 -0.576769558728614
v -1.645977831815337 -0.14448543531418992 -0.6817863413033736
v -1.5792284746273326 -0.21343598022401936 -0.7787892989208621
v -1.5005183580984782 -0.27862794906726673 -0.866324677972132
v -1.4117751274493082 -0.3391064947428451 -0.9433179817074226
v -1.3150770621515584 -0.39413225208155167 -1.0090941210609745
v -1.2125370426881266 -0.44319341489654024 -1.0633664469443305
v -1.1062002799368262 -0.4860002944132608 -1.1062002799368258
v -0.9979630289841542 -0.5224658792349093 -1.1379587378873546
v -0.8895155091684709 -0.5526768718066049 -1.1592391810841147
v -0.7823087357345897 -0.5768597421518689 -1.1708077620839403
v -0.6775424224099742 -0.595345748398339 -1.1735378998973678
v -0.5761696763215263 -0.6085379206548142 -1.168356525089116
v -0.47891375253763 -0.6168819580847287 -1.1562000765833367
v -0.38629240187374525 -0.6208420393193699 -1.1379807198978777
v -0.298646039580694 -0.6208817965903534 -1.1145621931943765
v -0.2161668325182396 -0.6174501838473904 -1.0867440540066977
v -0.13892666889155325 -0.6109716600001247 -1.0552528166002204
v -0.06690273183913031 -0.6018399673553284 -1.0207384377557849
v -1.8071648669099684e-16 -0.5904147631382879 -0.9837747330730715
v 0.06192956084535545 -0.5770204140830544 -0.9448625108491839
v 0.11907105323472551 -0.5619463552688692 -0.9044344423141839
v 0.1716337066202181 -0.5454485198043619 -0.8628609114717638
v 0.2198405993943982 -0.5277514498229431 -0.8204562865062914
v 0.26392066914460593 -0.5090507927611532 -0.7774852200361678
v 0.30410263948685623 -0.4895159661486362 -0.7341687166026237
v 0.3406105184641396 -0.46929283835839697 -0.6906898056528227
v 0.3736603618999027 -0.4485063229386913 -0.6471987315852052
v 0.4034580377355243 -0.42726282211864525 -0.6038176242686966
v 0.43019776955030725 -0.4056524829685432 -0.5606446486176544
v 0.4540612764876485 -0.38375124956260925 -0.517757654450754
v 0.47521736138571913 -0.3616227081683613 -0.4752173613857194
v 0.49382182860791474 -0.3393197315108955 -0.4330701206011851
v 0.5100176379885906 -0.3168859337744743 -0.39135029797392923
v 0.5239352218430907 -0.29435695117936345 -0.350082322889062
v 0.5356929086607422 -0.2717615644507129 -0.3092824450182535
v 0.5453974104646113 -0.24912267983238162 -0.26896023833994087
v 0.5531443414219778 -0.22645818489755937 -0.22911988816691742
v 0.5590187436153004 -0.20378169456114592 -0.18976129330466746
v 0.5630956023641377 -0.18110320161116725 -0.15088101191498723
v 0.5654403384897592 -0.15842964488917732 -0.11247307634095342
v 0.5661092687415735 -0.1357654070573567 -0.07452969913720249
v 0.565150028509844 -0.11311275275433227 -0.037041889878665635
v 0.5974403632318531 -0.06355506398799583 0
v 0.5940981332944717 -0.04237469503212175 0.03893924890818865
v 0.5890527937222496 -0.02118868751085292 0.07755027150436725
v 0.5823156352459019 -1.982372398831943e-17 0.11582978156895174
v 0.5738910237687154 0.02118868751085288 0.15377363636229752
v 0.5637765110798288 0.04237469503212171 0.19137633773318308
v 0.5519629234860178 0.06355506398799579 0.22863052883501153
v 0.5384344307668816 0.08472627318718157 0.2655264767504566
v 0.5231685988304695 0.10588394382612343 0.30205153136633084
v 0.5061364305322777 0.12702252783866969 0.3381895507543932
v 0.48730240037956674 0.14813497366758652 0.37392028311817027
v 0.466624490339133 0.1692123632231029 0.40921869508341074
v 0.4440542357707691 0.190243513420441 0.444054235770769
v 0.41953679269966304 0.2112145352654567 0.4783900257345083
v 0.3930110403077335 0.2321083430052294 0.5121819595357562
v 0.3644097357656543 0.25290410540832625 0.5453777105182862
v 0.3336597424539438 0.27357663083019146 0.5779156263705768
v 0.30068235735175886 0.29409567741310194 0.6097235044266072
v 0.26539376902998546 0.3144251796515158 0.6407172365615034
v 0.22770568439296893 0.33452238273781 0.6707993152167705
v 0.1875261701789123 0.35433687674628506 0.6998571948565084
v 0.14476076432742477 0.3738095240223837 0.7277615074135849
v 0.09931392266638102 0.39287127539122 0.7543641365440303
v 0.05109087786629859 0.4114418743347474 0.7794961644049796
v 4.9167469756308496e-17 0.4294284535522127 0.8029657169812685
v -0.05404423918026694 0.44672403585902254 0.8245557506263173
v -0.11111758384700074 0.4632059618476749 0.844021844501939
v -0.17128146875324582 0.4787342808834061 0.8610900921325125
v -0.2345775195991112 0.49315016065751305 0.8754552214573668
v -0.3010209481142955 0.5062743944947456 0.8867791175230215
v -0.3705927220997552 0.5179061156074075 0.8946899758099924
v -0.4432304181090502 0.5278218638841511 0.8987823767849664
v -0.5188177147480465 0.5357751933429697 0.898618641810394
v -0.5971725656137084 0.5414970557507077 0.8937319030032115
v -0.678034211279301 0.5446972451697187 0.8836313877935599
v -0.7610493576891164 0.5450672340769797 0.8678104713232219
v -0.8457580697712171 0.5422847659261824 0.8457580697712173
v -0.9315802046412746 0.5360205797084687 0.8169739128603737
v -1.0178035296691221 0.5259476136198951 0.7809881167753623
v -1.1035750136996887 0.5117529488424943 0.7373852494956294
v -1.1878971021560452 0.4931525914855929 0.685832711699369
v -1.2696310229585404 0.4699089352635248 0.6261127317194499
v -1.3475092323704714 0.4418503938775043 0.5581565994708079
v -1.4201588963636893 0.40889225293917186 0.4820789856333662
v -1.48613771710598 0.37105730578154345 0.39820940113998005
v -1.5439823938461747 0.3284943765982262 0.30711719315245467
v -1.5922685635770346 0.2814924986598363 0.20962613322481183
v -1.629679318187411 0.2304884215562177 0.10681482579237944
v -1.655077585401083 0.17606537542298986 2.0268854673019663e-16
v -1.6675761413381482 0.1189416806280746 -0.10929871481137504
v -1.6665981854875553 0.059948834017585426 -0.219411813594059
v -1.6519215834715357 1.687086978555472e-16 -0.32858763289387666
v -1.6237012184200255 -0.0599488340175851 -0.4350694302250751
v -1.5824662732235744 -0.11894168062807428 -0.5371749159533967
v -1.529092305870262 -0.1760653754229895 -0.6333707712118112
v -1.464751102468591 -0.23048842155621738 -0.7223353064566953
v -1.3908438879740765 -0.281492498659836 -0.803004093122579
v -1.3089250706183488 -0.3284943765982254 -0.8745957708241898
v -1.2206240788989702 -0.3710573057815432 -0.9366177979161389
v -1.1275720963709734 -0.4088922529391717 -0.9888541888447443
v -1.0313389163743591 -0.4418503938775041 -1.0313389163743587
v -0.933383146730882 -0.4699089352635246 -1.0643194955833046
v -0.835017003270068 -0.49315259148559276 -1.08821534541538
v -0.7373852494956296 -0.5117529488424941 -1.1035750136996887
v -0.6414566360151042 -0.5259476136198948 -1.1110354844303751
v -0.5480255028346043 -0.5360205797084685 -1.1112857869228545
v -0.4577209690273588 -0.5422847659261821 -1.1050361712084031
v -0.3710212349914994 -0.5450672340769797 -1.092993312954216
v -0.28827083771701234 -0.5446972451697187 -1.0758414127003333
v -0.2096991184923071 -0.5414970557507078 -1.054228659860351
v -0.13543860152474296 -0.5357751933429699 -1.0287583145533088
v -0.06554238658004696 -0.5278218638841512 -0.9999835798240633
v -1.7789319546781033e-16 -0.5179061156074076 -0.9684054514965267
v 0.06124858362345474 -0.5062743944947458 -0.9344728061761133
v 0.11830083988436066 -0.49315016065751316 -0.8985840910904742
v 0.17128146875324596 -0.4787342808834062 -0.8610900921325128
v 0.2203339150267649 -0.4632059618476752 -0.8222973655104518
v 0.2656134583972589 -0.4467240358590226 -0.7824720163671997
v 0.3072816766458873 -0.42942845355221276 -0.7418435912272444
v 0.345502084068627 -0.41144187433474755 -0.7006089194603932
v 0.38043675747067507 -0.39287127539122013 -0.6589357930059676
v 0.41224377887302 -0.373809524022384 -0.6169664150843599
v 0.4410753439316175 -0.35433687674628517 -0.5748205795463455
v 0.4670764056224444 -0.3345223827378101 -0.5325985648788181
v 0.49038374252566264 -0.31442517965151595 -0.4903837425256629
v 0.5111253592121795 -0.29409567741310233 -0.4482449096678001
v 0.5294201423930988 -0.2735766308301917 -0.4062383632378891
v 0.5453777105182862 -0.2529041054083263 -0.36440973576565416
v 0.5590984064619039 -0.23210834300522967 -0.3227956154742714
v 0.5706733929679546 -0.21121453526545683 -0.2814249734999119
v 0.5801848188545695 -0.19024351342044146 -0.24032042065254056
v 0.5877060308153185 -0.1692123632231032 -0.1994993151199504
v 0.5933018112288895 -0.14813497366758663 -0.1589747411867033
v 0.5970286268997911 -0.12702252783866994 -0.1187563775700643
v 0.5989348772864781 -0.10588394382612357 -0.07885127248696536
v 0.5990611336915613 -0.08472627318718154 -0.03926454114016714
v 0.6308754996104233 -0.0395243134340644 0
v 0.6283044373931502 -0.019766169427469817 0.041181248528927114
v 0.6238621197728945 -1.8493704358200835e-17 0.08213300621826866
v 0.6175539742704533 0.019766169427469713 0.12283912300685228
v 0.6093789382467268 0.0395243134340643 0.16328259438774545
v 0.5993295352238129 0.05926611714320998 0.2034449631943309
v 0.5873919482886293 0.07898268220217386 0.24330571140990595
v 0.5735460937437006 0.09866422359533027 0.28284163274782753
v 0.5577656995555089 0.11829975261894955 0.32202617678311296
v 0.5400183946829825 0.13787674124657295 0.3608287554106416
v 0.520265817104641 0.1573807629968152 0.39921400238731686
v 0.4984637503628868 0.17679510529385065 0.437140976723349
v 0.4745623007714287 0.19610034820481023 0.4745623007714287
v 0.4485061301533806 0.2152739043752708 0.511423224088381
v 0.42023476216154687 0.2342895150010332 0.5476606045988173
v 0.38968298394653245 0.2531166968208506 0.5832017993870636
v 0.35678136924553866 0.27172013545576534 0.6179634587272649
v 0.32145695391613577 0.29005902104076664 0.651850218916418
v 0.2836341005640496 0.3080863231022037 0.6847532923332227
v 0.2432355952038768 0.3257480031672055 0.7165489571947737
v 0.2001840257799605 0.3429821658205885 0.7470969550744906
v 0.15440349970680883 0.35971815206003455 0.7762388117984815
v 0.10582176508284648 0.3758755830925372 0.8037961073438651
v 0.054372807428607804 0.39136336845618114 0.829568733374378
v 5.225158821116098e-17 0.4060786998683548 0.8533331936610714
v -0.05734011008942996 0.41990606184204293 0.8748410234452682
v -0.11767329695886812 0.43271630221535107 0.893817429333252
v -0.1810023538960773 0.4443658205887669 0.9099602819094885
v -0.247300928228233 0.4546959504106938 0.9229396289067096
v -0.31650645062748956 0.4635326310025663 0.9323979368745464
v -0.3885121544136729 0.47068648868292623 0.9379513123322794
v -0.4631582372683361 0.47595347025403795 0.9391919965591159
v -0.5402222976381084 0.47911619554170926 0.9356924668908005
v -0.6194092846523731 0.47994621542539173 0.9270115048592505
v -0.7003413357209382 0.4782073735340413 0.9127025983610275
v -0.7825480392133052 0.47366046773231707 0.8923250192403037
v -0.8654578449728526 0.4660693845383916 0.8654578449728526
v -0.9483915400760523 0.4552088276671446 0.83171705834815
v -1.0305588893132065 0.4408736730918698 0.790775648471646
v -1.1110596770718246 0.42288985135626134 0.7423863416729077
v -1.18889043745059 0.40112648169798665 0.68640621409907
v -1.2629580737695223 0.37550876759216106 0.6228219973487464
v -1.3321012992180528 0.3460309256808454 0.551774424590938
v -1.3951203417801008 0.3127681881638565 0.47357954164418403
v -1.4508146410427507 0.2758867330126482 0.3887446114346546
v -1.4980273574671 0.23565030519584995 0.29797616807327454
v -1.5356945055758253 0.19242234328272703 0.20217801719029838
v -1.562895554379827 0.14666265422429112 0.10243758665259542
v -1.5789015913611752 0.09891809305804125 1.9335967800291254e-16
v -1.5832168033869989 0.04980727448942561 -0.1037695116812558
v -1.5756092283698253 1.4012159256022123e-16 -0.20743289013663738
v -1.556127524930422 -0.04980727448942533 -0.30953300992855814
v -1.5251018242646686 -0.098918093058041 -0.4086498021869493
v -1.483128381407815 -0.14666265422429087 -0.5034542455100279
v -1.4310394628759975 -0.1924223432827268 -0.5927559538143472
v -1.369861405781005 -0.23565030519584967 -0.6755408865577145
v -1.3007648218212295 -0.27588673301264804 -0.7509969200308827
v -1.2250113641581948 -0.3127681881638563 -0.8185264247388843
v -1.1439013184633204 -0.3460309256808448 -0.8777463532416204
v -1.058725626351629 -0.3755087675921609 -0.9284774550776426
v -0.9707249772760755 -0.40112648169798654 -0.9707249772760753
v -0.8810575125831323 -0.4228898513562612 -1.0046535451777667
v -0.7907756484716462 -0.44087367309186964 -1.0305588893132065
v -0.7008116671563774 -0.4552088276671445 -1.0488387796094432
v -0.6119711110114004 -0.46606938453839153 -1.059965057036118
v -0.5249326519871385 -0.473660467732317 -1.064458117784137
v -0.44025296842024697 -0.4782073735340413 -1.0628646872351724
v -0.3583751926022428 -0.4799462154253917 -1.0557392733920068
v -0.27963963843557005 -0.47911619554170937 -1.0436293384517386
v -0.2042957273186462 -0.47595347025403806 -1.0270639780216013
v -0.13251426076487643 -0.4706864886829262 -1.0065457411995429
v -0.06439941117074743 -0.4635326310025663 -0.9825451449259637
v -1.7552202740388203e-16 -0.454695950410694 -0.9554974137636382
v 0.060680202997698926 -0.4443658205887671 -0.925800993590348
v 0.11767329695886805 -0.4327163022153512 -0.8938174293332523
v 0.17103922508697764 -0.41990606184204293 -0.8598722509823645
v 0.2208588823376426 -0.406078699868355 -0.8242565701869602
v 0.2672282863619985 -0.39136336845618125 -0.7872291461500066
v 0.3102537168368787 -0.3758755830925372 -0.7490187309642539
v 0.3500477160774214 -0.35971815206003466 -0.7098265493294896
v 0.38672584102276103 -0.3429821658205884 -0.6698288052512263
v 0.42040406015057613 -0.32574800316720565 -0.6291791390693217
v 0.4511966962035782 -0.3080863231022038 -0.5880109826346286
v 0.47921482503762697 -0.2900590210407665 -0.5464397794694117
v 0.5045650511890837 -0.27172013545576545 -0.5045650511890838
v 0.5273485910787755 -0.2531166968208508 -0.4624723021684789
v 0.5476606045988173 -0.23428951500103334 -0.42023476216154715
v 0.5655897248659241 -0.21527390437527094 -0.37791497198206414
v 0.5812177440256 -0.1961003482048104 -0.3355662209709675
v 0.5946194201151399 -0.17679510529385078 -0.2932338472591678
v 0.6058623761661982 -0.15738076299681542 -0.25095641313962963
v 0.6150070680163693 -0.13787674124657304 -0.2087667684692346
v 0.622106801791876 -0.11829975261894952 -0.16669301514604165
v 0.627207785817282 -0.09866422359533036 -0.12475938551586935
v 0.6303492049013412 -0.07898268220217389 -0.08298704717749078
v 0.6315633076353789 -0.0592661171432099 -0.041394846169468154
v 0.6550737876838317 -0.018697214851973683 0
v 0.6532713678349782 -1.7494176496654004e-17 0.04281766760595171
v 0.6494695406198134 0.01869721485197371 0.08550428712953707
v 0.6436669751504969 0.03738291176107928 0.12803332183128882
v 0.6358562739310964 0.05604528439804501 0.17037717510210004
v 0.6260240302742226 0.07467194584783711 0.2125065232273998
v 0.6141508983750351 0.09324962877636415 0.2543896314505599
v 0.6002116803478438 0.11176387412954522 0.2959916448141024
v 0.584175436197136 0.13019870452053425 0.33727384534238347
v 0.5660056245344767 0.1485362784635512 0.3781928672561087
v 0.5456602839155229 0.16675652164430183 0.41869986211664256
v 0.5230922670077068 0.1848367314988701 0.4587396061392815
v 0.49824954245819536 0.2027511515337606 0.4982495424581953
v 0.4710755823594809 0.2204705120966486 0.5371587519599959
v 0.4415098566455178 0.2379615347480195 0.5753868475399222
v 0.4094884596216452 0.2551863980486099 0.6128427884147686
v 0.3749448981435524 0.27210216354171907 0.6494236136233703
v 0.3378110756901953 0.28866016206570555 0.6850130972699149
v 0.2980185116528414 0.30480534239248774 0.7194803326705338
v 0.2554998404512892 0.3204755866856386 0.7526782586461026
v 0.21019064036101515 0.33560100056075093 0.7844421491027461
v 0.16203164683936155 0.3501031897838583 0.8145880971297105
v 0.11097140915893465 0.3638945410461737 0.8429115375138826
v 0.05696945156644847 0.37687753099153665 0.8691858672014446
v 5.4690352816046545e-17 0.3889440959140081 0.8931612421495585
v -0.0599436686769936 0.39997510440436224 0.9145636513891542
v -0.12284420757418857 0.40983998672753275 0.9330943949061065
v -0.18865448060178827 0.4183965877212717 0.9484301206958604
v -0.2572911400570656 0.4254913241396757 0.9602236070302884
v -0.32862753729829886 0.4309597418976763 0.9681055067586167
v -0.40248605739854787 0.4346275824115065 0.9716872984376504
v -0.47863004055351743 0.4363124783927 0.9705657100085014
v -0.5567555435529908 0.43582640556122143 0.9643288888294076
v -0.6364833034367682 0.43297901457534693 0.9525645797638349
v -0.7173513894347066 0.42758195313030956 0.9348705319542024
v -0.7988091614237603 0.41945425731811703 0.9108672753858822
v -0.8802132813557938 0.40842883970029054 0.8802132813557939
v -0.9608266304729197 0.394360025753128 0.84262233994139
v -1.0398210457658335 0.3771319890956101 0.79788275108463
v -1.1162847755600835 0.35666781139586773 0.7458776408637867
v -1.189235436438465 0.3329387522473158 0.6866053993575897
v -1.257639006064834 0.30597317090640175 0.6201989234394285
v -1.3204349945546854 0.2758644152581392 0.5469420829765947
v -1.3765674066402578 0.24277690851265693 0.4672816687965483
v -1.4250204715092956 0.20694964763706705 0.3818330845387339
v -1.4648574418503475 0.16869640280089454 0.29137826163216285
v -1.4952601417397322 0.12840208774701925 0.19685473220291927
v -1.5155664845054553 0.0865150543832342 0.09933547552120472
v -1.5253029926299853 0.04353542807505226 1.8679574276541903e-16
v -1.5242095088092595 1.2245197697868446e-16 -0.09990196926327193
v -1.5122538140810937 -0.04353542807505202 -0.19909199160984165
v -1.4896347217611534 -0.08651505438323454 -0.2963067690364493
v -1.4567732853299882 -0.12840208774701903 -0.39034122535940313
v -1.4142928883811685 -0.16869640280089435 -0.48008774424117256
v -1.362990005241898 -0.20694964763706683 -0.5645689455501698
v -1.3037981847259117 -0.2427769085126567 -0.6429621112655003
v -1.2377482226735597 -0.2758644152581395 -0.7146142695495608
v -1.1659275261307227 -0.30597317090640164 -0.7790478663226436
v -1.0894413740846831 -0.3329387522473156 -0.8359577681560589
v -1.0093782362348374 -0.3566678113958676 -0.8852009554350948
v -0.9267806352357416 -0.3771319890956101 -0.9267806352357414
v -0.8426223399413902 -0.3943600257531278 -0.9608266304729197
v -0.7577920467562936 -0.40842883970029037 -0.9875738226700704
v -0.6730832012379375 -0.4194542573181169 -1.0073401977260323
v -0.5891892580996873 -0.42758195313030956 -1.0205057303024698
v -0.5067034731023449 -0.43297901457534693 -1.027492999742798
v -0.4261222447903006 -0.4358264055612214 -1.02875010260161
v -0.3478510477791633 -0.4363124783927 -1.0247361424891324
v -0.2722120902887394 -0.43462758241150656 -1.0159093513921025
v -0.19945295769586366 -0.4309597418976763 -1.0027177310457192
v -0.12975564758112024 -0.42549132413967566 -0.985591993763609
v -0.06324554312655332 -0.4183965877212716 -0.9649405205342563
v -1.7288572091251026e-16 -0.4098399867275329 -0.941146029657313
v 0.059943668676992905 -0.39997510440436235 -0.9145636513891545
v 0.11658093597631303 -0.3889440959140081 -0.8855201239074294
v 0.16993359158812754 -0.3768775309915366 -0.8543138560297782
v 0.22004406674007226 -0.36389454104617397 -0.8212156369780282
v 0.26697052618493955 -0.35010318978385835 -0.7864698091544358
v 0.31078267703409473 -0.335601000560751 -0.7502957538463284
v 0.3515582309651537 -0.3204755866856386 -0.712889570515529
v 0.38937995017318133 -0.30480534239248763 -0.6744258571485877
v 0.42433320631570914 -0.2886601620657057 -0.6350595218624147
v 0.45650398398679626 -0.2721021635417191 -0.5949275747346885
v 0.4859772646850559 -0.25518639804860993 -0.5541508640113519
v 0.5128357328799714 -0.23796153474801934 -0.5128357328799716
v 0.5371587519599956 -0.22047051209664895 -0.4710755823594812
v 0.559021564104481 -0.20275115153376086 -0.428952332999579
v 0.5784946741590548 -0.1848367314988702 -0.3865377834231658
v 0.5956433832289655 -0.16675652164430183 -0.34389486764826305
v 0.6105274428411045 -0.14853627846355105 -0.30107881590367924
v 0.6232008051264106 -0.1301987045205346 -0.258138225565192
v 0.6337114485439446 -0.11176387412954544 -0.2151160500987212
v 0.6421012622355416 -0.09324962877636425 -0.17205051467501786
v 0.6484059752106951 -0.07467194584783708 -0.1289759675522755
v 0.6526551192685697 -0.05604528439804493 -0.08592367651490698
v 0.6548720169249067 -0.037382911761079066 -0.04292257969005751
v 0.6639201755416029 -1.7120868429357512e-17 0
v 0.6628955177078607 0.018297996165988106 0.043448467715273255
v 0.6598185717107671 0.03658328540567081 0.08686676292027073
v 0.6546804268660693 0.054842874618135626 0.13022403358505488
v 0.647466255458875 0.07306319483092355 0.1734880602766085
v 0.6381553505220007 0.0912298044597865 0.21662455155114355
v 0.6267211840890882 0.10932708201032515 0.2595964142762255
v 0.6131314914808683 0.12733790472468834 0.30236299057954175
v 0.5973483890507333 0.14524330971748745 0.34487925321843016
v 0.5793285348947319 0.16302213422486958 0.38709495135374494
v 0.5590233443685042 0.18065063173075382 0.4289536990442094
v 0.5363792748949644 0.19810206096274588 0.4703919993200054
v 0.5113381975331223 0.21534624510349118 0.5113381975331222
v 0.4838378761438692 0.2323490990871402 0.5517113589260207
v 0.45381257875319064 0.24907212360254352 0.5914200671456559
v 0.42119384987645414 0.2654718654753226 0.6303611429243641
v 0.3859114770967017 0.2814993455355021 0.6684182855554403
v 0.3478946900065903 0.2970994569975354 0.7054606443505906
v 0.3070736345837634 0.3122103399034055 0.7413413332593215
v 0.26338117093951174 0.32676274044060755 0.7758959095738368
v 0.2167550468074212 0.3406793680905443 0.8089408474822662
v 0.16714050261376062 0.3538742687390772 0.840272049523922
v 0.11449336578997094 0.3662522382312265 0.869663454078916
v 0.05878369120615088 0.3777083084893598 0.8968658151592847
v 5.643207671857129e-17 0.38812734729300535 0.9216057520888716
v -0.0618458408828034 0.3973838230917604 0.9435851910531764
v -0.12671307327711887 0.40534179758533667 0.9624813474807207
v -0.19452583782726585 0.41185522082014303 0.9779474267478822
v -0.26516633883480467 0.41676861546566507 0.9896142489885149
v -0.33846747519952447 0.41991824757894414 0.997093029066257
v -0.41420509628821045 0.42113388887051917 0.9999795610630515
v -0.4920901257069516 0.42024127801035077 0.9978600626333592
v -0.5717608959622942 0.41706538304339513 0.9903189215877969
v -0.652776149648293 0.41143455023325215 0.9769485472942258
v -0.7346092813669646 0.403185593116224 0.9573614546020726
v -0.8166445079345488 0.39216982598657124 0.9312045903121277
v -0.8981757463888518 0.378259976197722 0.898175746388852
v -0.9784090288467582 0.3613578192726723 0.8580416894782084
v -1.0564692657195693 0.3414022726939248 0.8106573795569414
v -1.1314120588173935 0.3183775654166253 0.7559853683860754
v -1.2022410420888083 0.29232098258215805 0.6941141892807896
v -1.2679308790504282 0.26332958544350316 0.6252743135275693
v -1.3274555785264317 0.23156524557177458 0.5498501040734712
v -1.379821233581435 0.19725733119079447 0.4683861942093353
v -1.4241016979816465 0.16070245969025793 0.3815868999139732
v -1.4594751688984284 0.12226089311900798 0.2903076609774131
v -1.4852592360019914 0.08234939854934485 0.19553808798440955
v -1.5009417745290083 0.041430702278193725 0.09837692138667982
v -1.5062051686925086 1.165239804609015e-16 1.84456933869848e-16
v -1.5009417745290083 -0.041430702278193496 -0.09837692138667943
v -1.4852592360019914 -0.08234939854934517 -0.19553808798440986
v -1.4594751688984284 -0.12226089311900776 -0.29030766097741273
v -1.424101697981647 -0.16070245969025773 -0.3815868999139722
v -1.3798212335814355 -0.19725733119079428 -0.468386194209335
v -1.327455578526432 -0.23156524557177438 -0.5498501040734709
v -1.2679308790504282 -0.26332958544350293 -0.6252743135275691
v -1.2022410420888079 -0.2923209825821583 -0.6941141892807897
v -1.1314120588173937 -0.3183775654166251 -0.7559853683860751
v -1.0564692657195698 -0.3414022726939247 -0.8106573795569407
v -0.9784090288467584 -0.3613578192726723 -0.8580416894782082
v -0.8981757463888523 -0.3782599761977219 -0.898175746388852
v -0.8166445079345493 -0.3921698259865712 -0.9312045903121278
v -0.734609281366965 -0.40318559311622393 -0.9573614546020724
v -0.6527761496482934 -0.41143455023325215 -0.9769485472942256
v -0.5717608959622951 -0.4170653830433951 -0.990318921587797
v -0.4920901257069519 -0.42024127801035077 -0.9978600626333592
v -0.41420509628821117 -0.42113388887051906 -0.9999795610630514
v -0.338467475199525 -0.41991824757894414 -0.9970930290662571
v -0.26516633883480434 -0.416768615465665 -0.9896142489885148
v -0.19452583782726637 -0.41185522082014303 -0.9779474267478823
v -0.12671307327711914 -0.4053417975853368 -0.9624813474807207
v -0.061845840882802997 -0.39738382309176035 -0.9435851910531762
v -1.692962301557139e-16 -0.38812734729300546 -0.9216057520888719
v 0.0587836912061503 -0.37770830848936005 -0.8968658151592852
v 0.11449336578997059 -0.36625223823122655 -0.8696634540789163
v 0.16714050261376062 -0.3538742687390772 -0.8402720495239221
v 0.21675504680742086 -0.34067936809054444 -0.8089408474822665
v 0.2633811709395116 -0.32676274044060755 -0.7758959095738369
v 0.3070736345837636 -0.3122103399034055 -0.7413413332593214
v 0.3478946900065902 -0.2970994569975355 -0.7054606443505909
v 0.3859114770967018 -0.2814993455355022 -0.6684182855554405
v 0.4211938498764538 -0.2654718654753227 -0.6303611429243643
v 0.45381257875319064 -0.24907212360254363 -0.5914200671456561
v 0.48383787614386925 -0.2323490990871402 -0.5517113589260207
v 0.5113381975331222 -0.21534624510349126 -0.5113381975331224
v 0.5363792748949641 -0.19810206096274607 -0.4703919993200059
v 0.5590233443685041 -0.180650631730754 -0.4289536990442097
v 0.5793285348947319 -0.1630221342248697 -0.38709495135374494
v 0.5973483890507332 -0.14524330971748767 -0.3448792532184305
v 0.6131314914808683 -0.12733790472468842 -0.30236299057954186
v 0.6267211840890881 -0.10932708201032534 -0.25959641427622593
v 0.6381553505220008 -0.09122980445978662 -0.21662455155114382
v 0.647466255458875 -0.07306319483092358 -0.17348806027660849
v 0.6546804268660692 -0.05484287461813579 -0.13022403358505522
v 0.6598185717107671 -0.03658328540567085 -0.0868667629202708
v 0.6628955177078607 -0.018297996165988088 -0.04344846771527308
v 0.6550737876838317 0.01869721485197371 0
v 0.6548720169249067 0.03738291176107928 0.04292257969005768
v 0.6526551192685697 0.05604528439804507 0.08592367651490691
v 0.6484059752106952 0.07467194584783711 0.1289759675522752
v 0.6421012622355416 0.09324962877636415 0.17205051467501792
v 0.6337114485439446 0.11176387412954528 0.21511605009872103
v 0.6232008051264106 0.13019870452053425 0.25813822556519156
v 0.6105274428411045 0.1485362784635512 0.3010788159036792
v 0.5956433832289656 0.16675652164430183 0.3438948676482627
v 0.5784946741590546 0.1848367314988701 0.38653778342316575
v 0.5590215641044811 0.2027511515337606 0.4289523329995788
v 0.537158751959996 0.2204705120966486 0.4710755823594808
v 0.5128357328799718 0.2379615347480195 0.5128357328799716
v 0.48597726468505575 0.2551863980486099 0.5541508640113519
v 0.4565039839867963 0.27210216354171907 0.5949275747346884
v 0.4243332063157093 0.28866016206570555 0.6350595218624143
v 0.38937995017318144 0.30480534239248774 0.6744258571485879
v 0.351558230965154 0.3204755866856387 0.7128895705155291
v 0.3107826770340946 0.33560100056075093 0.7502957538463284
v 0.2669705261849397 0.3501031897838583 0.7864698091544357
v 0.22004406674007257 0.36389454104617375 0.8212156369780278
v 0.1699335915881276 0.37687753099153665 0.8543138560297784
v 0.11658093597631342 0.3889440959140081 0.8855201239074293
v 0.05994366867699351 0.39997510440436224 0.9145636513891542
v 5.76285736375034e-17 0.4098399867275328 0.9411460296573129
v -0.06324554312655375 0.4183965877212717 0.9649405205342567
v -0.12975564758112001 0.4254913241396757 0.9855919937636093
v -0.19945295769586316 0.4309597418976763 1.0027177310457194
v -0.27221209028873955 0.4346275824115065 1.0159093513921023
v -0.34785104777916276 0.4363124783927 1.0247361424891321
v -0.4261222447902997 0.43582640556122143 1.0287501026016097
v -0.5067034731023448 0.43297901457534693 1.0274929997427984
v -0.5891892580996865 0.42758195313030956 1.02050573030247
v -0.6730832012379373 0.41945425731811703 1.0073401977260326
v -0.7577920467562931 0.40842883970029037 0.9875738226700704
v -0.8426223399413899 0.394360025753128 0.9608266304729199
v -0.9267806352357416 0.37713198909560985 0.9267806352357417
v -1.0093782362348367 0.35666781139586773 0.8852009554350947
v -1.0894413740846824 0.3329387522473158 0.8359577681560597
v -1.1659275261307223 0.30597317090640175 0.7790478663226437
v -1.2377482226735597 0.2758644152581392 0.7146142695495605
v -1.3037981847259117 0.24277690851265646 0.6429621112655008
v -1.3629900052418977 0.20694964763706705 0.5645689455501701
v -1.414292888381168 0.16869640280089454 0.4800877442411729
v -1.4567732853299873 0.1284020877470198 0.390341225359404
v -1.4896347217611534 0.0865150543832342 0.2963067690364497
v -1.5122538140810937 0.04353542807505167 0.19909199160984137
v -1.5242095088092595 1.2245197697868446e-16 0.09990196926327231
v -1.5253029926299853 -0.04353542807505202 1.8679574276541903e-16
v -1.5155664845054553 -0.08651505438323397 -0.09933547552120434
v -1.4952601417397322 -0.1284020877470196 -0.19685473220291955
v -1.4648574418503475 -0.16869640280089485 -0.29137826163216246
v -1.425020471509296 -0.20694964763706683 -0.3818330845387329
v -1.376567406640258 -0.2427769085126567 -0.467281668796548
v -1.320434994554686 -0.2758644152581391 -0.5469420829765946
v -1.2576390060648341 -0.3059731709064021 -0.6201989234394282
v -1.1892354364384647 -0.332938752247316 -0.6866053993575899
v -1.1162847755600842 -0.3566678113958676 -0.7458776408637868
v -1.0398210457658341 -0.3771319890956098 -0.7978827510846296
v -0.96082663047292 -0.3943600257531278 -0.8426223399413899
v -0.8802132813557938 -0.4084288397002904 -0.8802132813557936
v -0.7988091614237608 -0.4194542573181169 -0.9108672753858822
v -0.7173513894347069 -0.42758195313030956 -0.9348705319542021
v -0.6364833034367683 -0.43297901457534693 -0.9525645797638346
v -0.5567555435529917 -0.43582640556122143 -0.9643288888294075
v -0.4786300405535176 -0.4363124783927 -0.9705657100085013
v -0.4024860573985486 -0.43462758241150656 -0.9716872984376503
v -0.32862753729829935 -0.4309597418976763 -0.9681055067586168
v -0.2572911400570653 -0.42549132413967566 -0.9602236070302882
v -0.1886544806017888 -0.4183965877212717 -0.9484301206958604
v -0.1228442075741888 -0.40983998672753275 -0.9330943949061064
v -0.0599436686769932 -0.3999751044043621 -0.914563651389154
v -1.6407105844813962e-16 -0.3889440959140081 -0.8931612421495585
v 0.056969451566447886 -0.37687753099153676 -0.8691858672014449
v 0.1109714091589343 -0.36389454104617375 -0.8429115375138828
v 0.16203164683936153 -0.3501031897838582 -0.8145880971297104
v 0.21019064036101479 -0.335601000560751 -0.7844421491027462
v 0.255499840451289 -0.3204755866856386 -0.7526782586461027
v 0.29801851165284143 -0.30480534239248763 -0.7194803326705335
v 0.33781107569019514 -0.2886601620657055 -0.685013097269915
v 0.3749448981435524 -0.27210216354171896 -0.6494236136233703
v 0.409488459621645 -0.25518639804860993 -0.6128427884147688
v 0.44150985664551756 -0.23796153474801934 -0.575386847539922
v 0.4710755823594808 -0.22047051209664845 -0.5371587519599956
v 0.4982495424581951 -0.20275115153376055 -0.49824954245819525
v 0.5230922670077065 -0.1848367314988702 -0.4587396061392819
v 0.5456602839155228 -0.16675652164430183 -0.41869986211664273
v 0.5660056245344767 -0.14853627846355105 -0.3781928672561087
v 0.5841754361971359 -0.13019870452053436 -0.33727384534238386
v 0.6002116803478438 -0.11176387412954521 -0.29599164481410245
v 0.6141508983750349 -0.09324962877636425 -0.25438963145056037
v 0.6260240302742225 -0.07467194584783708 -0.21250652322739993
v 0.6358562739310964 -0.05604528439804493 -0.1703771751021
v 0.6436669751504969 -0.037382911761079315 -0.12803332183128913
v 0.6494695406198134 -0.018697214851973624 -0.08550428712953714
v 0.6532713678349782 1.6628309859227527e-16 -0.042817667605951536
v 0.6308754996104233 0.03952431343406436 0
v 0.631563307635379 0.05926611714320998 0.04139484616946833
v 0.6303492049013414 0.07898268220217391 0.08298704717749074
v 0.6272077858172821 0.09866422359533025 0.12475938551586906
v 0.6221068017918762 0.11829975261894952 0.1666930151460417
v 0.6150070680163694 0.1378767412465729 0.20876676846923445
v 0.6058623761661985 0.15738076299681528 0.25095641313962924
v 0.5946194201151401 0.17679510529385078 0.29323384725916785
v 0.5812177440256002 0.19610034820481023 0.3355662209709672
v 0.5655897248659242 0.21527390437527094 0.3779149719820642
v 0.5476606045988175 0.23428951500103323 0.420234762161547
v 0.5273485910787759 0.2531166968208506 0.46247230216847857
v 0.5045650511890838 0.2717201354557653 0.5045650511890838
v 0.47921482503762697 0.29005902104076653 0.5464397794694118
v 0.4511966962035783 0.30808632310220374 0.5880109826346286
v 0.4204040601505764 0.32574800316720537 0.6291791390693214
v 0.38672584102276114 0.3429821658205884 0.6698288052512265
v 0.35004771607742163 0.35971815206003455 0.7098265493294896
v 0.3102537168368787 0.37587558309253727 0.7490187309642542
v 0.26722828636199875 0.391363368456181 0.7872291461500064
v 0.22085888233764292 0.4060786998683547 0.82425657018696
v 0.17103922508697766 0.4199060618420428 0.8598722509823646
v 0.11767329695886844 0.43271630221535096 0.893817429333252
v 0.06068020299769955 0.4443658205887669 0.9258009935903477
v 5.850734246796066e-17 0.4546959504106937 0.9554974137636378
v -0.06439941117074786 0.46353263100256625 0.982545144925964
v -0.13251426076487618 0.4706864886829261 1.006545741199543
v -0.2042957273186457 0.4759534702540379 1.0270639780216013
v -0.2796396384355703 0.47911619554170914 1.0436293384517388
v -0.3583751926022424 0.47994621542539156 1.0557392733920068
v -0.4402529684202462 0.47820737353404114 1.0628646872351724
v -0.524932651987138 0.47366046773231685 1.0644581177841368
v -0.6119711110113997 0.4660693845383914 1.0599650570361183
v -0.700811667156377 0.4552088276671444 1.0488387796094432
v -0.7907756484716456 0.4408736730918697 1.0305588893132067
v -0.8810575125831318 0.42288985135626117 1.0046535451777667
v -0.9707249772760751 0.40112648169798654 0.9707249772760752
v -1.0587256263516287 0.37550876759216095 0.9284774550776428
v -1.1439013184633193 0.34603092568084526 0.8777463532416208
v -1.2250113641581943 0.3127681881638564 0.8185264247388844
v -1.3007648218212298 0.2758867330126476 0.7509969200308825
v -1.369861405781005 0.23565030519584987 0.6755408865577149
v -1.431039462875997 0.19242234328272692 0.5927559538143474
v -1.4831283814078144 0.14666265422429106 0.5034542455100282
v -1.5251018242646681 0.09891809305804124 0.40864980218695024
v -1.5561275249304216 0.049807274489425575 0.3095330099285585
v -1.5756092283698253 1.4012159256022118e-16 0.20743289013663704
v -1.5832168033869984 -0.0498072744894253 0.10376951168125616
v -1.5789015913611755 -0.09891809305804095 1.9335967800291257e-16
v -1.562895554379827 -0.14666265422429078 -0.10243758665259503
v -1.535694505575825 -0.1924223432827273 -0.20217801719029868
v -1.4980273574671 -0.23565030519584962 -0.2979761680732742
v -1.4508146410427514 -0.2758867330126474 -0.3887446114346538
v -1.395120341780101 -0.31276818816385615 -0.47357954164418375
v -1.332101299218053 -0.3460309256808451 -0.5517744245909377
v -1.2629580737695227 -0.3755087675921607 -0.6228219973487461
v -1.18889043745059 -0.4011264816979863 -0.6864062140990703
v -1.111059677071825 -0.4228898513562611 -0.7423863416729077
v -1.0305588893132074 -0.4408736730918696 -0.7907756484716456
v -0.9483915400760528 -0.45520882766714427 -0.83171705834815
v -0.8654578449728529 -0.4660693845383913 -0.8654578449728526
v -0.7825480392133056 -0.47366046773231685 -0.8923250192403037
v -0.7003413357209385 -0.47820737353404114 -0.9127025983610275
v -0.6194092846523734 -0.4799462154253915 -0.9270115048592504
v -0.5402222976381095 -0.47911619554170914 -0.9356924668908009
v -0.4631582372683365 -0.4759534702540379 -0.9391919965591161
v -0.38851215441367376 -0.4706864886829261 -0.9379513123322797
v -0.31650645062749017 -0.46353263100256625 -0.9323979368745468
v -0.24730092822823285 -0.45469595041069377 -0.9229396289067098
v -0.18100235389607783 -0.444365820588767 -0.909960281909489
v -0.1176732969588684 -0.43271630221535107 -0.8938174293332523
v -0.0573401100894296 -0.4199060618420428 -0.8748410234452683
v -1.5675476463348298e-16 -0.4060786998683549 -0.8533331936610717
v 0.054372807428607284 -0.39136336845618136 -0.8295687333743786
v 0.10582176508284616 -0.3758755830925373 -0.8037961073438655
v 0.15440349970680886 -0.3597181520600346 -0.7762388117984819
v 0.20018402577996022 -0.34298216582058855 -0.7470969550744909
v 0.24323559520387675 -0.32574800316720554 -0.716548957194774
v 0.2836341005640498 -0.3080863231022037 -0.6847532923332228
v 0.32145695391613566 -0.29005902104076664 -0.6518502189164184
v 0.3567813692455387 -0.27172013545576534 -0.6179634587272649
v 0.3896829839465323 -0.2531166968208508 -0.583201799387064
v 0.420234762161547 -0.23428951500103332 -0.5476606045988175
v 0.4485061301533809 -0.2152739043752709 -0.5114232240883811
v 0.4745623007714287 -0.19610034820481034 -0.4745623007714289
v 0.4984637503628869 -0.17679510529385103 -0.4371409767233497
v 0.5202658171046409 -0.1573807629968154 -0.399214002387317
v 0.5400183946829825 -0.137876741246573 -0.3608287554106416
v 0.5577656995555089 -0.11829975261894976 -0.3220261767831134
v 0.5735460937437007 -0.09866422359533035 -0.2828416327478277
v 0.5873919482886294 -0.07898268220217416 -0.24330571140990645
v 0.599329535223813 -0.05926611714321016 -0.20344496319433114
v 0.609378938246727 -0.0395243134340644 -0.16328259438774542
v 0.6175539742704534 -0.01976616942746996 -0.1228391230068526
v 0.6238621197728946 -9.246852179100416e-17 -0.08213300621826873
v 0.6283044373931503 0.01976616942746977 -0.04118124852892696
v 0.5974403632318531 0.06355506398799578 0
v 0.5990611336915613 0.0847262731871815 0.03926454114016731
v 0.5989348772864781 0.10588394382612343 0.07885127248696529
v 0.5970286268997911 0.12702252783866966 0.118756377570064
v 0.5933018112288895 0.1481349736675865 0.15897474118670335
v 0.5877060308153185 0.16921236322310287 0.19949931511995023
v 0.5801848188545696 0.190243513420441 0.24032042065254014
v 0.5706733929679546 0.21121453526545667 0.2814249734999118
v 0.559098406461904 0.23210834300522934 0.32279561547427105
v 0.5453777105182862 0.2529041054083262 0.36440973576565416
v 0.529420142393099 0.27357663083019135 0.4062383632378889
v 0.5111253592121796 0.2940956774131019 0.4482449096677997
v 0.4903837425256627 0.31442517965151573 0.4903837425256626
v 0.46707640562244424 0.3345223827378099 0.532598564878818
v 0.44107534393161757 0.354336876746285 0.5748205795463455
v 0.41224377887302016 0.3738095240223836 0.6169664150843595
v 0.380436757470675 0.3928712753912199 0.6589357930059676
v 0.3455020840686271 0.41144187433474727 0.700608919460393
v 0.3072816766458871 0.4294284535522126 0.7418435912272445
v 0.26561345839725914 0.4467240358590225 0.7824720163671995
v 0.22033391502676516 0.4632059618476748 0.8222973655104514
v 0.17128146875324596 0.47873428088340597 0.8610900921325125
v 0.118300839884361 0.4931501606575128 0.8985840910904737
v 0.06124858362345535 0.5062743944947455 0.9344728061761127
v 5.929773182260343e-17 0.5179061156074074 0.9684054514965266
v -0.06554238658004738 0.5278218638841511 0.9999835798240633
v -0.13543860152474269 0.5357751933429696 1.0287583145533088
v -0.20969911849230646 0.5414970557507076 1.0542286598603505
v -0.28827083771701256 0.5446972451697185 1.075841412700333
v -0.37102123499149864 0.5450672340769794 1.0929933129542153
v -0.45772096902735776 0.5422847659261821 1.1050361712084027
v -0.5480255028346038 0.5360205797084685 1.1112857869228545
v -0.6414566360151027 0.5259476136198947 1.1110354844303747
v -0.7373852494956292 0.5117529488424942 1.103575013699689
v -0.8350170032700672 0.49315259148559254 1.0882153454153798
v -0.9333831467308815 0.4699089352635247 1.0643194955833044
v -1.0313389163743583 0.4418503938775041 1.0313389163743585
v -1.1275720963709728 0.40889225293917175 0.9888541888447439
v -1.220624078898969 0.3710573057815433 0.9366177979161392
v -1.3089250706183484 0.32849437659822556 0.8745957708241899
v -1.3908438879740765 0.28149249865983617 0.8030040931225786
v -1.4647511024685902 0.23048842155621754 0.7223353064566954
v -1.5290923058702612 0.17606537542298972 0.6333707712118114
v -1.582466273223574 0.11894168062807457 0.5371749159533971
v -1.6237012184200246 0.05994883401758621 0.43506943022507605
v -1.6519215834715353 1.6870869785554713e-16 0.32858763289387705
v -1.666598185487555 -0.05994883401758588 0.21941181359405862
v -1.6675761413381482 -0.11894168062807424 0.10929871481137546
v -1.6550775854010829 -0.17606537542298947 2.026885467301966e-16
v -1.6296793181874105 -0.2304884215562173 -0.10681482579237901
v -1.5922685635770346 -0.2814924986598359 -0.20962613322481213
v -1.5439823938461743 -0.32849437659822583 -0.3071171931524542
v -1.4861377171059802 -0.3710573057815431 -0.39820940113997905
v -1.4201588963636895 -0.4088922529391715 -0.4820789856333658
v -1.3475092323704716 -0.4418503938775039 -0.5581565994708075
v -1.2696310229585406 -0.4699089352635244 -0.6261127317194496
v -1.1878971021560445 -0.49315259148559276 -0.6858327116993688
v -1.103575013699689 -0.511752948842494 -0.7373852494956292
v -1.017803529669123 -0.5259476136198946 -0.780988116775362
v -0.9315802046412748 -0.5360205797084685 -0.8169739128603737
v -0.8457580697712175 -0.542284765926182 -0.8457580697712171
v -0.7610493576891169 -0.5450672340769795 -0.8678104713232221
v -0.6780342112793012 -0.5446972451697185 -0.8836313877935597
v -0.5971725656137087 -0.5414970557507076 -0.8937319030032114
v -0.5188177147480474 -0.5357751933429696 -0.8986186418103937
v -0.4432304181090505 -0.5278218638841511 -0.8987823767849664
v -0.37059272209975586 -0.5179061156074074 -0.8946899758099924
v -0.3010209481142959 -0.5062743944947455 -0.8867791175230214
v -0.23457751959911088 -0.4931501606575127 -0.8754552214573663
v -0.17128146875324626 -0.4787342808834061 -0.8610900921325126
v -0.11111758384700096 -0.4632059618476748 -0.844021844501939
v -0.05404423918026658 -0.4467240358590224 -0.8245557506263171
v -1.4750240926892551e-16 -0.42942845355221265 -0.8029657169812686
v 0.051090877866298075 -0.41144187433474744 -0.7794961644049798
v 0.0993139226663807 -0.39287127539122 -0.7543641365440306
v 0.14476076432742474 -0.3738095240223836 -0.7277615074135849
v 0.18752617017891202 -0.3543368767462851 -0.6998571948565085
v 0.22770568439296882 -0.33452238273781004 -0.6707993152167707
v 0.2653937690299855 -0.3144251796515155 -0.6407172365615033
v 0.30068235735175874 -0.29409567741310205 -0.6097235044266073
v 0.3336597424539438 -0.27357663083019135 -0.5779156263705768
v 0.364409735765654 -0.2529041054083263 -0.5453777105182864
v 0.39301104030773343 -0.23210834300522934 -0.5121819595357562
v 0.4195367926996631 -0.2112145352654565 -0.4783900257345081
v 0.444054235770769 -0.1902435134204411 -0.44405423577076925
v 0.46662449033913284 -0.16921236322310315 -0.40921869508341113
v 0.4873024003795666 -0.14813497366758663 -0.3739202831181705
v 0.5061364305322777 -0.1270225278386696 -0.3381895507543932
v 0.5231685988304693 -0.10588394382612352 -0.30205153136633117
v 0.5384344307668817 -0.08472627318718154 -0.2655264767504567
v 0.5519629234860176 -0.06355506398799596 -0.22863052883501192
v 0.5637765110798288 -0.04237469503212175 -0.19137633773318324
v 0.5738910237687154 -0.021188687510852858 -0.1537736363622975
v 0.5823156352459018 -9.911861994159712e-17 -0.11582978156895203
v 0.5890527937222497 0.021188687510852948 -0.07755027150436733
v 0.5940981332944717 0.04237469503212184 -0.03893924890818849
v 0.5626019531378937 0.09047221690081667 0
v 0.565150028509844 0.11311275275433245 0.03704188987866579
v 0.5661092687415735 0.13576540705735682 0.07452969913720242
v 0.565440338489759 0.15842964488917724 0.11247307634095312
v 0.5630956023641377 0.18110320161116747 0.15088101191498726
v 0.5590187436153005 0.20378169456114595 0.1897612933046673
v 0.553144341421978 0.22645818489755928 0.22911988816691706
v 0.5453974104646113 0.2491226798323817 0.2689602383399408
v 0.5356929086607425 0.27176156445071287 0.3092824450182532
v 0.5239352218430907 0.2943569511793636 0.350082322889062
v 0.5100176379885907 0.3168859337744744 0.39135029797392906
v 0.49382182860791474 0.3393197315108954 0.4330701206011845
v 0.4752173613857193 0.36162270816836145 0.47521736138571924
v 0.45406127648764844 0.3837512495626095 0.5177576544507541
v 0.4301977695503074 0.40565248296854345 0.5606446486176545
v 0.40345803773552463 0.42726282211864525 0.6038176242686965
v 0.37366036189990276 0.44850632293869147 0.6471987315852052
v 0.34061051846413976 0.4692928383583971 0.6906898056528226
v 0.30410263948685623 0.48951596614863646 0.7341687166026241
v 0.2639206691446061 0.5090507927611533 0.7774852200361677
v 0.2198405993943985 0.5277514498229431 0.8204562865062911
v 0.17163370662021815 0.5454485198043622 0.862860911471764
v 0.11907105323472589 0.5619463552688692 0.9044344423141836
v 0.06192956084535608 0.5770204140830545 0.9448625108491836
v 6.023882889699895e-17 0.590414763138288 0.9837747330730715
v -0.06690273183913076 0.6018399673553287 1.0207384377557853
v -0.138926668891553 0.6109716600001249 1.0552528166002209
v -0.21616683251823904 0.6174501838473905 1.0867440540066975
v -0.2986460395806944 0.6208817965903536 1.114562193194377
v -0.38629240187374464 0.6208420393193701 1.1379807198978775
v -0.4789137525376292 0.6168819580847289 1.156200076583337
v -0.576169676321526 0.6085379206548145 1.1683565250891161
v -0.6775424224099732 0.5953457483983394 1.173537899897368
v -0.7823087357345896 0.5768597421518691 1.170807762083941
v -0.8895155091684706 0.5526768718066052 1.1592391810841152
v -0.9979630289841538 0.5224658792349097 1.1379587378873544
v -1.1062002799368265 0.48600029441326065 1.1062002799368267
v -1.2125370426881263 0.4431934148965407 1.0633664469443307
v -1.3150770621515575 0.39413225208155284 1.0090941210609752
v -1.4117751274493084 0.3391064947428456 0.9433179817074232
v -1.5005183580984789 0.2786279490672663 0.8663246779721318
v -1.5792284746273328 0.21343598022401888 0.7787892989208627
v -1.645977831815337 0.14448543531419036 0.6817863413033741
v -1.6991083295282905 0.07291542771196423 0.5767695587286147
v -1.7373399795482334 2.0528674683979208e-16 0.4655188444982529
v -1.7598557565175479 -0.07291542771196381 0.3500570747756251
v -1.7663517870697991 -0.14448543531419092 0.23254462438569906
v -1.7570466268674505 -0.21343598022401944 0.11516292025272658
v -1.7326493559442642 -0.278627949067266 2.1218834878018663e-16
v -1.6942921156558262 -0.3391064947428452 -0.11104977228063861
v -1.643437204287944 -0.39413225208155256 -0.2163626125725554
v -1.5817711054697392 -0.4431934148965412 -0.3146338352417247
v -1.5110976840671628 -0.4860002944132604 -0.40489740413033537
v -1.4332407040816209 -0.5224658792349095 -0.4865196609768494
v -1.3499626185422033 -0.5526768718066051 -0.5591728252968774
v -1.262903119790612 -0.5768597421518689 -0.6227948970454041
v -1.1735378998973673 -0.5953457483983394 -0.6775424224099733
v -1.0831558391292582 -0.6085379206548143 -0.7237415932437223
v -0.9928515142109899 -0.6168819580847288 -0.7618417619098683
v -0.9035293932605097 -0.6208420393193701 -0.7923740115115933
v -0.8159161536136826 -0.6208817965903536 -0.8159161536136823
v -0.7305779954197602 -0.6174501838473905 -0.8330645419223686
v -0.6479404328233451 -0.6109716600001249 -0.8444124121450957
v -0.5683086842331578 -0.6018399673553287 -0.8505340517961859
v -0.4918873665365362 -0.590414763138288 -0.8519739104425348
v -0.41879868248729935 -0.5770204140830544 -0.8492397179016206
v -0.3490986642004507 -0.5619463552688694 -0.8427987297190576
v -0.28279130565708804 -0.5454485198043623 -0.8330763225772524
v -0.21984059939439848 -0.5277514498229432 -0.8204562865062913
v -0.16018060595506756 -0.5090507927611533 -0.8052822861905583
v -0.10372374714779385 -0.4895159661486363 -0.7878600789851185
v -0.050367541040277304 -0.46929283835839675 -0.7684601770623506
v -1.3728058985068724e-16 -0.44850632293869164 -0.7473207237998055
v 0.04749609790563625 -0.4272628221186453 -0.7246504207372206
v 0.09223987277314237 -0.4056524829685433 -0.7006313929738426
v 0.13434977308771626 -0.3837512495626093 -0.6754219200020223
v 0.1739416265865831 -0.3616227081683616 -0.6491589879723029
v 0.21112718821714702 -0.3393197315108955 -0.621960640364574
v 0.2460130818892905 -0.3168859337744744 -0.5939281188183275
v 0.27870005060902087 -0.29435695117936345 -0.5651477959593396
v 0.3092824450182532 -0.27176156445071264 -0.5356929086607422
v 0.3378478934506317 -0.249122679832382 -0.5056251042426121
v 0.3644771075475873 -0.2264581848975594 -0.47499581437578875
v 0.38924378651017655 -0.20378169456114595 -0.44384747246448186
v 0.4122145904491502 -0.18110320161116725 -0.41221459044915043
v 0.4334491592861266 -0.15842964488917768 -0.38012471059793196
v 0.45300015847943326 -0.13576540705735704 -0.34759924716001545
v 0.47091333669969176 -0.11311275275433258 -0.3146542318940322
v 0.4872275836361581 -0.09047221690081662 -0.28130097656894715
v 0.5019749785232411 -0.06784295199231491 -0.24754666464089856
v 0.5151808218624976 -0.045223042421070066 -0.2133948834899644
v 0.5268636442838409 -0.022609793208126852 -0.17884610789242864
v 0.5370351876290982 -1.0576149737019484e-16 -0.14389814483231328
v 0.5457003542264685 0.022609793208126644 -0.10854654933910506
v 0.5528571210204505 0.045223042421069844 -0.07278502079131953
v 0.5584964157857241 0.06784295199231531 -0.03660578906049528
v 0.5339348998926707 0.11893917069127005 0
v 0.5373750794705046 0.14281881912584424 0.0352214235391107
v 0.5393571237743048 0.16674433476251974 0.07100771243644143
v 0.5398362452408502 0.19071967828190792 0.10738010553820312
v 0.5387587658392899 0.21474691821011255 0.1443599762218261
v 0.5360615738931991 0.2388258158480766 0.18196838427105066
v 0.531671512942379 0.262953344950609 0.22022555138815594
v 0.5255047028556893 0.2871231332271326 0.2591502405712228
v 0.517465795273586 0.3113248109297221 0.2987590161976286
v 0.5074471681495197 0.3355432497521309 0.3390653576301515
v 0.49532806794763223 0.35975767300842637 0.3800785944396945
v 0.48097371329226274 0.383940615641643 0.4218026258755409
v 0.46423438099970255 0.4080567101241992 0.46423438099970255
v 0.44494450501619487 0.43206127190882065 0.5073619689835047
v 0.4229218315343398 0.45589865601954616 0.5511624615840256
v 0.39796669030932835 0.47950035501626964 0.5955992420658528
v 0.3698614639512225 0.5027828084852 0.6406188473253219
v 0.33837036488087624 0.5256448962134163 0.6861472235563167
v 0.30323966495737653 0.5479650924440307 0.7320853117895717
v 0.26419856676405656 0.5695982686589862 0.7783038800240581
v 0.2209609592286296 0.5903721493237534 0.8246375263304009
v 0.1732283641606265 0.6100834517291773 0.8708777963010753
v 0.12069445383328753 0.6284937809841176 0.9167653940873086
v 0.06305160039678946 0.6453254085665081 0.9619815262816811
v 6.160821536420599e-17 0.660257142373134 1.0061385112360566
v -0.06874001250736882 0.6729206026820994 1.0487699238769443
v -0.14341179601047965 0.6828973556157973 1.0893207393599031
v -0.2242017274414066 0.6897175245276798 1.1271381985690194
v -0.311213461525048 0.6928606955540209 1.1614644504108604
v -0.40443681093957995 0.6917601419672327 1.1914324253694477
v -0.5037113770035432 0.6858115835815369 1.2160668378835813
v -0.6086857733765113 0.6743878223590252 1.234292647252239
v -0.7187743139066795 0.6568605788991456 1.2449536308618305
v -0.8331143862215039 0.632630598190791 1.2468437913786254
v -0.9505293256821686 0.6011664856991621 1.238753934858644
v -1.0695032283544104 0.5620516801232647 1.2195347007428676
v -1.1881754162096436 0.5150374328288623 1.1881754162096436
v -1.3043626479359773 0.4600977379573487 1.14389534144676
v -1.4156160288590312 0.39748012164839325 1.0862403835591379
v -1.5193163978031494 0.3277445467048856 1.015174761252564
v -1.6128066342949268 0.2517820674628519 0.9311543444609901
v -1.6935523928793306 0.17080590507753676 0.8351676162928122
v -1.759315597106717 0.0863106396109475 0.7287323808161222
v -1.8083195845868851 2.4310660682278376e-16 0.6138417843740691
v -1.8393830711016323 -0.08631063961094586 0.4928612084731612
v -1.8520032794052512 -0.17080590507753635 0.36838635670138936
v -1.8463763799234953 -0.2517820674628514 0.24308006190330264
v -1.8233539775100733 -0.3277445467048853 0.11950893362394832
v -1.7843449532075677 -0.3974801216483929 2.1851923355203813e-16
v -1.7311798263866767 -0.46009773795734754 -0.11346752057726538
v -1.6659582995866635 -0.515037432828862 -0.21932757101703562
v -1.5908996458171822 -0.5620516801232643 -0.3164496148129553
v -1.5082112311494478 -0.6011664856991616 -0.40412398140204314
v -1.4199844893438156 -0.6326305981907907 -0.482019782427694
v -1.3281217542264496 -0.6568605788991451 -0.5501260430833417
v -1.2342926472522395 -0.6743878223590251 -0.6086857733765114
v -1.1399156894885842 -0.6858115835815369 -0.6581306301797122
v -1.0461594007308823 -0.6917601419672327 -0.6990213634268304
v -0.9539569978194394 -0.692860695554021 -0.7319969497982415
v -0.864029449815897 -0.6897175245276799 -0.757733490821123
v -0.7769126773436505 -0.6828973556157975 -0.7769126773436503
v -0.6929857960950787 -0.6729206026820994 -0.7901988540606955
v -0.6124983178807687 -0.6602571423731339 -0.7982233486847757
v -0.5355950508337252 -0.645325408566508 -0.8015746395328688
v -0.4623380632670688 -0.6284937809841177 -0.800793015851556
v -0.39272551042818865 -0.6100834517291772 -0.796368555192194
v -0.32670740386512326 -0.5903721493237536 -0.7887414453388832
v -0.26419856676405673 -0.5695982686589863 -0.7783038800240584
v -0.20508909945858475 -0.5479650924440309 -0.7654029392579854
v -0.14925270508870253 -0.5256448962134165 -0.7503440185990452
v -0.09655321707697392 -0.5027828084852002 -0.7333944957092686
v -0.046849642634966056 -0.47950035501626953 -0.7147874192584497
v -1.276189265443703e-16 -0.4558986560195463 -0.6947250784646565
v 0.0441358120357514 -0.43206127190882115 -0.6733823655330385
v 0.08569391167178994 -0.40805671012419936 -0.6509098820165059
v 0.1248049327450705 -0.38394061564164306 -0.6274367672014033
v 0.16159298895952331 -0.3597576730084267 -0.6030732449438588
v 0.19617499423446558 -0.33554324975213107 -0.5779128972820532
v 0.22866025153705208 -0.31132481092972203 -0.552034680436394
v 0.2591502405712226 -0.28712313322713273 -0.5255047028556894
v 0.28773854936324395 -0.2629533449506092 -0.49837778679330386
v 0.31451090660669334 -0.2388258158480769 -0.4706988352487251
v 0.33954528107332027 -0.21474691821011269 -0.4425040255232499
v 0.3629120218775632 -0.19071967828190786 -0.4138218494930808
v 0.3846740192627695 -0.16674433476251987 -0.3846740192627696
v 0.4048868701618021 -0.1428188191258446 -0.3550762553067053
v 0.42359903632791646 -0.11893917069127026 -0.32503897265629056
v 0.4408519855422784 -0.0950998978056336 -0.294567879223658
v 0.45668030845218194 -0.07129429516634592 -0.2636644990184689
v 0.4711118051163079 -0.047514726207432266 -0.23232663184245844
v 0.484167536441035 -0.0237528785726713 -0.2005487600546468
v 0.49586183647425636 -1.1110433644735594e-16 -0.1683224121990013
v 0.5062022820528672 0.023752878572671082 -0.13563649268285713
v 0.5151896166368541 0.047514726207432044 -0.10247758629465535
v 0.5228176253571216 0.07129429516634536 -0.06883024616097654
v 0.5290729584002521 0.0950998978056334 -0.03467727377545487
v 0.5174809230441594 0.14716118940212206 0
v 0.521792017705522 0.17186735939898762 0.03420005570977001
v 0.5247278672393426 0.1966504081024105 0.06908173427576692
v 0.5262382326224573 0.22151682157499344 0.10467529265662014
v 0.5262634235056276 0.2464709964596647 0.1410118593343708
v 0.5247336032505632 0.2715147828821001 0.1781230563921286
v 0.5215680033464485 0.2966469460363215 0.21604054068595477
v 0.5166740442248398 0.3218625301909176 0.2547954416585755
v 0.5099463611427356 0.3471521062577032 0.29441766887802845
v 0.5012657363969669 0.3725008810926795 0.3349350569813397
v 0.49049794302069133 0.3978876433590148 0.3763723092279428
v 0.477492510758134 0.42328351711628304 0.4187496931901992
v 0.4620814331219751 0.44865049040792887 0.462081433121975
v 0.4440778454907834 0.4739396821847231 0.5063737331961337
v 0.4232747194988378 0.4990893072403705 0.5516223541331297
v 0.39944363965842483 0.5240222959513106 0.5978096529728756
v 0.37233375577102906 0.548643524284523 0.6449009823683638
v 0.341671041059398 0.5728366109274269 0.6928403327372833
v 0.3071580331790402 0.596460244193082 0.7415450894926839
v 0.26847429558218383 0.6193440139568186 0.79089977094746
v 0.22527791223468416 0.6412837465916069 0.8407486142828838
v 0.17720842095433723 0.6620363781137953 0.8908868930010009
v 0.12389169973937905 0.6813144582415259 0.941050887827897
v 0.06494744369378778 0.6987804628360986 0.9909065054568362
v 6.368387837567341e-17 0.7140412123131249 1.0400366606929052
v -0.07130655044437181 0.7266428573324677 1.0879277258416935
v -0.14928809049174088 0.7360671070150142 1.1339556273335272
v -0.2341939619557734 0.7417296407219087 1.1773725537576787
v -0.32617341186291776 0.7429819533094266 1.217295745150498
v -0.42523450508502947 0.7391182087114684 1.2527004566355402
v -0.5311957122722692 0.7293889623347056 1.2824198928421489
v -0.6436315145290046 0.7130237649108152 1.3051556002633349
v -0.7618150149253172 0.6892645397627012 1.3195023118194926
v -0.8846627011766983 0.657411053120893 1.323991296596265
v -1.010688985064288 0.6168785846027475 1.3171555293869064
v -1.1379805195021555 0.567265919164209 1.2976180861441824
v -1.2642018262995856 0.508429049499781 1.2642018262995858
v -1.3866434695748324 0.44055281006938335 1.2160536853797415
v -1.5023208779446486 0.36420974617880003 1.152771354251175
v -1.6081253706952257 0.2803938811618533 1.0745150197946034
v -1.7010193626927674 0.19051780918244995 0.9820839869474347
v -1.7782568488777186 0.0963654774644224 0.8769392313328871
v -1.837601076032498 2.715171621972261e-16 0.7611592879240539
v -1.8775071536968593 -0.09636547746442317 0.6373277993688541
v -1.897240573154927 -0.19051780918244943 0.5083640794244236
v -1.8969132116002858 -0.28039388116185404 0.37731949763316364
v -1.8774337220613944 -0.36420974617880075 0.24716883856418329
v -1.8403848076433134 -0.4405528100693829 0.12062519320549897
v -1.7878513683297097 -0.5084290494997815 2.1894864555761946e-16
v -1.7222282903010258 -0.5672659191642088 -0.11288080590469625
v -1.6460346417163452 -0.6168785846027479 -0.21670457169733143
v -1.5617542191200398 -0.6574110531208934 -0.3106522289903364
v -1.4717135955423128 -0.6892645397627009 -0.39434446941546597
v -1.3780005839586296 -0.7130237649108153 -0.46776816694097567
v -1.282419892842149 -0.7293889623347054 -0.5311957122722692
v -1.1864791898226053 -0.7391182087114684 -0.5851067855423449
v -1.09139750747647 -0.7429819533094267 -0.6301186447344267
v -0.9981282553568493 -0.7417296407219086 -0.6669279781331053
v -0.9073903347892842 -0.7360671070150141 -0.6962650925150813
v -0.8197024177457566 -0.7266428573324677 -0.7188597270212848
v -0.7354169754585655 -0.7140412123131248 -0.7354169754585653
v -0.6547519316737851 -0.6987804628360988 -0.7466014873870026
v -0.5778188032062848 -0.6813144582415258 -0.7530281252431691
v -0.5046468871710497 -0.6620363781137952 -0.7552574394513939
v -0.4352035070399274 -0.6412837465916069 -0.753794585825313
v -0.3694105962953925 -0.6193440139568185 -0.7490905862562797
v -0.30715803317904067 -0.5964602441930821 -0.7415450894926838
v -0.24831418748990938 -0.5728366109274268 -0.7315100076262443
v -0.19273413425618563 -0.5486435242845229 -0.7192935813968865
v -0.1402659531715894 -0.5240222959513106 -0.7051645657802048
v -0.09075548279916117 -0.4990893072403703 -0.689356331724085
v -0.04404984463648872 -0.47393968218472293 -0.6720707564789784
v -1.2004266464578505e-16 -0.4486504904079287 -0.6534818296418932
v 0.04153744464829048 -0.42328351711628326 -0.6337389399974434
v 0.08069900956206488 -0.3978876433590147 -0.6129698337739021
v 0.11761355133415574 -0.37250088109267937 -0.5912832514313717
v 0.15240179984064267 -0.34715210625770315 -0.5687712601702221
v 0.18517613572226221 -0.32186253019091743 -0.5455113049466623
v 0.21604054068595488 -0.29664694603632136 -0.5215680033464483
v 0.24509066811437655 -0.2715147828821001 -0.4969947102354727
v 0.27241399348822004 -0.24647099645966455 -0.4718348774143342
v 0.2980900135467806 -0.2215168215749934 -0.4461232320671459
v 0.3221904704399716 -0.19665040810241033 -0.41988679596501555
v 0.3447795827792495 -0.17186735939898723 -0.3931457653979215
v 0.365914269819199 -0.14716118940212194 -0.3659142698191991
v 0.3856443582735841 -0.1225237124413277 -0.33820102529187984
v 0.40401276371210154 -0.0979453779048137 -0.3100098970842625
v 0.421055640273718 -0.07341556032437735 -0.2813403842063312
v 0.4368024937091783 -0.048922814150196316 -0.25218803732569417
v 0.45127625363905877 -0.02445510145383625 -0.2225448203586446
v 0.4644933014711504 -1.1438636375798198e-16 -0.19239942510080557
v 0.4764634507301784 0.024455101453836354 -0.16173754754309946
v 0.4871898766680787 0.04892281415019642 -0.1305421340138299
v 0.4966689919883148 0.07341556032437711 -0.09879360500046436
v 0.5048902653699711 0.09794537790481349 -0.06647006444351981
v 0.511835979249717 0.1225237124413275 -0.033547502473454734
v 0.5170611735901562 0.17324992900575037 0
v 0.5222647786509329 0.1982516911958872 0.03423104209921604
v 0.5261163290766376 0.22334564425863734 0.06926452874445159
v 0.528558961427183 0.24853750400563135 0.1051369143172143
v 0.529525726457378 0.2738305156457271 0.14188599077575803
v 0.5289387604833974 0.29922492288626146 0.17955051492400428
v 0.5267083514619113 0.3247173385063897 0.2181697425906985
v 0.5227318955008153 0.35029999702256404 0.25778284330690077
v 0.5168927414836101 0.3759598668971995 0.2984281634377259
v 0.5090589246305989 0.401677596143977 0.34014229888033654
v 0.4990817945927632 0.4274262611836219 0.3829589301999992
v 0.48679455067980737 0.4531698844814229 0.42690736325932577
v 0.4720107068519764 0.4788616820143997 0.4720107068519763
v 0.45452252318015646 0.5044419972612669 0.518283605501862
v 0.43409945991019194 0.5298358746613641 0.5657294304916259
v 0.41048673669905617 0.5549502231052539 0.6143368156415587
v 0.3834041150353472 0.5796705201498409 0.6640754070722036
v 0.3525450686965848 0.6038570119940392 0.714890679477185
v 0.31757656801093953 0.6273403752520622 0.7666976575839116
v 0.27813978145775414 0.6499168276447816 0.819373374159669
v 0.23385209520924358 0.671342710553748 0.8727479007773316
v 0.18431096893022386 0.6913286230690159 0.9265938129348941
v 0.12910028343831018 0.7095332724049367 0.9806140088805263
v 0.06779998710666554 0.7255573284417716 1.0344279077501337
v 6.659361268570829e-17 0.7389377403876731 1.0875562281642897
v -0.07468053733217962 0.7491431997049426 1.1394048181845073
v -0.15656752187127335 0.7555717195101298 1.1892483981729116
v -0.2458985740538907 0.7575516403541417 1.2362156123985575
v -0.34278136533446724 0.7543477403951884 1.2792774713160604
v -0.44714343409836993 0.7451744688329803 1.3172420802601785
v -0.558674440274768 0.7292185362521613 1.3487594106625427
v -0.6767634941594286 0.7056730328904336 1.3723406087446282
v -0.8004364927674883 0.6737847049452339 1.3863966737055284
v -0.9283011684268085 0.6329147783848061 1.3893008781566694
v -1.058510383670995 0.5826116070408374 1.3794775894159201
v -1.1887563225980233 0.5226904315886522 1.3555167929379668
v -1.316308531138813 0.45331197769397585 1.3163085311388132
v -1.438106042673665 0.37504823742935073 1.2611851507124618
v -1.5509072591848054 0.28892172776356745 1.1900529958249824
v -1.6514910260115117 0.19640512167992832 1.1034910242963172
v -1.7368901663873908 0.09937234901260207 1.0027940051165738
v -1.8046278771099384 2.800169052355121e-16 0.8899439832853486
v -1.8529217133044424 -0.09937234901260152 0.767505303666292
v -1.880822327096726 -0.19640512167992785 0.6384531490983093
v -1.888265038722682 -0.28892172776356567 0.5059590922216658
v -1.8760289416475333 -0.37504823742935045 0.37316535805586587
v -1.8456156324652606 -0.45331197769397547 0.24297990760039276
v -1.7990727731861234 -0.5226904315886519 0.11791745941123227
v -1.738793447204146 -0.582611607040837 2.1294078294969496e-16
v -1.6673204381971105 -0.6329147783848053 -0.10928195514205868
v -1.587177295220804 -0.6737847049452339 -0.2089558550298267
v -1.5007385177702872 -0.7056730328904336 -0.2985154513875269
v -1.410142234310682 -0.729218536252161 -0.37784647289656564
v -1.317242080260179 -0.7451744688329803 -0.44714343409837043
v -1.2235911288264927 -0.7543477403951881 -0.506828040359338
v -1.1304493527488244 -0.7575516403541418 -0.5574759276681307
v -1.0388064574771907 -0.7555717195101295 -0.5997551878603778
v -0.9494132490760836 -0.7491431997049426 -0.6343776515901931
v -0.8628163663686769 -0.7389377403876732 -0.6620622835846274
v -0.7793928188662164 -0.7255573284417718 -0.6835091575712487
v -0.6993821264504083 -0.7095332724049368 -0.6993821264504082
v -0.6229148877571457 -0.691328623069016 -0.7102982965259926
v -0.5500373266575973 -0.6713427105537482 -0.7168226001099268
v -0.48073183251087803 -0.6499168276447816 -0.7194660308325208
v -0.4149337822756379 -0.6273403752520625 -0.7186863926781265
v -0.352545068696585 -0.6038570119940393 -0.714890679477185
v -0.2934448054492534 -0.5796705201498413 -0.7084384291235205
v -0.23749767233106764 -0.5549502231052541 -0.6996455814880671
v -0.18456032583474727 -0.5298358746613642 -0.6887885130767439
v -0.13448624891528604 -0.5044419972612671 -0.6761080303196831
v -0.08712935852361703 -0.4788616820143999 -0.6618131833448679
v -0.04234663633121201 -0.4531698844814229 -0.6460848193294882
v -1.1555990714737086e-16 -0.427426261183622 -0.6290788344189152
v 0.04004240941671087 -0.4016775961439775 -0.6109291101934551
v 0.077905383649499 -0.3759598668971999 -0.5917501382591143
v 0.11370613588621187 -0.35029999702256426 -0.5716393474377809
v 0.1475540346719708 -0.32471733850639 -0.5506791542575757
v 0.17955051492400428 -0.29922492288626157 -0.5289387604833974
v 0.20978911321259547 -0.2738305156457271 -0.5064757223560723
v 0.2383555865123017 -0.2485375040056315 -0.48333731579043676
v 0.26532808307040745 -0.22334564425863748 -0.45956172055280115
v 0.29077734138140193 -0.1982516911958875 -0.4351790447639567
v 0.31476689891966964 -0.17324992900575048 -0.4102122092026566
v 0.3373532966126456 -0.14833262027910513 -0.38467770897909687
v 0.3585862683120003 -0.12349038741075631 -0.35858626831200047
v 0.37850890696342887 -0.0987125387109983 -0.33194340244004283
v 0.3971578009628451 -0.07398734990077896 -0.30474989916516754
v 0.414563135457231 -0.04930231032507141 -0.27700223118136635
v 0.4307487542111084 -0.024644342151605516 -0.24869290919687964
v 0.4457321781998368 -1.152708052137651e-16 -0.21981078491421976
v 0.4595245773753696 0.024644342151604954 -0.1903413121926432
v 0.4721306921311416 0.04930231032507119 -0.1602667741840295
v 0.4835487009122053 0.07398734990077907 -0.12956648391054387
v 0.4937700302090313 0.09871253871099772 -0.09821696565000392
v 0.5027791028684124 0.12349038741075609 -0.06619212462737677
v 0.5105530202808631 0.14833262027910524 -0.03346341289998619
v 0.5338604301756266 0.19538091394363705 0
v 0.5400091835120049 0.22006722606733145 0.035394071839406245
v 0.5447630723016008 0.24483337682013867 0.07171941906188885
v 0.5480563835414554 0.2696801342380958 0.10901519270776473
v 0.54981257017183 0.2946051192773052 0.14732183416602182
v 0.5499433203090373 0.31960216536744623 0.18668060221236835
v 0.548347520178496 0.34466056280752305 0.22713297975158747
v 0.5449101089098147 0.36976416675682233 0.26871992780709497
v 0.5395008266098772 0.39489034443593757 0.3114809474712381
v 0.5319728620043015 0.4200087337477165 0.3554529023440653
v 0.5221614130149449 0.4450797819689318 0.4006685442875956
v 0.5098821836796809 0.47005302965144263 0.4471546739864297
v 0.49492985479499746 0.49486510173862874 0.4949298547949974
v 0.4770765848047111 0.5194373656709698 0.5440015837787099
v 0.4560706232968905 0.543673215715688 0.5943628080880112
v 0.43163515384817036 0.5674549450763491 0.6459876586181766
v 0.40346752800769925 0.590640174195276 0.6988262577135539
v 0.3712391102820102 0.6130578174019382 0.7527984458248722
v 0.33459602738663413 0.6345035938852006 0.8077862672329714
v 0.2931612056333608 0.6547351271094669 0.8636250628139936
v 0.24653818876340325 0.6734667346428184 0.9200930464710275
v 0.19431735297885241 0.690364094435399 0.9768993026359427
v 0.13608527013032815 0.7050390911809411 1.033670250273752
v 0.07143810058640505 0.7170453046895728 1.0899347931582948
v 7.011768147320317e-17 0.725874806395465 1.1451086390299934
v -0.07855244045910065 0.730957180186218 1.1984786443238982
v -0.16445879178906161 0.7316619692696504 1.2491885441055761
v -0.257835792302479 0.7273060437341107 1.296228061125811
v -0.3586307352151639 0.7171676291072072 1.3384281249787722
v -0.46656823255040564 0.7005088443763422 1.3744656912323236
v -0.581092864099223 0.6766084385096336 1.40288227350657
v -0.7013122378198748 0.6448058250571497 1.4221205364588678
v -0.8259473655501905 0.6045563298161946 1.430582801510595
v -0.9532996208910565 0.5554956805592047 1.4267137061723822
v -1.0812452362537086 0.4975092275182083 1.4091062261495169
v -1.207268408650605 0.4307984972138045 1.3766257814157277
v -1.328541663641899 0.35593509180753213 1.3285416636418992
v -1.4420565510065735 0.273890583533768 1.2646496535372795
v -1.5447992170808384 0.18603191435060126 1.1853661302748966
v -1.6339553282525443 0.09407554118542752 1.0917740456527658
v -1.707119784751212 2.6504515826174147e-16 0.985606067265048
v -1.7624817228540786 -0.09407554118542699 0.8691598000892616
v -1.7989567901441348 -0.18603191435059963 0.7451523006008706
v -1.8162470023537602 -0.2738905835337664 0.616532780096824
v -1.8148216625208757 -0.3559350918075318 0.48627999887897666
v -1.7958271025359271 -0.43079849721380414 0.35721222036997374
v -1.7609444066031563 -0.497509227518208 0.23183272924186024
v -1.7122201239182593 -0.5554956805592036 0.11222483602353912
v -1.651894731100383 -0.6045563298161937 2.022987594970462e-16
v -1.5822486307268713 -0.6448058250571495 -0.103706054292508
v -1.5054781194251703 -0.6766084385096333 -0.19819995448549976
v -1.423606321512534 -0.7005088443763422 -0.28317290362870484
v -1.3384281249787737 -0.717167629107207 -0.35863073521516364
v -1.251484326184441 -0.7273060437341105 -0.4248216844240706
v -1.1640584092064583 -0.7316619692696505 -0.48216878048776496
v -1.077189172107181 -0.7309571801862179 -0.5312109131951033
v -0.991693171492999 -0.725874806395465 -0.5725543195149968
v -0.9081921690504197 -0.7170453046895731 -0.6068346064850826
v -0.8271420608081249 -0.7050390911809413 -0.634688426150608
v -0.7488609365326031 -0.6903640944353991 -0.6567334153938056
v -0.6735548577076246 -0.6734667346428184 -0.6735548577076244
v -0.6013406409251704 -0.654735127109467 -0.6856975828895612
v -0.5322654145586422 -0.6345035938852008 -0.6936617933386651
v -0.4663230228727778 -0.6130578174019385 -0.6979017232949899
v -0.4034675280076996 -0.5906401741952761 -0.6988262577135538
v -0.34362414597048546 -0.5674549450763492 -0.6968008377080084
v -0.28669797922042806 -0.5436732157156884 -0.6921501497389161
v -0.2325808988489763 -0.5194373656709702 -0.6851612338809563
v -0.1811568999463125 -0.494865101738629 -0.6760867547413102
v -0.1323062152533567 -0.47005302965144286 -0.6651482609969018
v -0.08590843134291576 -0.4450797819689318 -0.6525393206907184
v -0.04184481227671885 -0.4200087337477163 -0.6384284637916711
v -1.1443624359481107e-16 -0.39489034443593807 -0.6229618949424767
v 0.03973677047084238 -0.36976416675682255 -0.6062659609983924
v 0.07747082958711657 -0.3446605628075232 -0.5884493724525715
v 0.11330151624483019 -0.31960216536744623 -0.569605187135373
v 0.14732183416602163 -0.2946051192773057 -0.5498125701718303
v 0.17961826548734733 -0.2696801342380962 -0.5291383472070106
v 0.21027069729854292 -0.24483337682013898 -0.5076383691877896
v 0.2393524263997051 -0.22006722606733156 -0.48535870711799234
v 0.26693021508781334 -0.195380913943637 -0.4623366946073811
v 0.29306437670762403 -0.17077106905244982 -0.4386018350126003
v 0.3178088743192679 -0.14623217958290272 -0.4141765887269719
v 0.34121141940007726 -0.12175698929622514 -0.38907705485693883
v 0.36331356022006905 -0.09733683854321946 -0.3633135602200693
v 0.38415075157765133 -0.0729619607782354 -0.33689116737457836
v 0.4037523990898498 -0.048621743781219355 -0.30981011228289373
v 0.4221418723075969 -0.024304963794107362 -0.2820661812471927
v 0.4393364816572034 -1.1368466773794693e-16 -0.25365103594960975
v 0.4553474146623332 0.024304963794107137 -0.22455249479590927
v 0.47017962713121997 0.048621743781218474 -0.1947547783092765
v 0.4838316850458056 0.07296196077823452 -0.16423872606184237
v 0.49629555279998194 0.09733683854321927 -0.13298199257991272
v 0.5075563232357791 0.1217569892962249 -0.100959229833344
v 0.5175918846499712 0.14623217958290252 -0.06814226434513605
v 0.5263725196211948 0.1707710690524496 -0.0345002776667549
v 0.5661522923194873 0.21199026646045374 0
v 0.5732779384081569 0.23571482274481814 0.03757462123885147
v 0.5788983381598234 0.25947210362019285 0.07621341206793361
v 0.5829361509816926 0.2832537929070785 0.11595320982295422
v 0.5853024325887269 0.30704748860369946 0.156831314140121
v 0.5858956644002504 0.33083594245842474 0.19888477853025216
v 0.5846006972826326 0.35459617524902365 0.24214953738723458
v 0.5812876156584359 0.37829844785389155 0.28665932887060036
v 0.5758105337134025 0.4019050661581095 0.332444366641655
v 0.5680063433599116 0.4253689959879052 0.3795297048357473
v 0.5576934444404843 0.4486322628761134 0.4279332309381286
v 0.5446705022227406 0.47162411092261636 0.47766321053578764
v 0.5287152965742529 0.49425889589759264 0.5287152965742528
v 0.5095837525234896 0.5164336908480309 0.5810689043859758
v 0.4870092745850638 0.5380255889248198 0.6346828434482448
v 0.4607025487181592 0.5588886994568745 0.6894900892862752
v 0.43035202749989016 0.5788508514477684 0.7453915767700882
v 0.3956253770948909 0.5977100461999997 0.8022489030847814
v 0.35617223914568874 0.6152307408066694 0.8598758502863151
v 0.31162874550671443 0.6311401004316638 0.9180286809485553
v 0.2616243148648203 0.645124433539333 0.9763952355709068
v 0.20579134961353363 0.6568261241626441 1.0345829790499945
v 0.14377852456943038 0.6658415012327525 1.0921063193198037
v 0.07526839337750815 0.6717202362305886 1.1483737682533457
v 7.364265616225412e-17 0.6739670306555315 1.20267584439084
v -0.08220297458974893 0.6720465285826466 1.2541750322449765
v -0.17139833404599653 0.6653925380082626 1.3018996007441197
v -0.26748613361719353 0.6534227212235475 1.3447436031297688
v -0.3701653386249109 0.6355598525611899 1.3814758509491052
v -0.478888810065975 0.611260457553119 1.4107609421943337
v -0.5928205201361051 0.5800510511604029 1.4311953397656576
v -0.7108004928761973 0.5415712142646848 1.4413608143879995
v -0.8313243824845706 0.4956213773933748 1.4398960680340993
v -0.9525453881234632 0.4422115206538676 1.4255849170660109
v -1.0723058015835183 0.3816053079771264 1.3974561280684683
v -1.188203376532227 0.31435287799483314 1.3548862787917726
v -1.2976936487014787 0.24130514651905335 1.297693648701479
v -1.398223602512384 0.1636035274518167 1.2262091894043012
v -1.487385628491929 0.08264167978928208 1.141311134273905
v -1.5630750979114096 2.327444080530556e-16 1.0444133898880203
v -1.6236318347446992 -0.08264167978928162 0.9374042768546978
v -1.66794658009121 -0.1636035274518152 0.8225402268365365
v -1.6955184611486485 -0.24130514651905194 0.70230674186173
v -1.706457448335242 -0.31435287799483286 0.5792642484065273
v -1.701434778999909 -0.38160530797712594 0.4558980750072518
v -1.681592065344712 -0.4422115206538665 0.33448945868456587
v -1.6484245742981687 -0.4956213773933738 0.21701921229079366
v -1.603655327717534 -0.5415712142646839 0.10510912334071296
v -1.5491146728571707 -0.5800510511604027 1.8971183256267334e-16
v -1.4866359733169645 -0.6112604575531189 -0.09743926963689568
v -1.417973405678058 -0.6355598525611899 -0.18667974037002227
v -1.3447436031297693 -0.6534227212235474 -0.2674861336171938
v -1.2683896972864896 -0.6653925380082626 -0.3398639950758705
v -1.1901643589444428 -0.6720465285826465 -0.40400636039109045
v -1.1111275968784267 -0.6739670306555317 -0.4602441201540693
v -1.032155053035816 -0.6717202362305886 -0.5090025433597104
v -0.9539530164631846 -0.6658415012327525 -0.5507650308492754
v -0.8770770990076933 -0.6568261241626443 -0.5860441813651701
v -0.8019522829828633 -0.6451244335393332 -0.6153596298040908
v -0.7288927506325683 -0.6311401004316638 -0.6392217863508112
v -0.6581204835908346 -0.6152307408066696 -0.6581204835908344
v -0.5897820643022551 -0.5977100461999999 -0.6725175522836421
v -0.5239634304752672 -0.5788508514477689 -0.6828424370362869
v -0.4607025487181592 -0.5588886994568746 -0.6894900892862753
v -0.4000001079060546 -0.5380255889248202 -0.6928205099263192
v -0.3418284082477897 -0.5164336908480313 -0.6931594418277964
v -0.28613865659362614 -0.4942588958975931 -0.6907998254675487
v -0.23286688634902844 -0.47162411092261664 -0.6860037258885974
v -0.1819387118191686 -0.4486322628761135 -0.6790045163727698
v -0.1332731091956825 -0.42536899598790556 -0.6700091650978538
v -0.08678539460548398 -0.40190506615810967 -0.6592005179990799
v -0.042389546795479884 -0.3782984478538916 -0.6467395065007907
v -1.1623745534665919e-16 -0.3545961752490239 -0.6327672350242166
v 0.04046698764837198 -0.3308359424584252 -0.617406922219621
v 0.07909230268378466 -0.3070474886036998 -0.6007656833952614
v 0.11595320982295426 -0.28325379290707864 -0.5829361509816926
v 0.15112279152503486 -0.25947210362019335 -0.5639979361530705
v 0.18466954566477725 -0.23571482274481845 -0.5440189387610643
v 0.2166571024661852 -0.21199026646045385 -0.5230565151583213
v 0.2471440292787364 -0.18830331911160425 -0.5011585147766294
v 0.27618369781456503 -0.16465599663437103 -0.47836419683707593
v 0.30382419332579824 -0.14104793348138253 -0.45470503856858363
v 0.33010824908305325 -0.11747680547013908 -0.43020544598921967
v 0.35507319258816217 -0.09393869954709315 -0.4048833778006361
v 0.37875089235995324 -0.07042844023055334 -0.3787508923599534
v 0.40116769599125035 -0.046939881465279 -0.3518146270973608
v 0.42234435158779265 -0.023466171782309784 -0.32407621919378815
v 0.4422959057477916 -1.0976429188112525e-16 -0.29553267585984194
v 0.46103157199240685 0.023466171782309246 -0.2661767021947328
v 0.4785545640692687 0.04693988146527845 -0.2359969943771646
v 0.4948618888713938 0.07042844023055281 -0.20497850587209912
v 0.5099440938845109 0.09393869954709293 -0.1731026944513225
v 0.5237849641354627 0.11747680547013889 -0.14034775814766176
v 0.5363611636007406 0.1410479334813823 -0.10668886882233161
v 0.5476418159869352 0.16465599663437047 -0.07209841285797712
v 0.5575880197588082 0.18830331911160433 -0.03654624963928362
v 0.6092714070164713 0.22228592669389405 0
v 0.6173245884224711 0.24446220620026493 0.04046159120620047
v 0.6237008821470249 0.2665918306138868 0.08211177888211785
v 0.6283089145916075 0.28865470534920284 0.12497841364715999
v 0.631045155374797 0.31062567942602204 0.1690880397702492
v 0.6317930127713809 0.3324737084765621 0.21446482890536847
v 0.6304218921287167 0.35416090150118246 0.26112929773662286
v 0.626786236558556 0.3756414375526138 0.3090967656582269
v 0.6207245779849361 0.3968603386789034 0.35837550219221964
v 0.6120586380692472 0.4177520864270363 0.40896450711185073
v 0.6005925332583226 0.4382390714000812 0.46085085954776234
v 0.5861121569123293 0.4582298693020226 0.5140065662860303
v 0.5683848349121734 0.4776173432916043 0.5683848349121733
v 0.5471593800458564 0.496276582189359 0.6239156957287408
v 0.5221667054184963 0.5140626982483791 0.6805008993542838
v 0.49312119838601576 0.5308085281413492 0.738008027197023
v 0.4597231037272595 0.5463223080613449 0.7962637730688703
v 0.4216622165518677 0.5603854300141367 0.8550463905653286
v 0.3786232387656474 0.5727504330412047 0.9140773580576523
v 0.3302932023425853 0.5831394413725401 0.973012397748476
v 0.27637139938417227 0.5912433314988296 1.0314321042606411
v 0.21658226979542702 0.5967219901891521 1.0888325982368052
v 0.1506916638995792 0.5992061109123239 1.1446168258186238
v 0.07852679531991286 0.5983010578876354 1.198087375109759
v 7.644502290266517e-17 0.5935933900414919 1.2484419663839268
v -0.08486391060093026 0.5846606590899235 1.294773070506737
v -0.17589739703216026 0.5710850466696389 1.3360733769246822
v -0.27275838519940615 0.5524712486423559 1.3712490017214496
v -0.37489905095485254 0.528468713026643 1.3991423058728627
v -0.48153822743836666 0.498797862704735 1.418565874090793
v -0.5916413107000136 0.46327927983994266 1.428348476352167
v -0.7039121429478609 0.4218640325280545 1.4273926225226266
v -0.8168014619700568 0.3746624814632552 1.414741631828677
v -0.9285358548494838 0.3219681775854876 1.3896521112092646
v -1.0371695491853443 0.2642730657759215 1.3516656724366156
v -1.1406587946766638 0.20227036930475237 1.3006720736655444
v -1.2369552778320485 0.13684240777328693 1.2369552778320487
v -1.3241115171996987 0.06903221632726912 1.1612146349617651
v -1.400388274168981 1.94329155953347e-16 1.0745557164191393
v -1.4643524842652778 -0.06903221632726873 0.9784490483701147
v -1.5149546326655596 -0.13684240777328743 0.8746594649795313
v -1.5515769675125135 -0.2022703693047529 0.7651530846643174
v -1.5740480138444697 -0.2642730657759212 0.6519920351608128
v -1.582623627069753 -0.3219681775854873 0.537228330386631
v -1.5779392541350927 -0.3746624814632549 0.42280754885086663
v -1.560941267022923 -0.42186403252805427 0.310490522764133
v -1.5328067213277794 -0.463279279839943 0.2017978331815496
v -1.4948606782825822 -0.49879786270473475 0.0979783452809763
v -1.4484987022742137 -0.5284687130266429 1.7738992993092107e-16
v -1.3951198898368666 -0.5524712486423561 -0.09144098862232165
v -1.3360733769246818 -0.571085046669639 -0.17589739703216073
v -1.2726191442914523 -0.5846606590899237 -0.2531396867636875
v -1.205902337953344 -0.5935933900414919 -0.32312055760540076
v -1.1369393075897338 -0.5983010578876353 -0.38593889003051274
v -1.0666130807078256 -0.599206110912324 -0.4418056038337298
v -0.9956759108877705 -0.5967219901891521 -0.4910130212638561
v -0.9247567258867728 -0.5912433314988295 -0.5339085446256454
v -0.8543716330505433 -0.5831394413725404 -0.5708728740485987
v -0.7849360222630178 -0.5727504330412045 -0.6023025937192671
v -0.7167771790785333 -0.5603854300141364 -0.6285967152622179
v -0.6501466482273437 -0.546322308061345 -0.6501466482273435
v -0.5852318557921706 -0.5308085281413493 -0.6673290338887965
v -0.5221667054184965 -0.5140626982483792 -0.6805008993542837
v -0.46104101566914724 -0.496276582189359 -0.6899966408755958
v -0.40190877108999457 -0.47761734329160443 -0.6961264115354393
v -0.3447952284828127 -0.4582298693020225 -0.6991755581261855
v -0.28970296135107715 -0.4382390714000814 -0.6994048183534177
v -0.2366169472030842 -0.4177520864270364 -0.6970510489259116
v -0.18550881053105317 -0.3968603386789034 -0.6923283061535592
v -0.13634033354221348 -0.375641437552614 -0.6854291431863787
v -0.08906634055205273 -0.3541609015011824 -0.6765260225536331
v -0.043637052802427925 -0.332473708476562 -0.6657727701302188
v -1.200103685936514e-16 -0.31062567942602204 -0.6533060181227072
v 0.041898435833570696 -0.28865470534920296 -0.639246601170272
v 0.08211177888211767 -0.2665918306138869 -0.623700882147025
v 0.12069246457499094 -0.24446220620026493 -0.6067619935598517
v 0.1576910437722721 -0.22228592669389421 -0.5885109872566885
v 0.1931555461526442 -0.20007876446909134 -0.5690178900668496
v 0.22713096927100618 -0.17785281380828608 -0.5483426664490094
v 0.2596588652081616 -0.1556170568384234 -0.5265360915903112
v 0.29077700132623585 -0.13337786223664386 -0.5036405399695632
v 0.32051907546983416 -0.11113942673450798 -0.4796906953923691
v 0.34891446911282553 -0.08890416857923646 -0.45471418909925343
v 0.3759880245369667 -0.0666730813212328 -0.4287321728725482
v 0.4017598342264549 -0.04444605560720162 -0.4017598342264551
v 0.42624503234792394 -0.022222176077506345 -0.37380686083671605
v 0.44945357952583853 -1.0394966448536953e-16 -0.344877861413924
v 0.47139003317821027 0.02222217607750614 -0.3149727502977496
v 0.49205329649998564 0.044446055607201405 -0.28408710318990976
v 0.5114363398192648 0.0666730813212332 -0.25221249168806226
v 0.5295258885492944 0.08890416857923626 -0.21933680466478214
v 0.546302072360297 0.11113942673450779 -0.1854445650885911
v 0.5617380305438037 0.13337786223664394 -0.15051725164206148
v 0.5757994688859683 0.1556170568384229 -0.11453363549205797
v 0.5884441637592425 0.17785281380828652 -0.07747014384963088
v 0.5996214096475669 0.2000787644690911 -0.03930126356645588
v 0.6561215268430792 0.22710522666370914 0
v 0.6649623633199333 0.24736742618062943 0.04358393593379298
v 0.6719146102032519 0.2674856100787232 0.08845923659871965
v 0.6768719030486723 0.28742781311206206 0.13463819264818574
v 0.67971563811512 0.3071563186301504 0.18212925631575164
v 0.6803142608054504 0.3266268327940188 0.23093557319589955
v 0.6785225894768593 0.3457875703549631 0.281053258937827
v 0.6741812094345827 0.36457824782299536 0.3324693797489172
v 0.6671159830863471 0.3829289824576462 0.38515959241560427
v 0.657137735957169 0.40075909939034216 0.43908539733723306
v 0.644042194892375 0.4179758547338329 0.4941909575381247
v 0.6276102745878719 0.4344730902293359 0.5503994387459848
v 0.6076088317040567 0.4501298453831555 0.6076088317040566
v 0.5837920320908442 0.4648089667693944 0.6656872296191438
v 0.555903505474038 0.47835577186310413 0.7244675531851364
v 0.5236794920397523 0.4905968470049592 0.7837417455764293
v 0.48685321442498275 0.5013390862932287 0.8432545032122949
v 0.4451607330388107 0.5103691103914284 0.9026966682451855
v 0.3983485569888473 0.5174532408249355 0.9616984888342267
v 0.34618327959722117 0.5223382446922427 1.019823055855527
v 0.28846347656300086 0.5247531037266044 1.0765603506610735
v 0.22503403390070767 0.5244120951931411 1.1313224857014141
v 0.15580294777275583 0.5210194925749752 1.1834408813196107
v 0.08076044500981415 0.5142761909698392 1.2321662838820617
v 7.817365491961778e-17 0.5038885225237386 1.2766726696063766
v -0.08625953350923596 0.4895794363348696 1.3160661613560847
v -0.17765188923421685 0.4711020608406236 1.3494000682841978
v -0.27364314495503966 0.4482554347489095 1.3756969893819895
v -0.37351542706670876 0.42090188458617467 1.3939785512237441
v -0.4763570918454177 0.3889851581457233 1.4033027408182943
v -0.5810620748584457 0.35254803023587095 1.4028079417039105
v -0.6863409323854021 0.3117477410295314 1.391761732251846
v -0.7907454953574472 0.2668673896371176 1.3696113738153193
v -0.8927079661995058 0.21832137641313965 1.33603188659157
v -0.9905937554217159 0.16665324407690785 1.290966916243636
v -1.0827655423196294 0.11252484659014224 1.2346574714498035
v -1.1676542353371515 0.05669664662901991 1.1676542353371515
v -1.2438310589787283 1.595393358703348e-16 1.0908105626637006
v -1.310074252654559 -0.05669664662901959 1.0052553303182108
v -1.3654240689317503 -0.11252484659014267 0.9123471945610437
v -1.4092209462455045 -0.16665324407690826 0.8136140926625011
v -1.441123720185297 -0.21832137641313937 0.7106835709545963
v -1.4611071571724892 -0.2668673896371173 0.6052104005812426
v -1.4694404861668322 -0.3117477410295311 0.4988078311756009
v -1.4666505453714693 -0.35254803023587067 0.3929878292109513
v -1.4534743686716824 -0.3889851581457227 0.2891140275981387
v -1.4308064179065538 -0.4209018845861744 0.18836923848147305
v -1.3996453086682958 -0.4482554347489092 0.09173760024322315
v -1.3610439882802774 -0.4711020608406236 1.6667981637461893e-16
v -1.3160661613560847 -0.48957943633486933 -0.08625953350923558
v -1.2657505579376265 -0.5038885225237386 -0.16663922227512856
v -1.211083577143806 -0.514276190969839 -0.24089950142429922
v -1.1529800150145846 -0.521019492574975 -0.3089400639123811
v -1.0922710294403355 -0.5244120951931411 -0.3707760527766056
v -1.0296981884313825 -0.5247531037266046 -0.42651495479928525
v -0.9659123429424247 -0.5223382446922428 -0.4763352538692368
v -0.9014761046255466 -0.5174532408249356 -0.5204674716735747
v -0.8368688377015058 -0.5103691103914284 -0.5591778800924985
v -0.7724932477911701 -0.5013390862932287 -0.5927549170616827
v -0.7086828362562116 -0.49059684700495926 -0.6214981671236475
v -0.6457096650261567 -0.47835577186310413 -0.6457096650261565
v -0.5837920320908444 -0.46480896676939454 -0.665687229619144
v -0.5231017867567268 -0.4501298453831555 -0.6817195210799357
v -0.4637711159076 -0.43447309022933583 -0.6940825246251187
v -0.4058987100602311 -0.4179758547338332 -0.7030371885509881
v -0.34955527445568263 -0.40075909939034216 -0.7088279765034124
v -0.2947883896678854 -0.3829289824576463 -0.7116821283663324
v -0.2416267519823969 -0.36457824782299536 -0.7118094578970862
v -0.19008383940656773 -0.34578757035496294 -0.7094025463630743
v -0.14016105737755583 -0.32662683279401894 -0.7046372190123018
v -0.09185042124449645 -0.3071563186301505 -0.6976732149234212
v -0.04513683212001755 -0.28742781311206217 -0.6886549806996756
v -1.2449377298888036e-16 -0.2674856100787232 -0.6777125348879246
v 0.043583935933792534 -0.24736742618062985 -0.6649623633199336
v 0.08564104453243332 -0.22710522666370944 -0.6505083162253097
v 0.12619845693249662 -0.20672596854641564 -0.6344424863820832
v 0.16528340206292894 -0.18625226798644845 -0.6168460541466866
v 0.20292239205510118 -0.16570299910739358 -0.5977900902895251
v 0.23914053025568774 -0.1450938316904315 -0.5773363114563744
v 0.2739609181698862 -0.12443771504783256 -0.5555377860333146
v 0.307404140858916 -0.10374531516942274 -0.5324395904247022
v 0.33948781309528386 -0.08302541193396842 -0.5080794174331068
v 0.37022617097046134 -0.062285262850392875 -0.4824881396985516
v 0.39962969568861517 -0.0415309394717992 -0.45569033212686755
v 0.4277047580069856 -0.020767642331439618 -0.4277047580069858
v 0.4544532732396518 -9.715034968425699e-17 -0.39854482416119125
v 0.4798723579682054 0.020767642331439427 -0.36821901105410476
v 0.5039539806412008 0.041530939471799574 -0.3367312843588463
v 0.526684599134922 0.062285262850392674 -0.30408149508857774
v 0.5480447791322928 0.08302541193396824 -0.2702657760894266
v 0.5680087878975378 0.10374531516942258 -0.23527694349426334
v 0.5865441587275374 0.12443771504783234 -0.19910491269149866
v 0.6036112220976914 0.14509383169043186 -0.16173713950343938
v 0.6191626003488724 0.16570299910739342 -0.12315909862833957
v 0.6331426637508933 0.18625226798644823 -0.08335481301194193
v 0.6454869470081849 0.20672596854641545 -0.04230744970895244
v 0.6985358694780524 0.22965346299375805 0
v 0.7080229329455505 0.24802918176095234 0.04640627477785259
v 0.7154103698261702 0.2661660159350174 0.09418556198753786
v 0.7205775685290595 0.28402231664296507 0.14333179003679297
v 0.7233920369243256 0.3015503674194548 0.19383231210497792
v 0.7237089629143904 0.3186956425372382 0.24566608963888667
v 0.7213708886527872 0.3353960138465828 0.2988016055811163
v 0.7162075464463447 0.35158091149044 0.3531944756191177
v 0.7080359163684099 0.3671704481886211 0.4087847269112247
v 0.6966605795176937 0.3820745224636966 0.4654937171142019
v 0.6818744566363343 0.3961919234906532 0.5232206729905486
v 0.6634600392038372 0.4094094694732779 0.581838838518017
v 0.6411912385944426 0.4216012228391295 0.6411912385944425
v 0.6148359974269348 0.4326278392841257 0.7010860876798842
v 0.5841598242479688 0.4423361238231222 0.7612919047544122
v 0.5489304257853503 0.45055888530129545 0.8215324385327759
v 0.508923616823353 0.4571152006943378 0.8814815615097622
v 0.463930681790447 0.4618112208192135 0.940758359099122
v 0.41376733870917914 0.46444166788552876 0.9989227207787222
v 0.3582844084398496 0.4647921897835179 1.0554718318736793
v 0.29738021266301995 0.4626427421618021 1.1098380628240283
v 0.23101460545258373 0.45777216207346993 1.161388849249645
v 0.15922437983811558 0.44996407014954803 1.2094292380014768
v 0.0821395803901137 0.43901418529872827 1.2532078236644075
v 7.910770063111244e-17 0.4247390507326078 1.2919267936876218
v -0.08682914229802997 0.4069860486195563 1.3247567120888053
v -0.17784362883768948 0.38564442295098267 1.3508564751658474
v -0.27239030691692484 0.360656842876441 1.3693985472357373
v -0.3696624708894304 0.3320308372099754 1.379599123010805
v -0.46870224226361457 0.29984924039032296 1.3807522811262152
v -0.5684114104302919 0.2642786453987265 1.3722665360684307
v -0.667571723936843 0.22557479980712775 1.3537015425840468
v -0.7648748873134187 0.18408394508204626 1.3248021662603615
v -0.8589615660762041 0.14023931234447173 1.2855268296978213
v -0.948467635864865 0.09455235315840987 1.2360670883778058
v -1.03207488519987 0.04759877416574784 1.176855855033813
v -1.1085625763971962 1.3389877584136405e-16 1.1085625763971965
v -1.1768558550338128 -0.04759877416574758 1.0320748851998702
v -1.2360670883778058 -0.09455235315840964 0.9484676358648655
v -1.2855268296978213 -0.1402393123444715 0.8589615660762046
v -1.3248021662603617 -0.18408394508204604 0.764874887313419
v -1.3537015425840466 -0.22557479980712752 0.6675717239368434
v -1.3722665360684307 -0.26427864539872625 0.5684114104302922
v -1.3807522811262152 -0.2998492403903228 0.4687022422636152
v -1.379599123010805 -0.3320308372099753 0.36966247088943066
v -1.3693985472357375 -0.36065684287644084 0.2723903069169255
v -1.3508564751658472 -0.38564442295098245 0.17784362883768975
v -1.3247567120888053 -0.40698604861955656 0.08682914229802993
v -1.2919267936876218 -0.4247390507326077 1.582154012622249e-16
v -1.253207823664408 -0.4390141852987281 -0.0821395803901135
v -1.209429238001477 -0.44996407014954803 -0.15922437983811566
v -1.1613888492496451 -0.45777216207346993 -0.2310146054525838
v -1.1098380628240285 -0.4626427421618021 -0.2973802126630196
v -1.0554718318736795 -0.4647921897835178 -0.3582844084398494
v -0.9989227207787228 -0.46444166788552876 -0.4137673387091791
v -0.9407583590991222 -0.46181122081921355 -0.46393068179044694
v -0.8814815615097624 -0.45711520069433786 -0.5089236168233531
v -0.8215324385327762 -0.4505588853012955 -0.5489304257853502
v -0.7612919047544128 -0.4423361238231224 -0.5841598242479688
v -0.7010860876798847 -0.43262783928412585 -0.6148359974269351
v -0.6411912385944428 -0.4216012228391296 -0.6411912385944426
v -0.5818388385180172 -0.4094094694732779 -0.6634600392038371
v -0.5232206729905489 -0.3961919234906533 -0.6818744566363343
v -0.465493717114202 -0.3820745224636967 -0.6966605795176938
v -0.40878472691122514 -0.3671704481886212 -0.7080359163684097
v -0.35319447561911776 -0.3515809114904401 -0.7162075464463447
v -0.29880160558111674 -0.33539601384658296 -0.7213708886527871
v -0.2456660896388869 -0.3186956425372383 -0.7237089629143904
v -0.19383231210497787 -0.30155036741945473 -0.7233920369243256
v -0.14333179003679333 -0.2840223166429652 -0.7205775685290597
v -0.09418556198753791 -0.2661660159350175 -0.7154103698261705
v -0.046406274777852356 -0.24802918176095234 -0.7080229329455505
v -1.283189574968865e-16 -0.2296534629937581 -0.6985358694780524
v 0.045032188375250526 -0.2110751289541506 -0.6870584256769152
v 0.08869284524588704 -0.19232570403715407 -0.6736890440457435
v 0.13098696635988813 -0.17343255081293238 -0.6585159489348253
v 0.17192095514785563 -0.15441940463779308 -0.6416177394975686
v 0.2115017208790557 -0.1353068635655515 -0.6230639780076567
v 0.24973588695073398 -0.11611283781377098 -0.6029157652877356
v 0.28662909035567113 -0.09685296329596584 -0.5812262980159459
v 0.32218535545427623 -0.07754098384378219 -0.5580414051014447
v 0.3564065270794794 -0.05818910676181909 -0.533400062278743
v 0.38929174971767827 -0.03880833631966503 -0.5073348856698268
v 0.4208369810420581 -0.019408789719107013 -0.4798726063934666
v 0.4510345294399065 -9.079771805404826e-17 -0.45103452943990674
v 0.47987260639346657 0.019408789719106832 -0.42083698104205824
v 0.5073348856698265 0.03880833631966484 -0.38929174971767844
v 0.5334000622787428 0.05818910676181918 -0.35640652707947956
v 0.5580414051014446 0.07754098384378202 -0.3221853554542764
v 0.5812262980159458 0.09685296329596566 -0.2866290903556714
v 0.6029157652877356 0.11611283781377107 -0.24973588695073426
v 0.6230639780076564 0.13530686356555105 -0.21150172087905592
v 0.6416177394975685 0.15441940463779316 -0.17192095514785588
v 0.6585159489348252 0.17343255081293218 -0.13098696635988838
v 0.6736890440457434 0.1923257040371539 -0.08869284524588732
v 0.687058425676915 0.21107512895415037 -0.04503218837525081
v 0.729410948161143 0.23524985630828738 0
v 0.7395547474253544 0.25223166768526695 0.04847297908770662
v 0.7474410954047747 0.26889737373725053 0.0984024870094976
v 0.7529362701015178 0.28519813643127306 0.1497683359719025
v 0.7558949426059919 0.3010788573233826 0.20254143943404535
v 0.7561599748578663 0.3164775216832409 0.2566817238475259
v 0.7535623962526381 0.33132452229936593 0.31213576462221104
v 0.7479216170456652 0.34554197547784216 0.3688341244760065
v 0.7390459485426267 0.35904304704598 0.42668837733458775
v 0.7267335132927117 0.3717313127281496 0.48558780904223076
v 0.710773642534506 0.3835001852140677 0.5453957982608367
v 0.6909488723078212 0.39423244967579574 0.605945898145347
v 0.6670376628656722 0.40379996039542637 0.6670376628656721
v 0.6388179767161881 0.41206356336848826 0.7284322939935779
v 0.6060718565813019 0.41887332283847734 0.789848221261729
v 0.5685911428319713 0.4240691429525366 0.8509567809628844
v 0.5261844568168469 0.42748188792336594 0.9113782133598105
v 0.4786855474692513 0.428935113506154 0.9706782668990326
v 0.4259630486479464 0.4282475268873762 1.0283657691156625
v 0.3679316187482645 0.42523628821179965 1.0838915970011447
v 0.3045643278136334 0.41972125134651633 1.136649545573543
v 0.23590601814937912 0.4115302101767206 1.1859796414725303
v 0.16208719319319842 0.4005051659988918 1.231174464317312
v 0.0833377923417495 0.38650955862630026 1.2714890053440124
v 7.997889591778927e-17 0.3694363078776336 1.3061544924377164
v -0.08746096258458293 0.3492163957197587 1.3343964268584383
v -0.1784492730257701 0.32582758961393876 1.3554567994983089
v -0.27223546102391133 0.2993027772298318 1.3686200843625969
v -0.36795912821550775 0.2697372699102381 1.3732421616090253
v -0.464638485529786 0.23729435968460552 1.368780839826773
v -0.5611873810244623 0.2022084061410945 1.3548261863018949
v -0.6564399363476433 0.1647848055541753 1.3311285103675963
v -0.7491822146615676 0.12539636658600453 1.2976216599208088
v -0.8381895799551414 0.08447588114297697 1.2544393555670312
v -0.9222676805456856 0.042505013886342896 1.2019226418385451
v -1.000294416267506 1.1954969542948274e-16 1.1406171755783687
v -1.0712599384704131 -0.04250501388634266 1.0712599384704131
v -1.1343017587519377 -0.08447588114297618 0.9947559443567381
v -1.1887324249770805 -0.12539636658600378 0.912146471170589
v -1.2340579161194973 -0.1647848055541751 0.824571137506254
v -1.269985808496624 -0.20220840614109428 0.7332266484025303
v -1.2964232377180882 -0.23729435968460533 0.6393251898813693
v -1.3134655806505522 -0.26973726991023794 0.5440552572157111
v -1.3213774916995669 -0.29930277722983134 0.4485472171236233
v -1.3205683745642993 -0.3258275896139386 0.35384522951458475
v -1.3115645340303062 -0.3492163957197585 0.2608864064351667
v -1.2949801596876913 -0.36943630787763354 0.17048737234900926
v -1.2714890053440127 -0.3865095586263001 0.0833377923417496
v -1.2417982202371973 -0.4005051659988917 1.520764215600364e-16
v -1.2066253355027272 -0.41153021017672053 -0.07908640280944712
v -1.1666789731373393 -0.4197212513465162 -0.15359620069622923
v -1.1226434673256085 -0.42523628821179965 -0.22330766980904465
v -1.0751672921689117 -0.42824752688737616 -0.28809020766501636
v -1.0248549815462145 -0.428935113506154 -0.34789138820320886
v -0.9722620999573077 -0.42748188792336594 -0.40272414798366246
v -0.9178927645407559 -0.4240691429525367 -0.4526546184205023
v -0.8621992118864799 -0.41887332283847734 -0.4977909470777425
v -0.805582932761152 -0.41206356336848843 -0.5382733067433803
v -0.748396949392186 -0.4037999603954264 -0.574265176989748
v -0.6909488723078214 -0.39423244967579585 -0.6059458981453472
v -0.6335044386909793 -0.3835001852140677 -0.633504438690979
v -0.5762912962694852 -0.3717313127281497 -0.6571342796394349
v -0.5195028526552322 -0.3590430470459802 -0.6770292988436845
v -0.46330205816307934 -0.3455419754778423 -0.6933805301016461
v -0.40782503006875126 -0.33132452229936593 -0.7063736726773815
v -0.35318445834460827 -0.3164775216832409 -0.7161872334230848
v -0.2994727579188942 -0.3010788573233829 -0.722991193729068
v -0.24676495141656885 -0.28519813643127334 -0.7269461053245677
v -0.19512128018393898 -0.2688973737372507 -0.7282025312843431
v -0.1445895511516807 -0.252231667685267 -0.7269007606535933
v -0.09520723362709148 -0.23524985630828738 -0.7231707363841641
v -0.04700332417784981 -0.2179951444771897 -0.7171321465017596
v -1.30221832308238e-16 -0.20050569749661204 -0.7088946374791683
v 0.04578591794379384 -0.1828151985360264 -0.6985581166631547
v 0.09034167077623219 -0.1649533692774692 -0.686213117349029
v 0.1336574159880961 -0.14694645455863783 -0.6719412058124481
v 0.17572521067444616 -0.12881767279860912 -0.6558154144077791
v 0.2165381055611795 -0.11058763470242854 -0.6379006888475429
v 0.2560893330826417 -0.09227473322341076 -0.618254341107194
v 0.29437157421987087 -0.07389550807708423 -0.5969265021656812
v 0.33137629022721427 -0.05546498829528802 -0.5739605710972249
v 0.36709310672881823 -0.03699701641970959 -0.5493936589651274
v 0.401509238938835 -0.018504557989598547 -0.5232570276152522
v 0.4346089479456953 -8.65701246100944e-17 -0.49557652489618137
v 0.4663730191070186 0.018504557989598373 -0.46637301910701884
v 0.49677825464078895 0.036997016419708914 -0.4356628366465948
v 0.5257969734901562 0.05546498829528785 -0.40345820795665505
v 0.5533965125092652 0.07389550807708407 -0.36976772795773105
v 0.5795387239973288 0.0922747332234106 -0.33459683830567033
v 0.6041794656352658 0.11058763470242836 -0.2979483399800689
v 0.6272680799979263 0.12881767279860845 -0.2598229459788731
v 0.648746862077176 0.1469464545586377 -0.22021988525634867
v 0.6685505147177792 0.16495336927746904 -0.17913757051804027
v 0.6866055936101482 0.18281519853602626 -0.1365743440811103
v 0.7028299455841714 0.20050569749661182 -0.09252931771536975
v 0.7171321465017598 0.21799514447718998 -0.04700332417784988
v 0.7447711606397073 0.24958334472508237 0
v 0.7558241881866452 0.26602602009398985 0.04953933457326899
v 0.7645593793976064 0.28209759298871184 0.10065615185156424
v 0.7708298326907342 0.2977429550661787 0.15332758686737963
v 0.7744764273636263 0.3129002182636057 0.20752033326902472
v 0.775327700534701 0.3275000684119844 0.2631882899612524
v 0.7731999475015461 0.3414651157890934 0.3202699046813055
v 0.7678976137706767 0.35470926069731784 0.3786851958913622
v 0.7592140601900379 0.36713709853573506 0.43833244202326704
v 0.7469327966702547 0.37864339652481716 0.4990845386963835
v 0.7308292942766422 0.3891126832949482 0.5607850411040851
v 0.7106734989949436 0.3984190029250498 0.6232439314912721
v 0.6862331817112042 0.4064258965146465 0.6862331817112041
v 0.6572782657841861 0.4129866865591123 0.7494822193302292
v 0.6235862732039934 0.4179451515206912 0.8126734533949324
v 0.5849490191383082 0.4211366888767313 0.8754380729079174
v 0.5411806583594364 0.42239007290007774 0.9373523963521182
v 0.4921271407807224 0.4215299162245387 0.997935121777816
v 0.43767706215782315 0.4183799390232013 1.0566458994010284
v 0.3777737955939972 0.4127671330415855 1.112885715026613
v 0.31242865720873014 0.4045268762132305 1.1659996224435014
v 0.2417346957558624 0.39350900382272247 1.2152823825904733
v 0.16588050663411266 0.3795847718371578 1.2599875404869918
v 0.08516326789925815 0.36265455674648256 1.2993403802805874
v 8.159546251515631e-17 0.34265602681916035 1.3325550284696985
v -0.08906410903430355 0.31957239914086366 1.3588557151056853
v -0.1813515593275872 0.2934402772372847 1.377501852611642
v -0.2760537993061976 0.2643564625536303 1.387816167203431
v -0.37223894447770484 0.23248307033532112 1.3892146533466043
v -0.4688666707323481 0.19805027814051518 1.381236671775147
v -0.5648104907303703 0.1613561114471479 1.3635731468918633
v -0.6588869764129419 0.12276283503934741 1.3360906167486526
v -0.7498907716167379 0.0826897669633467 1.2988489165672201
v -0.8366335399203023 0.04160264326390163 1.2521105770839527
v -0.9179844232628633 1.170082245302709e-16 1.1963405922691643
v -0.9929092498721843 -0.0416026432639014 1.1321960072723012
v -1.0605056995188165 -0.08268976696334593 1.0605056995188167
v -1.1200319349143284 -0.12276283503934667 0.9822416447201016
v -1.1709268067423872 -0.1613561114471477 0.8984837397614588
v -1.2128205494858273 -0.19805027814051496 0.8103807827959756
v -1.2455357837670107 -0.2324830703353209 0.7191104200431949
v -1.269079497309949 -0.26435646255363016 0.6258407493685081
v -1.2836273777856035 -0.29344027723728416 0.5316958689122097
v -1.2895023417679163 -0.3195723991408635 0.43772706172741593
v -1.2871493169502466 -0.3426560268191603 0.3448906200150902
v -1.2771083061287751 -0.36265455674648234 0.25403263657230013
v -1.2599875404869918 -0.3795847718371577 0.16588050663411252
v -1.236438182701932 -0.3935090038227223 0.08104044005126487
v -1.2071316354829071 -0.4045268762132304 1.4783098935436517e-16
v -1.172740106892775 -0.4127671330415854 -0.07686544758806488
v -1.1339207227648582 -0.4183799390232012 -0.14928349521809886
v -1.0913031837320195 -0.4215299162245388 -0.21707369980509397
v -1.0454807491950016 -0.4223900729000778 -0.28013572244908536
v -0.9970041905055229 -0.42113668887673134 -0.3384373185717322
v -0.9463782807433883 -0.4179451515206912 -0.3920027190192438
v -0.8940603651124205 -0.4129866865591123 -0.4409017796510677
v -0.8404605698795298 -0.4064258965146466 -0.48524013626321294
v -0.7859432458948936 -0.39841900292505 -0.5251504875239222
v -0.7308292942766426 -0.3891126832949483 -0.560785041104085
v -0.6753990786183536 -0.3786433965248172 -0.5923090950752905
v -0.6198956843374229 -0.3671370985357351 -0.6198956843374227
v -0.5645283378774328 -0.35470926069731806 -0.6437211962917814
v -0.5094758444004809 -0.3414651157890936 -0.6639618472724043
v -0.4548899415443541 -0.3275000684119845 -0.6807909078938478
v -0.4008984987693316 -0.312900218263606 -0.6943765685465705
v -0.34760851727133435 -0.2977429550661788 -0.7048803434491728
v -0.29510890514816507 -0.2820975929887121 -0.712455921185774
v -0.24347301733335114 -0.26602602009399007 -0.7172483802341818
v -0.19276096061666503 -0.24958334472508245 -0.7193936987371776
v -0.14302167164764318 -0.23281852594285538 -0.7190184981040508
v -0.09429478087009385 -0.21577497928046918 -0.716239969602532
v -0.046612278457254894 -0.19849115234581924 -0.7111659417301678
v -1.2930342368080324e-16 -0.18100106732588897 -0.7038950537729426
v 0.04552104966080118 -0.1633348293633058 -0.6945170075789536
v 0.0899335161615176 -0.14551910120435954 -0.6831128752556828
v 0.13322264119555557 -0.12757754556185136 -0.6697554453277283
v 0.17537531714200663 -0.10953123738144087 -0.6545095939674751
v 0.21637923502402917 -0.09139904871763428 -0.6374326713370768
v 0.2562221112487083 -0.07319800927282431 -0.6185748959564991
v 0.2948909797717408 -0.05494364587595255 -0.597979752433153
v 0.3323715374999905 -0.03665030431281258 -0.5756843899397678
v 0.3686475318678903 -0.018331456995949093 -0.5517200205858946
v 0.40370018058859986 -8.576078957368792e-17 -0.5261123183636401
v 0.4375076145872035 0.018331456995948923 -0.4988818207209019
v 0.4700443360792841 0.03665030431281241 -0.4700443360792843
v 0.5012806846792565 0.05494364587595212 -0.4396113618166025
v 0.5311823053309133 0.07319800927282416 -0.4075905184172904
v 0.5597096127759809 0.09139904871763414 -0.37398600669499316
v 0.5868172482499098 0.10953123738144073 -0.3387990962422012
v 0.6124535251595193 0.12757754556185097 -0.3020286545891653
v 0.6365598617044101 0.14551910120435912 -0.26367172798030897
v 0.6590701998122385 0.16333482936330534 -0.22372418621620063
v 0.6799104114364176 0.18100106732588883 -0.18218144566990044
v 0.6989976952947153 0.19849115234581927 -0.139039286363997
v 0.7162399696025318 0.2157749792804688 -0.09429478087009387
v 0.7315352693830894 0.23281852594285546 -0.04794735472684561
v 0.7446575797481969 0.2762512330056138 0
v 0.7570403760987745 0.29314450528687214 0.04961904774046399
v 0.7671606907769306 0.30963484546273484 0.1009986209916548
v 0.7748575487718483 0.3256600639786995 0.15412874940820714
v 0.7799557029142602 0.34114995939823645 0.20898850072792466
v 0.7822653354864093 0.3560255431227175 0.26554329969204915
v 0.7815820033569951 0.37019825999470796 0.32374186589720133
v 0.777686909645752 0.3835692285865963 0.38351274237622274
v 0.7703476022213143 0.3960285335771356 0.4447603955120585
v 0.7593192180481501 0.40745461302374636 0.50736088086136
v 0.7443464117103127 0.4177137956204902 0.5711570901106213
v 0.7251661250017105 0.42666005710581384 0.6359536233861635
v 0.7015113702286201 0.4341350805187333 0.70151137022862
v 0.6731162098819831 0.4399687213030646 0.7675419333204411
v 0.6397221156301326 0.4439799941336393 0.8337020926568446
v 0.6010858750646336 0.4459787119470743 0.8995885844785588
v 0.5569891791577096 0.44576791638294366 0.9647335575672367
v 0.5072499600751108 0.4431472391976276 1.028601165699368
v 0.45173545089433104 0.4379173218913706 1.090585852153819
v 0.3903768000909702 0.42988539087463656 1.1500129690465588
v 0.32318489144697266 0.41887203298847836 1.2061424351187344
v 0.25026679658484935 0.40471913687688355 1.258176150038839
v 0.17184203281895738 0.38729885746966114 1.3052698275236445
v 0.08825753407607516 0.3665233252905887 1.3465497592775362
v 8.457011294617449e-17 0.342354666579873 1.381134756650742
v -0.09229588757890234 0.31481473840074314 1.4081631274056565
v -0.18784494843308527 0.2839938365571041 1.4268240396152536
v -0.2857161405926054 0.25005753116952933 1.4363920371389869
v -0.3848454744717072 0.21325075589295112 1.4362628637913621
v -0.4840577727412113 0.17389834975972573 1.4259882152076229
v -0.5820970834131345 0.13240144264198117 1.4053066733938122
v -0.6776646591710866 0.08922938524593149 1.374167990616362
v -0.7694625031588632 0.044907327810097104 1.3327481499902796
v -0.8562396940602499 1.2631639666887277e-16 1.2814532603535063
v -0.9368381859832341 -0.044907327810096855 1.2209112942198792
v -1.0102346429985083 -0.08922938524593182 1.151951831809712
v -1.0755751625998202 -0.13240144264198153 1.0755751625998204
v -1.1322004356970152 -0.1738983497597255 0.992913133496427
v -1.179659876061881 -0.21325075589295092 0.9051848595381973
v -1.2177143704108169 -0.2500575311695296 0.8136507293958563
v -1.2463283770767895 -0.28399383655710436 0.7195680240039537
v -1.2656529847952926 -0.3148147384007435 0.6241509803946663
v -1.2760021333095772 -0.34235466657987285 0.5285373892338291
v -1.2778244581768274 -0.36652332529058856 0.43376295440790996
v -1.2716731769973855 -0.38729885746966125 0.34074380081276995
v -1.2581761500388393 -0.4047191368768834 0.25026679658484974
v -1.2380078126469873 -0.4188720329884785 0.1629868205676847
v -1.211864177999165 -0.42988539087463656 0.07942977468780757
v -1.1804416201205277 -0.4379173218913706 1.4456240516609201e-16
v -1.1444197198954946 -0.44314723919762755 -0.07500923135599546
v -1.1044481190334552 -0.44576791638294366 -0.14540335332645604
v -1.0611370866964482 -0.4459787119470742 -0.21107329002914402
v -1.0150513545866835 -0.44397999413363937 -0.2719821907376185
v -0.9667067041171158 -0.4399687213030646 -0.3281527077843322
v -0.9165687757803952 -0.43413508051873323 -0.37965521777594397
v -0.8650535980234139 -0.4266600571058138 -0.42659722513716875
v -0.8125293851038482 -0.4177137956204901 -0.469114059214188
v -0.7593192180481504 -0.40745461302374647 -0.5073608808613599
v -0.7057042908174853 -0.3960285335771356 -0.5415059478768087
v -0.6519274690273019 -0.3835692285865962 -0.5717250459153833
v -0.5981969674388762 -0.37019825999470796 -0.598196967438876
v -0.5446900031851628 -0.35602554312271767 -0.6210999110812638
v -0.4915563238367053 -0.3411499593982364 -0.6406086734045423
v -0.43892154330781447 -0.32566006397869945 -0.6568925110725052
v -0.38689024506814423 -0.30963484546273495 -0.6701135614107993
v -0.3355488321945526 -0.2931445052868721 -0.6804257212622965
v -0.28496811855472104 -0.2762512330056139 -0.6879738966587504
v -0.23520566588498318 -0.25900996061070475 -0.6928935482280958
v -0.18630787862874523 -0.2414690845651666 -0.6953104688928533
v -0.13831187292488253 -0.22367114852571024 -0.6953407409851522
v -0.0912471387290314 -0.2056534830122825 -0.6930908292754423
v -0.04513701523977453 -0.1874488007461664 -0.6886577745672728
v -1.2530514887789155e-16 -0.16908574818519836 -0.6821294595042091
v 0.04414908842982892 -0.1505894150786101 -0.6735849241637132
v 0.08729807523434832 -0.13198180476322388 -0.6630947139942925
v 0.12943650370742027 -0.11328226852414235 -0.6507212468110076
v 0.1705548026656681 -0.09450790772466476 -0.6365191890231584
v 0.21064353167690594 -0.0756739476338458 -0.6205358341421965
v 0.24969269016150364 -0.05679408699437979 -0.6028114790133247
v 0.2876910776546915 -0.03788082741583073 -0.5833797952258195
v 0.32462569366449723 -0.01894578667722522 -0.5622681948691992
v 0.36048116661563673 -8.863305129345147e-17 -0.5394981912893407
v 0.39523920233629284 0.018945786677225296 -0.5150857568261762
v 0.4288780434320514 0.03788082741583081 -0.4890416807407445
v 0.4613719317157908 0.05679408699438012 -0.461371931715791
v 0.4926905666461707 0.07567394763384565 -0.4320780304872565
v 0.5227985534987302 0.0945079077246646 -0.40115743937593823
v 0.5516548357868231 0.11328226852414243 -0.36860397677763396
v 0.5792121073062058 0.13198180476322346 -0.33440826607112867
v 0.6054162001469048 0.15058941507861015 -0.2985582299476987
v 0.6302054461589253 0.16908574818519817 -0.26103964288041465
v 0.6535100107461475 0.18744880074616646 -0.22183675635763048
v 0.675251199581175 0.20565348301228253 -0.18093301361592262
v 0.6953407409851521 0.22367114852570985 -0.1383118729248825
v 0.7136800494212397 0.2414690845651669 -0.09395776098460239
v 0.7301594789496416 0.2590099606107046 -0.047857180657729356
v 0.7325880728585555 0.31520115724961373 0
v 0.7467038953556224 0.33343211278708196 0.04894155899923477
v 0.7587170513771256 0.3512561623567865 0.09988699477594311
v 0.7684529057504554 0.3686027583931923 0.15285478670260028
v 0.7757190827751794 0.3853912083408041 0.20785330178302053
v 0.7803046733001227 0.40152957582379134 0.26487774456272173
v 0.7819796663904335 0.4169135483501723 0.3239065833189059
v 0.7804947075167626 0.4314253011298824 0.38489739505353204
v 0.7755813110023484 0.4449323993955016 0.4477820786856486
v 0.7669526837427793 0.4572867976232121 0.512461399571801
v 0.7543053491953599 0.4683240135580961 0.5787988516144934
v 0.7373217937445044 0.4778625780236312 0.6466138587655306
v 0.715674389077419 0.48570388781521195 0.7156743890774189
v 0.689030869930022 0.4916326175913762 0.7856891250862599
v 0.6570616603696765 0.4954178757201779 0.8562994273149332
v 0.6194493353485508 0.49681531540297247 0.9270714449619482
v 0.5759004669785203 0.49557043139923 0.9974888689094392
v 0.5261600242883084 0.491423277807914 1.066946982602468
v 0.4700283576767069 0.4841148252736724 1.1347488358030577
v 0.40738059260573983 0.47339512688229496 1.200104526512077
v 0.33818797355940905 0.45903337069781375 1.2621346998324747
v 0.26254034044145946 0.44082975472416536 1.3198794217775136
v 0.1806685018247166 0.418628922878387 1.3723135157749813
v 0.09296482973116474 0.3923344524365581 1.4183692123991856
v 8.92134691907963e-17 0.3619236007550067 1.4569665188838152
v -0.09746647495852769 0.3274612336769312 1.487051046315294
v -0.19848432915667988 0.2891116175632058 1.5076381595033463
v -0.30192138663502116 0.24714662076207 1.5178613105476395
v -0.40648466275953027 0.2019488998420086 1.5170214139160672
v -0.5107541815339445 0.15400888880647656 1.5046332994735354
v -0.613228615912825 0.10391488199762593 1.4804648413720238
v -0.7123803653528121 0.052336173008201904 1.4445644788512984
v -0.8067162958133204 1.4724829142339881e-16 1.3972736116424356
v -0.8948393534134463 -0.05233617300820161 1.3392217329784248
v -0.9755058540814594 -0.10391488199762633 1.2713039803940887
v -1.0476735699571083 -0.15400888880647626 1.1946427460342925
v -1.110536751156537 -0.2019488998420083 1.1105367511565372
v -1.1635457610382862 -0.24714662076206984 1.020402246045572
v -1.206410781266373 -0.28911161756320564 0.9257115510544708
v -1.2390907453540105 -0.32746123367693153 0.8279339664890515
v -1.2617700178167637 -0.3619236007550069 0.7284832594419072
v -1.2748261847490034 -0.3923344524365579 0.6286747019939094
v -1.278792617530229 -0.4186289228783868 0.5296932456436112
v -1.2743192794123717 -0.4408297547241654 0.432573106548238
v -1.2621346998324747 -0.45903337069781364 0.33818797355940944
v -1.2430113034590244 -0.47339512688229474 0.24725032105070943
v -1.2177354975586185 -0.48411482527367233 0.16031791965442227
v -1.1870832035690446 -0.4914232778079139 0.07780554381172161
v -1.1518009339570399 -0.49557043139923 1.4105493270254208e-16
v -1.1125920901344697 -0.4968153154029726 -0.07292313828825657
v -1.0701078874856367 -0.4954178757201779 -0.14088237607545626
v -1.0249421767668818 -0.4916326175913763 -0.20387367480796048
v -0.9776293963176625 -0.48570388781521184 -0.26195500724024323
v -0.9286449250022846 -0.47786257802363113 -0.31523247476388566
v -0.8784071837770909 -0.4683240135580961 -0.3638481688064267
v -0.8272809323594972 -0.4572867976232121 -0.40796980783599857
v -0.7755813110023485 -0.4449323993955017 -0.4477820786856489
v -0.7235782757251951 -0.4314253011298823 -0.4834795467020554
v -0.6715011628024106 -0.41691354835017247 -0.5152609646775428
v -0.619543192338504 -0.40152957582379134 -0.5433247974882623
v -0.5678657809921591 -0.3853912083408042 -0.5678657809921589
v -0.5166025812497316 -0.3686027583931924 -0.5890723446405631
v -0.4658632006722132 -0.3512561623567865 -0.6071247433890421
v -0.41573658107196326 -0.3334321127870818 -0.6221937629831485
v -0.3662940364292782 -0.31520115724961395 -0.6344398816049943
v -0.3175919611875965 -0.2966247441229649 -0.6440127889727932
v -0.2696742287969066 -0.2777562034770321 -0.6510511805839959
v -0.2225743051903036 -0.2586416568652657 -0.6556827595434164
v -0.17631710422825847 -0.23932085406152795 -0.6580243912232783
v -0.13092061277108819 -0.21982793775299855 -0.6581823669174058
v -0.08639731250922623 -0.20019213924968032 -0.6562527418203551
v -0.04275542441623158 -0.18043840961730537 -0.652321720272179
v -1.1875389004165133e-16 -0.1605879914672967 -0.6464660674644174
v 0.041866118366456734 -0.14065893708968127 -0.6387535319040805
v 0.08284144769960852 -0.1206665788048463 -0.6292432670684085
v 0.12292510680698714 -0.10062395742401982 -0.6179862440245543
v 0.16211613417982987 -0.08054221461148742 -0.6050256494857797
v 0.20041286635155117 -0.0604309547826421 -0.5903972659604009
v 0.23781236315739201 -0.04029858198690098 -0.5741298324345712
v 0.2743098676162938 -0.020152617039512672 -0.5562453855120644
v 0.3098982892715132 -9.427517837246393e-17 -0.5367595821969378
v 0.344567700783169 0.02015261703951248 -0.5156820066204892
v 0.37830483838014567 0.04029858198690134 -0.4930164640455974
v 0.4110925974708093 0.060430954782642446 -0.4687612664858993
v 0.44290951530594935 0.08054221461148725 -0.4429095153059496
v 0.4737292331110994 0.10062395742401965 -0.4154493872700437
v 0.5035199305917532 0.1206665788048461 -0.3863644317283454
v 0.532243726202739 0.14065893708968108 -0.3556338880152383
v 0.55985603710881 0.16058799146729652 -0.32323303373220896
v 0.5863048934041895 0.18043840961730517 -0.2891335764420474
v 0.6115302019742308 0.20019213924968018 -0.2533041034584849
v 0.635462956458988 0.2198279377529984 -0.21571060691991562
v 0.6580243912232784 0.23932085406152823 -0.17631710422825853
v 0.6791250791832337 0.25864165686526547 -0.13508637724723505
v 0.6986639759480437 0.2777562034770319 -0.09198085740790028
v 0.716527416206304 0.2966247441229648 -0.04696368806021641
v 0.7143515213098334 0.362947042816497 0
v 0.7304410780750098 0.3831173789775058 0.047875637639531926
v 0.7446578945676449 0.4029086864473882 0.09803607166800213
v 0.7568165220717471 0.42224149139554673 0.15054016607733042
v 0.7667094318155846 0.4410231943951493 0.2054391730843108
v 0.7741054065567446 0.4591464123358959 0.26277337706485193
v 0.7787480771971231 0.47648721281040884 0.3225680152470184
v 0.7803547235292952 0.4929032732813942 0.3848283625903949
v 0.7786154970930461 0.5082320167293235 0.44953386684188434
v 0.7731932709526188 0.5222888009973156 0.5166312266334881
v 0.7637243759042256 0.5348652717324522 0.5860263250087008
v 0.749820543979726 0.5457280294613016 0.6575749685386449
v 0.7310724451315473 0.5546178101429662 0.7310724451315472
v 0.7070552660308239 0.5612494346581891 0.8062420097546716
v 0.677336831695987 0.5653128435153176 0.8827225450260837
v 0.6414887972012829 0.5664755933742962 0.9600558305767932
v 0.5991014184834446 0.5643872430149572 1.0376740956999095
v 0.5498023231199519 0.5586860848119534 1.1148888220349253
v 0.4932795143851466 0.5490086653224008 1.190882093669435
v 0.4293085246327175 0.5350024623814161 1.2647021312096904
v 0.3577831629523032 0.5163419208738871 1.3352649422306904
v 0.2787486698166657 0.49274777213272736 1.4013641961468712
v 0.19243532182989515 0.4640091597881411 1.4616913872230128
v 0.09928969273229547 0.4300075756151411 1.5148679741286357
v 9.549124509244408e-17 0.3907410126187402 1.559490379739347
v -0.10448856597692208 0.3463461506672807 1.5941874519426422
v -0.21297270106924854 0.29711592548225796 1.6176882700449313
v -0.3240076012300001 0.24350964490759405 1.6288962094125436
v -0.4359434946356157 0.1861530515196637 1.6269632712092474
v -0.5469820898609333 0.1258264782900111 1.6113572759182382
v -0.655250256866294 0.06344049026708364 1.5819140568750616
v -0.7588855189040508 1.785554069199136e-16 1.5388676014119174
v -0.8561257183472322 -0.06344049026708329 1.4828532418438094
v -0.9453940785864009 -0.12582647829001076 1.414882226002239
v -1.0253711609835785 -0.18615305151966421 1.336289713573444
v -1.0950469183907103 -0.2435096449075938 1.24866169686444
v -1.1537488267473326 -0.2971159254822576 1.1537488267473328
v -1.2011453313098848 -0.3463461506672811 1.053376184192406
v -1.2372269019182578 -0.39074101261874 0.9493575920954779
v -1.2622693026087184 -0.4300075756151414 0.8434213833044366
v -1.276784946037227 -0.464009159788141 0.7371521322918546
v -1.2814684045495355 -0.4927477721327271 0.6319502823072363
v -1.277141491646605 -0.5163419208738871 0.5290093269094288
v -1.2647021312096904 -0.5350024623814159 0.4293085246327176
v -1.2450798289834957 -0.5490086653224004 0.33361813468840834
v -1.219199218909585 -0.5586860848119534 0.2425138029407359
v -1.1879520455943433 -0.5643872430149571 0.15639685381655125
v -1.1521771369315132 -0.5664755933742962 0.07551767933103834
v -1.1126474172303122 -0.5653128435153176 1.3626000980906716e-16
v -1.0700627656590533 -0.561249434658189 -0.07013561909094493
v -1.0250474727471743 -0.5546178101429662 -0.13495005993281378
v -0.9781511236352322 -0.5457280294613016 -0.19456635565735667
v -0.9298518848884998 -0.5348652717324524 -0.24915306163643036
v -0.8805613498734791 -0.5222888009973156 -0.2989103004050356
v -0.8306302774917428 -0.5082320167293237 -0.3440583262548071
v -0.7803547235292956 -0.4929032732813943 -0.38482836259039477
v -0.7299822046796502 -0.47648721281040884 -0.42145542237543265
v -0.6797176499328692 -0.459146412335896 -0.454172813501851
v -0.629728983539627 -0.44102319439514953 -0.4832080441825139
v -0.5801522510792543 -0.42224149139554684 -0.5087798691487702
v -0.5310962489464652 -0.40290868644738825 -0.531096248946465
v -0.48264665153550906 -0.3831173789775058 -0.5503530275925947
v -0.4348696529271279 -0.3629470428164971 -0.5667331655732816
v -0.38781515386119836 -0.34246555880871277 -0.5804063941176728
v -0.3415195325587361 -0.3217306143332196 -0.5915291821689036
v -0.29600804138934533 -0.30079096934006133 -0.6002449293133161
v -0.25129687187371835 -0.27968759334968774 -0.6066843162594637
v -0.20739492911201898 -0.2584546809436762 -0.610965759588515
v -0.1643053541959149 -0.23712055507400454 -0.613195929814755
v -0.12202683002921318 -0.21570846840941146 -0.6134703017047904
v -0.08055470261615078 -0.19423731320461235 -0.6118737136959785
v -0.03988194651990373 -0.17272225003329533 -0.6084809194828164
v -1.1083490481041611e-16 -0.15117526532475276 -0.6033571197158435
v 0.03910050760376794 -0.1296056670994316 -0.5965584655481135
v 0.07742911631503141 -0.10802052769070022 -0.5881325286945753
v 0.1149949661909188 -0.08642508162465497 -0.5781187349272827
v 0.15180628262620188 -0.06482308624502978 -0.566548759669147
v 0.1878699024050738 -0.043217152141724786 -0.5534468856986358
v 0.2231908280363707 -0.021609049985664937 -0.5388303240426869
v 0.2577717990694358 -1.0108364465343615e-16 -0.522709500002689
v 0.29161287001241387 0.02160904998566503 -0.5050883070024793
v 0.3247109851869522 0.04321715214172457 -0.4859643316315813
v 0.35705954137734536 0.06482308624502987 -0.46532905393800084
v 0.38864792949230975 0.08642508162465477 -0.44316802775528924
v 0.4194610466789509 0.10802052769070006 -0.41946104667895107
v 0.44947877043777285 0.12960566709943142 -0.3941823022888519
v 0.47867538631506285 0.15117526532475228 -0.3673005424008027
v 0.5070189607302805 0.1727222500332957 -0.33877923858001735
v 0.5344706504750876 0.19423731320461213 -0.3085767739257466
v 0.5609839404529552 0.21570846840941127 -0.27664666431139245
v 0.5865038013856149 0.2371205550740046 -0.24293782891729818
v 0.6109657595885147 0.2584546809436757 -0.20739492911201887
v 0.6342948716340158 0.2796875933496879 -0.16995879861753713
v 0.6564045979378458 0.3007909693400611 -0.1305669925347098
v 0.6771955712282888 0.3217306143332195 -0.0891544883073275
v 0.6965542587554269 0.3424655588087128 -0.04565457815753196
v 0.6968906374186604 0.4139870864626946 0
v 0.715021006086224 0.43628914647247075 0.04686495272452665
v 0.7315309385745342 0.4582629314152827 0.09630787512578928
v 0.7462278393035715 0.47981991075657804 0.1484339461204804
v 0.7588924971091274 0.5008548294010021 0.2033446317424288
v 0.769276433341994 0.5212432653054857 0.2611341615411677
v 0.7770992497350512 0.5408389516122579 0.321885048550215
v 0.7820461037697002 0.5594708914921392 0.3856624590196303
v 0.7837654943835198 0.5769403219654509 0.4525072191638652
v 0.7818676112913205 0.5930176221912442 0.5224272355458504
v 0.7759235887058605 0.6074393148117702 0.5953871102234937
v 0.765466109300234 0.619905378554588 0.6712957610749463
v 0.7499919247983289 0.6300771784097157 0.7499919247983289
v 0.7289669893046214 0.6375764266437104 0.8312275415202813
v 0.701835027494798 0.6419857108574567 0.9146492153799258
v 0.6680304597903128 0.6428512561332429 0.9997782357582583
v 0.6269966460690867 0.6396887109875751 1.0859900471669388
v 0.5782103394987093 0.6319928344290338 1.1724945806594695
v 0.5212130002133655 0.6192519738364137 1.2583194940002778
v 0.45564913426616555 0.6009681072173568 1.342299064951652
v 0.3813110318623946 0.5766829162438378 1.4230721443969718
v 0.2981881460728594 0.5460097983850519 1.4990930428358764
v 0.2065179108845152 0.5086708812423146 1.5686592709524612
v 0.10683318461039683 0.4645369877552503 1.6299594196228395
v 1.0294031395178607e-16 0.41366722360807195 1.681142906239695
v -0.11276167568491251 0.3563436374122242 1.7204107143801435
v -0.22988141977341423 0.2930955678077713 1.7461227396830108
v -0.3494718035579213 0.22470822014841443 1.756913399411185
v -0.4693943590923809 0.15221102932360678 1.7518035969189953
v -0.5873560073962352 0.0768435755193131 1.7302950016386032
v -0.7010286470955103 2.1637398030772633e-16 1.6924328674300433
v -0.8081799133113102 -0.07684357551931267 1.638826744912379
v -0.9068002683234709 -0.1522110293236064 1.5706241370533431
v -0.9952114965518588 -0.22470822014841307 1.4894392608104585
v -1.072144519223317 -0.2930955678077709 1.3972459408044624
v -1.1367795370294325 -0.35634363741222386 1.2962486280989518
v -1.1887475491457486 -0.41366722360807157 1.1887475491457486
v -1.2280978279679649 -0.46453698775524993 1.0770128893804334
v -1.2552398230845518 -0.5086708812423141 0.9631793926387128
v -1.270869716376388 -0.5460097983850518 0.8491679960612605
v -1.27589157979192 -0.5766829162438377 0.7366363470496418
v -1.2713413638890603 -0.6009681072173568 0.6269561785262899
v -1.2583194940002782 -0.6192519738364137 0.5212130002133658
v -1.2379353209005022 -0.6319928344290336 0.42022241687707546
v -1.2112645068695143 -0.6396887109875752 0.3245573464361688
v -1.179318838344285 -0.6428512561332428 0.23458110203049032
v -1.143026969817919 -0.6419857108574566 0.15048235538628196
v -1.103224132716453 -0.6375764266437104 0.07230912991957435
v -1.0606487517200995 -0.6300771784097158 1.2989200988136556e-16
v -1.0159440614925574 -0.6199053785545882 -0.06658849181679934
v -0.9696630943266101 -0.60743931481177 -0.12765856818642102
v -0.9222757308652326 -0.593017622191244 -0.1834520490032078
v -0.8741768191452508 -0.576940321965451 -0.23423497273197713
v -0.8256946431979336 -0.5594708914921396 -0.28028556315421405
v -0.7770992497350515 -0.540838951612258 -0.32188504855021494
v -0.7286103190483482 -0.5212432653054857 -0.3593108461979019
v -0.6804043989204089 -0.500854829401002 -0.3928316628745037
v -0.6326214153418117 -0.47981991075657854 -0.42270411562167054
v -0.5853704388969262 -0.45826293141528296 -0.44917053573070004
v -0.5387347279658966 -0.43628914647247086 -0.472457676222897
v -0.49277609546415047 -0.4139870864626946 -0.49277609546415035
v -0.44753865957956085 -0.3914307555021728 -0.5103200353317315
v -0.4030520446267269 -0.3686815893271421 -0.525267651133076
v -0.359334098513114 -0.3457901854852092 -0.537781482556935
v -0.31639319042155506 -0.3227978226277622 -0.5480090809789474
v -0.27423014757382946 -0.2997377881573899 -0.5560837292576282
v -0.23283988431435423 -0.2766365341817671 -0.5621252065730955
v -0.1922127708744972 -0.253514681381954 -0.5662405636567936
v -0.1523357834445569 -0.23038788942460883 -0.5685248836258965
v -0.11319347182608784 -0.20726761121873974 -0.5690620111621246
v -0.07476877608554425 -0.18416174683323686 -0.5679252384551984
v -0.037043719331813836 -0.16107521138125017 -0.565177940571088
v -1.0303091098639318e-16 -0.13801042972504682 -0.5608741560321846
v 0.036380496180631716 -0.11496776951145085 -0.5550591106726511
v 0.07211524706258914 -0.0919459228424852 -0.5477696844658532
v 0.10722069257923886 -0.06894224583291092 -0.5390348221766922
v 0.1417118674878611 -0.04595306441135337 -0.5288758895001667
v 0.17560205645249838 -0.02297395398435275 -0.517306976911947
v 0.20890246071038804 -1.0746364671225465e-16 -0.5043351538601311
v 0.2416218664216858 0.022973953984352535 -0.4899606762374152
v 0.2737663053963589 0.04595306441135314 -0.4741771503469111
v 0.3053386992505257 0.06894224583291068 -0.45697165686312186
v 0.3363384781893199 0.091945922842485 -0.4383248386391202
v 0.36676116556374977 0.11496776951145064 -0.418210956668262
v 0.39659791912263936 0.1380104297250466 -0.39659791912263953
v 0.42583501949476044 0.16107521138124992 -0.3734472892149672
v 0.4544532959097645 0.18416174683323663 -0.34871427872755106
v 0.48242747852266804 0.20726761121873946 -0.32234773549411816
v 0.5097254659761756 0.23038788942460867 -0.2942901349941528
v 0.5363074960606247 0.2535146813819537 -0.26447758862859877
v 0.5621252065730952 0.27663653418176626 -0.23283988431435412
v 0.5871205728208153 0.29973778815738966 -0.19930057891033073
v 0.6112247077803497 0.32279782262776197 -0.1637771668436936
v 0.6343565108827415 0.345790185485209 -0.1261813553423862
v 0.6564211519807892 0.368681589327142 -0.08641948412746651
v 0.6773083785902714 0.39143075550217293 -0.044393136526580564
v 0.6873448843787807 0.46228522736566363 0
v 0.7075021968312977 0.48642938326594765 0.04637214392971152
v 0.7262624886111024 0.510289182818918 0.09561427052968925
v 0.7434271130900924 0.5337653754467918 0.14787684703897497
v 0.758766410701003 0.5567379678939323 0.2033108469911953
v 0.7720159421879107 0.5790628573550957 0.262064099486108
v 0.7828725429331239 0.6005680672010847 0.3242764248924131
v 0.790990328814252 0.6210496058521439 0.3900732626897456
v 0.7959768576001637 0.6402670087394962 0.45955745300416684
v 0.7973897486300667 0.6579386811947459 0.5327987961304502
v 0.7947341922452127 0.6737372420360109 0.609820993979411
v 0.7874619426742384 0.6872851794341434 0.6905855892278586
v 0.7749725840511671 0.6981512775422055 0.7749725840511671
v 0.7566180827924084 0.7058484570599186 0.8627575707224621
v 0.7317118735149928 0.7098338925401174 0.9535854791739137
v 0.6995439358937808 0.709512510872759 1.0469414856963297
v 0.6594034483567355 0.7042452098152545 1.1421202752399857
v 0.6106105636237377 0.6933633102095215 1.238195735764519
v 0.5525585221339259 0.6761907888515905 1.3339942781405578
v 0.48476656201615814 0.6520756186130685 1.4280762410798553
v 0.406942764169308 0.6204309356295749 1.5187310716523774
v 0.3190540136774989 0.5807856358132489 1.6039928430821502
v 0.2213977298268829 0.5328423124108679 1.681682716880556
v 0.11466721530589895 0.476538259389494 1.7494836308715742
v 1.1052739412998936e-16 0.4121028778891219 1.8050493286218172
v -0.12100271614875982 0.34010279216780975 1.8461446947021496
v -0.24629650481144472 0.2614650718127384 1.870807689371364
v -0.373461200302699 0.17746994201484156 1.8775162410584811
v -0.4998158624338279 0.0897076970559271 1.8653381930319015
v -0.6225729994731798 2.5270310086294646e-16 1.8340409148431236
v -0.7390153599822235 -0.08970769705592659 1.784140904871119
v -0.846672779164522 -0.17746994201484106 1.7168825552703735
v -0.943475407587998 -0.26146507181273687 1.6341473416341683
v -1.0278637734628178 -0.3401027921678093 1.5383068465995489
v -1.0988444087230493 -0.41210287788912153 1.4320419142525702
v -1.1559897734415738 -0.47653825938949357 1.318153704486732
v -1.1993902023585292 -0.5328423124108677 1.1993902023585292
v -1.2295715427588203 -0.5807856358132482 1.078305302565178
v -1.247394298720116 -0.6204309356295747 0.9571593100590348
v -1.2539489044901926 -0.6520756186130683 0.8378618710226537
v -1.250458412291641 -0.6761907888515903 0.7219525009470108
v -1.2381957357645195 -0.6933633102095215 0.610610563623738
v -1.2184186992083028 -0.7042452098152543 0.5046855498610638
v -1.1923231131428194 -0.7095125108727588 0.40473915869756893
v -1.1610121179677548 -0.7098338925401175 0.31109225941220764
v -1.1254790149492064 -0.7058484570599185 0.22387169529967257
v -1.086600505900693 -0.6981512775422055 0.14305367048155407
v -1.045137432724013 -0.6872851794341435 0.06850192645855994
v -1.001740525795821 -0.6737372420360109 1.2267783284920387e-16
v -0.956959177096151 -0.657938681194746 -0.06272241823970236
v -0.9112517505740352 -0.6402670087394962 -0.11996856889395859
v -0.8649963763159528 -0.6210496058521439 -0.17205847698783183
v -0.8185015267696322 -0.6005680672010849 -0.21931682310156353
v -0.7720159421879109 -0.5790628573550958 -0.26206409948610804
v -0.7257376681777654 -0.5567379678939323 -0.3006103848842553
v -0.6798221041538451 -0.5337653754467918 -0.3352511611784454
v -0.6343890512291234 -0.5102891828189181 -0.3662646894980858
v -0.5895288037243466 -0.4864293832659479 -0.39391055308672734
v -0.5453073599539988 -0.4622852273656638 -0.4184290540362603
v -0.5017708429341945 -0.43793819755872654 -0.440041219069324
v -0.4589492258694465 -0.4134546111202883 -0.45894922586944636
v -0.41685945480951336 -0.3888878810590941 -0.475337106981121
v -0.3755080545718351 -0.3642804684533124 -0.48937162442425536
v -0.3348932958139511 -0.33966556065391884 -0.5012032363931975
v -0.29500699225484134 -0.31506850877898607 -0.5109670991734628
v -0.2558359882526185 -0.29050805579391675 -0.518784063985982
v -0.21736338869383443 -0.2659973837716229 -0.5247616409480288
v -0.17956957566761078 -0.2415450060139267 -0.5289949116233775
v -0.1424330497789063 -0.21715552682031355 -0.5315673784518656
v -0.10593112820736127 -0.19283028895074483 -0.5325517442823126
v -0.07004052670019693 -0.16856792632241574 -0.5320106187404564
v -0.03473784853265229 -0.1443648372424935 -0.529997150601818
v -9.672669212592332e-17 -0.12021559152086117 -0.5265555869837639
v 0.034195450857290276 -0.09611328312418983 -0.5217217612332276
v 0.06786995792359383 -0.07204983861222636 -0.5155235120286221
v 0.1010437105662062 -0.04801629042217656 -0.5079810365604222
v 0.1337353660318895 -0.024003023119820745 -0.4991071807998336
v 0.16596179073267606 -1.1227347148688693e-16 -0.48890766988277123
v 0.19773780125574997 0.02400302311982052 -0.47738128158546683
v 0.22907589643273318 0.048016290422176346 -0.4645199657964423
v 0.2599859720460295 0.07204983861222647 -0.45030891283890484
v 0.2904750097528896 0.0961132831241893 -0.4347265735064891
v 0.3205467315847618 0.12021559152086096 -0.41774463378258114
v 0.3502012109388237 0.1443648372424936 -0.39932794746136296
v 0.37943443032561236 0.16856792632241518 -0.3794344303256125
v 0.408237775274516 0.19283028895074425 -0.3580149202202775
v 0.4365974527307402 0.21715552682031328 -0.33501300836316555
v 0.4644938210087678 0.24154500601392653 -0.3103648486435691
v 0.49190061690975834 0.2659973837716226 -0.2839989535873923
v 0.5187840639859818 0.29050805579391625 -0.25583598825261844
v 0.5451018441839263 0.3150685087789855 -0.22578857673556835
v 0.5708019132856573 0.3396655606539187 -0.19376114043217993
v 0.5958211388016573 0.3642804684533122 -0.1596497929752959
v 0.6200837374118088 0.38888788105909394 -0.12334232418220939
v 0.6434994879503316 0.4134546111202877 -0.08471831478487156
v 0.6659616956459734 0.437938197558727 -0.04364943563494468
v 0.6919263716181719 0.5021382480480749 0
v 0.714102764049337 0.5273332425690187 0.046804767961726564
v 0.7350282825980369 0.5522346994241291 0.09676830920140575
v 0.7544937394407691 0.5767272712149615 0.15007813588529426
v 0.7722544930233389 0.600670505122457 0.20692496775690972
v 0.7880256603206942 0.6238945778139405 0.2674986664894836
v 0.801477010081008 0.6461955027751566 0.3319826475057914
v 0.8122276838673762 0.6673298384273844 0.4005463671951967
v 0.8198409885894533 0.6870089824723303 0.47333541545480967
v 0.8238196375936085 0.7048932230049946 0.5504586833384678
v 0.8236019951637351 0.7205858386903337 0.6319720382424512
v 0.818560107684647 0.733627707787641 0.717857947984252
v 0.8080005850457712 0.7434931067262348 0.8080005850457711
v 0.7911697193038639 0.7495876562329895 0.9021561611858198
v 0.767264567503494 0.7512496992810488 0.9999186520525875
v 0.7354520270533667 0.7477567442968771 1.1006817418520836
v 0.6948981006327504 0.7383389235136713 1.2035988163790339
v 0.6448094397189815 0.7222016032127854 1.3075441962591579
v 0.58448867930372 0.6985591936833709 1.4110804966285788
v 0.5134038120764031 0.666681650881292 1.51243885934876
v 0.4312697098178162 0.6259539321146832 1.6095204688055766
v 0.33813682948328705 0.5759466099644843 1.6999286366035522
v 0.23447836788224669 0.5164929714270983 1.7810400271866547
v 0.12126330209039654 0.4477645437840911 1.850120467882939
v 1.1661605627191118e-16 0.3703338127332074 1.9044847274022816
v -0.12726514660315089 0.2852110329460279 1.9416909198389622
v -0.25800601401731105 0.19384270914971885 1.9597502420798163
v -0.38933599751531317 0.09806341283786871 1.9573242360149457
v -0.5181810269746409 2.7631663358576363e-16 1.933877920187578
v -0.6414872535514561 -0.09806341283786683 1.8897605105895678
v -0.7564353585717527 -0.19384270914971713 1.8261965017224808
v -0.860630609944802 -0.28521103294602623 1.745186236179692
v -0.9522423637011405 -0.37033381273320687 1.6493321550498576
v -1.0300773340985394 -0.44776454378409075 1.5416196742029793
v -1.0935842368172664 -0.516492971427098 1.4251867247594474
v -1.1427994025894301 -0.5759466099644841 1.3031129691776788
v -1.178250758987761 -0.6259539321146823 1.1782507589877613
v -1.2008401733323173 -0.6666816508812918 1.053108567828585
v -1.2117222928157267 -0.6985591936833706 0.9297872172132519
v -1.2121934535262278 -0.7222016032127854 0.8099617706718456
v -1.203598816379034 -0.738338923513671 0.6948981006327501
v -1.1872610096190184 -0.747756744296877 0.5854923363989272
v -1.1644299329080003 -0.751249699281049 0.48232267064368706
v -1.13625115621506 -0.7495876562329897 0.38570529411563725
v -1.1037493254452129 -0.7434931067262348 0.2957487403994415
v -1.0678228217715569 -0.7336277077876411 0.21240316542060736
v -1.029246269540569 -0.7205858386903338 0.13550284201752594
v -0.9886780759617889 -0.7048932230049947 0.06480138470804285
v -0.9466708309096197 -0.6870089824723304 1.1593374029196308e-16
v -0.9036829914837426 -0.6673298384273846 -0.059230512549077755
v -0.8600907750322455 -0.6461955027751566 -0.11323309868487429
v -0.8161995739164704 -0.6238945778139409 -0.16235218950199337
v -0.7722544930233392 -0.6006705051224571 -0.20692496775690947
v -0.7284498132946705 -0.5767272712149616 -0.24727539149110683
v -0.6849373198306506 -0.5522346994241294 -0.28371032724933365
v -0.6418335185602746 -0.5273332425690191 -0.31651726395157737
v -0.5992258153697291 -0.5021382480480752 -0.3459631858090862
v -0.5571777571435742 -0.4767437034723524 -0.37229427484712313
v -0.5157334437605576 -0.45122549276847485 -0.3957361900008049
v -0.4749212196940106 -0.4256442043936691 -0.4164947314474594
v -0.4347567476563587 -0.40004753829096446 -0.4347567476563586
v -0.39524555748942325 -0.37447235889624514 -0.450691180628285
v -0.3563851530428166 -0.3489464395870558 -0.46445017394929455
v -0.31816674921967586 -0.3234899405923619 -0.47617019037071245
v -0.2805767013529069 -0.2981166583291691 -0.4859731021633136
v -0.243597679948144 -0.27283507988675904 -0.49396722972480883
v -0.2072096357369573 -0.24764927224299188 -0.5002483128505502
v -0.1713905929497081 -0.2225596319417875 -0.5049004055026146
v -0.1361173026965112 -0.1975635174742936 -0.5079966894526122
v -0.10136578325494085 -0.17265578352198832 -0.509600205307832
v -0.06711176980721857 -0.14782923353880195 -0.5097645015254438
v -0.03333109264781675 -0.12307500485307142 -0.5085342033541103
v -9.294068138095015e-17 -0.09838289853092863 -0.5059455044271218
v 0.032904560748824696 -0.07374166462929625 -0.5020265841244972
v 0.06540469143283086 -0.04913925214778409 -0.4967979539424456
v 0.09752131058875968 -0.02456303193587804 -0.4902727360467421
v 0.12927393057766054 -1.1489079249701114e-16 -0.4824568770099619
v 0.16068043564315276 0.024563031935877812 -0.4733492994937612
v 0.19175685266370882 0.049139252147783856 -0.46294199437870487
v 0.22251710655339765 0.07374166462929536 -0.4512200556013527
v 0.25297275221356097 0.09838289853092842 -0.4381616597644196
v 0.2831326746459571 0.12307500485307118 -0.42373799247403277
v 0.31300274830870656 0.1478292335388017 -0.40791312336493624
v 0.342585446027202 0.1726557835219881 -0.39064383194287766
v 0.3718793867561008 0.19756351747429343 -0.37187938675610094
v 0.40087881021543226 0.22255963194178727 -0.35156128107147494
v 0.4295729648823996 0.24764927224299166 -0.3296229292604036
v 0.4579453940004482 0.27283507988675876 -0.30598932960463615
v 0.4859731021633132 0.29811665832916817 -0.2805767013529067
v 0.5136255826491081 0.32348994059236164 -0.2532921067760713
v 0.5408636830413313 0.3489464395870555 -0.22403307291078278
v 0.5676382838329256 0.3744723588962449 -0.19268723294098453
v 0.5938887617652865 0.4000475382909643 -0.15913201410892786
v 0.6195412067750328 0.42564420439366846 -0.12323440812887228
v 0.644506358878278 0.45122549276847423 -0.08485087185728384
v 0.6686772295335331 0.4767437034723522 -0.043827421129327464
v 0.7144499412705858 0.5284990783063692 0
v 0.7386171643794976 0.553499594062757 0.048411526648204306
v 0.7615571091532773 0.5780981050269677 0.10026089547546599
v 0.7830389587309476 0.6021544786286758 0.15575613303167513
v 0.802791646272947 0.6254991183274966 0.21510737330928761
v 0.8204983492552904 0.6479281259421728 0.27852165904507786
v 0.8357906710530449 0.669197951359099 0.3461958312550814
v 0.8482427191511617 0.6890196123906931 0.4183070171137515
v 0.8573654186021956 0.7070526527308213 0.4950001552238537
v 0.8626015749917552 0.7228991282479194 0.5763719454450329
v 0.8633224312508377 0.7360980806360832 0.6624506008263784
v 0.8588267511981048 0.7461211808060452 0.7531708465892744
v 0.8483438045860195 0.7523705057731706 0.8483438045860195
v 0.8310420015829956 0.7541797452940682 0.9476217853635361
v 0.8060452792618049 0.750820492426885 1.0504586595928596
v 0.7724595885398634 0.7415155998897649 1.156067471634972
v 0.7294118249611237 0.7254617837688502 1.2633783404742025
v 0.6761030935356955 0.7018635792086689 1.3710014487547484
v 0.6118770616191669 0.6699802035538494 1.4772019006659902
v 0.5363021151781782 0.6291856474136094 1.5798950850518854
v 0.4492629919812021 0.5790402305595288 1.6766723120342557
v 0.3510536884881414 0.5193689300949003 1.7648660719928777
v 0.24245932299894504 0.45033832323945205 1.8416613998377906
v 0.12481139453426045 0.3725207155488313 1.9042538976937151
v 1.1940588732294732e-16 0.28693207552558114 1.9500461260517292
v -0.12957049149471406 0.19503104023726853 1.9768636860088202
v -0.2610883694423292 0.09867039687564727 1.983163055976279
v -0.3914990232761776 2.7803249574220407e-16 1.968198500845025
v -0.5177094444961297 -0.09867039687564673 1.9321179504178148
v -0.636805455570364 -0.19503104023726797 1.8759683784867969
v -0.7462503447877225 -0.2869320755255794 1.8016077033121183
v -0.8440371104984254 -0.37252071554883087 1.7115379479254211
v -0.9287765117294897 -0.45033832323945167 1.6086881071920682
v -0.999716323701715 -0.5193689300948989 1.4961812110827455
v -1.0566995983269951 -0.5790402305595285 1.3771177280108504
v -1.100078221380021 -0.6291856474136085 1.254398798373574
v -1.1306013872861913 -0.6699802035538492 1.1306013872861913
v -1.1492973501721713 -0.7018635792086687 1.0079067250809388
v -1.157362615561667 -0.7254617837688496 0.8880755697983858
v -1.1560674716349726 -0.7415155998897647 0.7724595885398634
v -1.1466818611979537 -0.7508204924268848 0.6620370812374995
v -1.1304218533265946 -0.754179745294068 0.5574623664538401
v -1.1084145965544154 -0.7523705057731707 0.45912035862514144
v -1.0816784621351967 -0.7461211808060452 0.3671803606925796
v -1.0511147938870868 -0.7360980806360834 0.28164536017445124
v -1.0175079342487328 -0.7228991282479197 0.2023949120290012
v -0.9815307205518572 -0.7070526527308215 0.12922097081940828
v -0.9437532519169711 -0.6890196123906933 0.0618568561737802
v -0.9046533034249621 -0.6691979513590991 1.1078807723774591e-16
v -0.8646272558076505 -0.6479281259421732 -0.05667066439007004
v -0.8240007988076538 -0.6254991183274969 -0.10848176317703703
v -0.7830389587309479 -0.6021544786286759 -0.15575613303167524
v -0.7419552095977263 -0.5780981050269681 -0.19880629923177479
v -0.7009195697155117 -0.5534995940627572 -0.2379301330606153
v -0.6600656777437856 -0.5284990783063698 -0.27340815577846467
v -0.6194968982897812 -0.5032115255454321 -0.3055020618321855
v -0.5792915378175788 -0.4777305098055037 -0.3344541252982515
v -0.539507265519127 -0.45213148600027 -0.3604872298221355
v -0.5001848368582033 -0.4264746113930403 -0.38380532429915243
v -0.4613512140250866 -0.4008071617407017 -0.4045941558731348
v -0.4230221704382748 -0.3751655904191112 -0.4230221704382747
v -0.38520445761637234 -0.34957727669344746 -0.4392415006234365
v -0.34789760343403986 -0.3240620057519596 -0.4533889839458883
v -0.3110954017043566 -0.2986332189283827 -0.4655871709294754
v -0.27478714460677944 -0.27329906818251537 -0.47594529572571764
v -0.23895864190542582 -0.24806330468554497 -0.4845601911559796
v -0.2035930642448426 -0.22292602743426468 -0.491517136904995
v -0.16867164205859167 -0.19788431428000783 -0.4968906344653604
v -0.13417424672466607 -0.17293275463440033 -0.5007451058437361
v -0.10007987647404894 -0.14806390040283632 -0.5031355153650616
v -0.06636706612065814 -0.12326864937764884 -0.5041079154354909
v -0.033014236849653156 -0.09853657336674934 -0.5036999180638017
v -9.2205083203246e-17 -0.07385620170737842 -0.5019410944578349
v 0.03269657306160294 -0.049215269486405755 -0.498853305230032
v 0.06509570431313974 -0.02460093872889292 -0.49445096375727277
v 0.09721667611289937 -1.1506795453894575e-16 -0.48874123511558654
v 0.12907760307754285 0.024600938728892355 -0.4817241728045997
v 0.16069520045722321 0.049215269486405186 -0.4733927952334225
v 0.1920845408722141 0.07385620170737853 -0.46373310369590803
v 0.22325879123354458 0.09853657336674913 -0.4527240433522192
v 0.2542289213829634 0.1232686493776486 -0.4403374085887262
v 0.2850033754553114 0.1480639004028361 -0.42653769408553543
v 0.31558769618333954 0.17293275463439972 -0.4112818930226299
v 0.3459840913202741 0.19788431428000788 -0.39451924415345613
v 0.37619093003413034 0.22292602743426404 -0.3761909300341305
v 0.4062021555121705 0.24806330468554408 -0.35622972960109756
v 0.43600659808575776 0.27329906818251515 -0.3345596296480979
v 0.4655871709294752 0.2986332189283822 -0.3110954017043565
v 0.49491992779537053 0.3240620057519591 -0.2857421535399677
v 0.5239729593196469 0.3495772766934472 -0.2583948682525706
v 0.5527051012162715 0.3751655904191103 -0.22893794891657432
v 0.5810644242213988 0.4008071617407015 -0.19724479347594934
v 0.6089864721085865 0.4264746113930395 -0.16317743340297414
v 0.6363922106863706 0.45213148600026926 -0.1265862812096004
v 0.6631856477844477 0.4777305098055035 -0.08731004689493761
v 0.6892510824007075 0.5032115255454319 -0.045175902689693286
v 0.7548010026727091 0.5373824988703921 0
v 0.7807435819582681 0.5606488126687647 0.05117263793231765
v 0.8053180112919597 0.5832857011456138 0.10602212753870115
v 0.8282565018740304 0.6051214442309168 0.16475046158535753
v 0.8492463103274784 0.6259518692527499 0.22755486302735842
v 0.8679242023313994 0.6455357327467146 0.29462056685199184
v 0.8838708837887939 0.663589864089997 0.36611130745201226
v 0.8966057386291155 0.6797842662145815 0.44215701895836734
v 0.9055823761099797 0.6937374826837089 0.5228382286204776
v 0.910185700367405 0.7050126915499614 0.6081666415251158
v 0.909731471836983 0.7131151782187799 0.6980615101543386
v 0.9034696257965201 0.7174920701260955 0.7923215968524217
v 0.890592923715533 0.7175354732751372 0.8905929237155329
v 0.8702527901351582 0.7125904056620077 0.9923331205096956
v 0.8415843497174709 0.701969121945147 1.0967740779378747
v 0.8037426037836501 0.6849734824673933 1.2028858125223756
v 0.7559512121341373 0.6609268192784461 1.3093459074596037
v 0.6975642934308478 0.6292161489913922 1.4145204570681096
v 0.6281398726039885 0.589344438798999 1.516463799507857
v 0.5475210433043 0.540990870841561 1.6129449815642674
v 0.45591775533028717 0.484074738689709 1.7015082269653883
v 0.35397888795691873 0.41881604941244416 1.7795720428046076
v 0.24284180369426128 0.3457836829504083 1.8445666291522769
v 0.124146016750545 0.2659208996712205 1.894102194455345
v 1.1794284004506026e-16 0.18053893569378107 1.926152750771515
v -0.12710404494883137 0.09127290128626141 1.9392329835719442
v -0.2544240210383293 2.57125434210023e-16 1.932542304177963
v -0.37913734939752014 -0.09127290128626216 1.9060521695660697
v -0.49852501567627727 -0.18053893569378177 1.8605206873479374
v -0.6101455651057877 -0.2659208996712212 1.7974308737465587
v -0.711976143476075 -0.34578368295040796 1.7188624616660328
v -0.8025044866485026 -0.4188160494124437 1.6273181181195042
v -0.8807654690745294 -0.48407473868970957 1.5255305419893204
v -0.9463255960957249 -0.5409908708415607 1.4162763404747172
v -0.9992262379912814 -0.5893444387989994 1.3022169865589033
v -1.0399002004982911 -0.6292161489913919 1.1857789169729178
v -1.0690764566924778 -0.660926819278446 1.0690764566924778
v -1.0876854960478604 -0.6849734824673936 0.9538745791725749
v -1.0967740779378745 -0.7019691219451467 0.8415843497174711
v -1.097434356065594 -0.7125904056620076 0.7332821932417513
v -1.09074911581824 -0.7175354732751371 0.6297442956360071
v -1.077752563936027 -0.7174920701260954 0.5314887472985624
v -1.0594047371162771 -0.7131151782187798 0.4388198101558656
v -1.036576984126618 -0.7050126915499616 0.35187047190153453
v -1.0100458959914957 -0.693737482683709 0.27064098214929133
v -0.9804932963730307 -0.6797842662145817 0.19503224278144451
v -0.948510292752505 -0.663589864089997 0.1248737490282193
v -0.9146038160734329 -0.6455357327467145 0.05994630120948408
v -0.8792044763831879 -0.6259518692527499 1.0767149477986957e-16
v -0.8426749030996881 -0.605121444230917 -0.05523183117664871
v -0.8053180112919599 -0.583285701145614 -0.10602212753870133
v -0.7673848428079465 -0.5606488126687647 -0.15264233577419545
v -0.729081782190454 -0.5373824988703922 -0.1953568747541755
v -0.6905770529678464 -0.5136302947978499 -0.2344193217032545
v -0.652006470612891 -0.48951141298506073 -0.2700699228828742
v -0.613478473354591 -0.4651241854479137 -0.3025341031034837
v -0.57507847849654 -0.4405490947510618 -0.33202171436513794
v -0.536872625652534 -0.4158514187577347 -0.35872681974466747
v -0.4989109736092069 -0.391083521758592 -0.382827854649203
v -0.46123021743750137 -0.3662868280958392 -0.4044880447137201
v -0.42385598915636724 -0.3414935148047044 -0.4238559891563671
v -0.38680480017597824 -0.31672795835173784 -0.44106634157087155
v -0.3500856778897677 -0.2920079680620873 -0.45624053809425846
v -0.31370154276815165 -0.2673458358356913 -0.46948753666387016
v -0.2776503665112739 -0.2427492286066065 -0.4809045415376462
v -0.24192614645754856 -0.21822194691998922 -0.49057769511217447
v -0.20651972662458543 -0.1937645701170479 -0.4985827249146572
v -0.17141949151521216 -0.16937500599861213 -0.5049855379313573
v -0.13661195514769614 -0.1450489605128528 -0.509842757532523
v -0.10208226463577855 -0.12078034098755557 -0.5132022004490902
v -0.0678146350090231 -0.09656160469340093 -0.5151032927727419
v -0.033792729781308865 -0.07238406306542011 -0.5155774249610222
v -9.45393491583552e-17 -0.04823815070563376 -0.5146482464668027
v 0.033580006900939256 -0.024113667321093938 -0.5123319009799492
v 0.06696335819996779 -1.1279059843393045e-16 -0.5086372034492941
v 0.10016545747460699 0.02411366732109371 -0.5035657601089437
v 0.1332007677142244 0.04823815070563353 -0.4971120327166666
v 0.1660825272414024 0.07238406306542053 -0.48926334816805955
v 0.1988224497201876 0.09656160469340072 -0.47999985461871925
v 0.2314303992825194 0.12078034098755536 -0.46929442526722076
v 0.26391403131400726 0.1450489605128529 -0.4571125110661841
v 0.2962783887018595 0.16937500599861158 -0.44341194388444916
v 0.3285254423518692 0.19376457011704795 -0.4281426920968369
v 0.3606535635154663 0.21822194691998895 -0.41124657129873826
v 0.39265691391810364 0.24274922860660625 -0.39265691391810387
v 0.4245247378333597 0.2673458358356913 -0.37229820303802774
v 0.4562405380942583 0.2920079680620868 -0.3500856778897676
v 0.48778111557479503 0.3167279583517382 -0.32592492140752266
v 0.5191154489278693 0.3414935148047041 -0.2997114441789991
v 0.5502033883759958 0.366286828095839 -0.27133028436454765
v 0.5809941342071095 0.39108352175859173 -0.2406556500477994
v 0.6114244674843838 0.415851418757734 -0.20755063946084595
v 0.6414166975881179 0.44054909475106224 -0.1718670861305738
v 0.6708762889617805 0.4651241854479136 -0.13344559085626762
v 0.6996891284240325 0.48951141298506057 -0.09211582129177212
v 0.7277183955010538 0.5136302947978502 -0.047697183595487955
v 0.8081562481532174 0.5270604724473684 0
v 0.8352810140014382 0.5470908248518007 0.05474721008147774
v 0.8607094066260881 0.5661781371935832 0.11331454307928995
v 0.8841241487242949 0.584122380545103 0.17586322748027433
v 0.9051603617367011 0.6006917333435788 0.24253698794801196
v 0.923401208599562 0.6156193305146843 0.3134524728987098
v 0.9383741083487972 0.6286002829621071 0.38868728225783195
v 0.9495480196148921 0.6392892773573763 0.4682652626701671
v 0.9563324597621369 0.6472991796540974 0.5521388030784466
v 0.9580791205511368 0.6522011982623959 0.6401680017887782
v 0.9540871461625271 0.6535273067475228 0.7320968161343341
v 0.9436133286059073 0.6507757652650951 0.8275266793536304
v 0.9258886045664825 0.6434206869752305 0.9258886045664825
v 0.9001422407064866 0.630926628006183 1.0264155067909968
v 0.8656348837357861 0.6127690793183677 1.1281173441009236
v 0.8217011251996968 0.5884614365779594 1.2297626391625827
v 0.7678012920667621 0.5575884505535161 1.329870847976662
v 0.7035807668698869 0.519845269038957 1.426720658309877
v 0.6289333017019226 0.4750799819363844 1.518379306796871
v 0.5440627049967109 0.42333618014147745 1.6027570454365283
v 0.4495353255806103 0.3648906696191852 1.677688674863855
v 0.34631449130610586 0.30028050419061714 1.741040518838659
v 0.23576811692273283 0.23031334257461988 1.7908366437653103
v 0.11964259792314283 0.15605616941105918 1.8253933006317618
v 1.128785525563493e-16 0.07879979183594717 1.8434466596399834
v -0.12087900419231655 2.2189648529809879e-16 1.8442572149882381
v -0.24061807304358013 -0.07879979183594674 1.8276757179167773
v -0.35688067574776855 -0.15605616941105874 1.7941603151633168
v -0.46750217599764615 -0.23031334257461947 1.7447418734722222
v -0.5706031122495566 -0.30028050419061686 1.6809425639853717
v -0.664671803013582 -0.36489066961918487 1.6046596813623684
v -0.7486099473288144 -0.4233361801414772 1.5180308035165555
v -0.8217409593811523 -0.4750799819363841 1.4232970923085495
v -0.8837859507654678 -0.519845269038957 1.3226791468783983
v -0.9348156235066082 -0.5575884505535159 1.2182754394821835
v -0.9751875927886908 -0.5884614365779594 1.1119883302919902
v -1.0054781186086517 -0.6127690793183679 1.0054781186086517
v -1.0264155067909968 -0.6309266280061828 0.9001422407064866
v -1.0388202131760078 -0.6434206869752305 0.7971147852280079
v -1.0435544921866968 -0.6507757652650948 0.6972808191838725
v -1.041482608112079 -0.6535273067475227 0.6013002641498222
v -1.033441312514572 -0.6522011982623959 0.5096368563383488
v -1.0202194785389138 -0.6472991796540976 0.42258874460802504
v -1.0025453863601226 -0.6392892773573764 0.34031830110377237
v -0.9810800586861214 -0.6286002829621071 0.262879609435225
v -0.9564151409818289 -0.6156193305146842 0.19024279989044532
v -0.9290740188724861 -0.6006917333435787 0.12231491502812211
v -0.8995151015037257 -0.584122380545103 0.05895733460715473
v -0.8681364341668316 -0.5661781371935835 1.0631605053256072e-16
v -0.8352810140014384 -0.5470908248518008 -0.05474721008147759
v -0.8012423594186454 -0.5270604724473684 -0.10548555779028271
v -0.7662700253073619 -0.5062586198654672 -0.15242058478595788
v -0.7305748647605652 -0.4848315286456724 -0.19575694502306978
v -0.6943339186777995 -0.462903208474604 -0.23569460576847584
v -0.6576948724159206 -0.44057820780121326 -0.2724261360579166
v -0.6207800586637389 -0.41794414490166043 -0.30613484650146733
v -0.5836900122552617 -0.39507397479647866 -0.33699358569887145
v -0.5465065992877017 -0.3720279998469311 -0.36516403512596435
v -0.5092957525002841 -0.3488556394540978 -0.39079637575652076
v -0.4721098495608956 -0.32559697846902297 -0.41402922601195663
v -0.43498977231180064 -0.30228411576477193 -0.4349897723118005
v -0.3979666843168387 -0.2789423347111842 -0.45379403109490907
v -0.361063562066173 -0.2555911166008763 -0.47054719529306177
v -0.3242965125122183 -0.23224501680435652 -0.4853440294381069
v -0.2876759066259711 -0.20891442186216794 -0.4982692863896216
v -0.2512073556358707 -0.18560620404116873 -0.5093981255337131
v -0.21489255370527227 -0.16232428821355294 -0.5187965176082561
v -0.178730008117082 -0.1390701443382306 -0.5265216253746207
v -0.14271567561796764 -0.11584321738038031 -0.5326221524427744
v -0.10684352145302516 -0.09264130522062772 -0.5371386548785875
v -0.0711060157998605 -0.06946089399100813 -0.5401038119512899
v -0.03549458078262588 -0.04629745933255541 -0.5415426536538426
v -9.946692933416143e-17 -0.02314574129624865 -0.5414727435611867
v 0.03538719847732374 -1.0826659571874572e-16 -0.5399043162714456
v 0.07067637540798598 0.023145741296248436 -0.5368403691777176
v 0.1058764202297305 0.04629745933255582 -0.5322767087058361
v 0.14099538795507305 0.06946089399100791 -0.5262019514812186
v 0.17604012363118643 0.09264130522062751 -0.5185974812059715
v 0.21101586467932903 0.1158432173803801 -0.5094373623847215
v 0.24592581100264185 0.1390701443382304 -0.4986882124848727
v 0.2807706520990161 0.16232428821355271 -0.48630903470974096
v 0.31554803953443444 0.1856062040411685 -0.4722510143650326
v 0.35025199201801044 0.2089144218621677 -0.4564572828860467
v 0.3848722189709793 0.23224501680435633 -0.43886265505640804
v 0.41939334690125907 0.255591116600876 -0.4193933469012592
v 0.4537940310949086 0.2789423347111837 -0.3979666843168386
v 0.4880459331432248 0.30228411576477165 -0.374490815874172
v 0.5221125426902683 0.3255969784690227 -0.3488644476153652
v 0.5559478195968096 0.34885563945409764 -0.3209766232996039
v 0.5894946306113691 0.37202799984693097 -0.29070658075600997
v 0.6226829528295508 0.3950739747964785 -0.2579237241205266
v 0.6554278150252028 0.41794414490166015 -0.22248776318782218
v 0.6876269478095297 0.4405782078012132 -0.1842490853594412
v 0.7191581151684105 0.46290320847460376 -0.14304944320844162
v 0.7498761041502198 0.48483152864567214 -0.09872306199248268
v 0.7796093575638288 0.5062586198654675 -0.051098296937896366
v 0.8660254037844386 0.5 0
v 0.8933863069609193 0.5157968248142124 0.058555632189936015
v 0.918564820569368 0.530333646423845 0.12093135282387542
v 0.9411938767327408 0.5433985380912754 0.1872151021841475
v 0.9608608472139669 0.5547532687927558 0.2574618880496668
v 0.977105717429202 0.5641322489844722 0.3316826971410969
v 0.9894205762837137 0.5712422360591569 0.40983142158771774
v 0.997250996705291 0.5757631313974224 0.4917897676303734
v 0.9999999999999998 0.5773502691896257 0.5773502691896255
v 0.9970354020522956 0.5756386577664798 0.6661977569006233
v 0.9877014067830309 0.570249673085155 0.7578899454894049
v 0.9713353080709568 0.5608007015881551 0.8518382028520474
v 0.947290041876462 0.5469181606780272 0.9472900418764618
v 0.9149630458928444 0.5282541608447938 1.043315396140114
v 0.8738313873804852 0.5045067867304674 1.1387992356192809
v 0.8234923805952192 0.47544354761225555 1.2324434423099273
v 0.7637079407904237 0.4409269851976062 1.3227809555928172
v 0.6944497810132778 0.4009407680066927 1.408204850650273
v 0.6159414007039463 0.35561393350145903 1.487014083206548
v 0.5286918760631864 0.305240396963449 1.557476043557241
v 0.4335160353877501 0.2502905997291367 1.6179038699629107
v 0.33153597892561126 0.1914123866787481 1.6667439199133278
v 0.2241602744214707 0.1294189947788564 1.7026663263464827
v 0.11303951651866329 0.06526339529111597 1.7246497463417925
v 1.0605752387249068e-16 1.8369701987210297e-16 1.7320508075688772
v -0.11303951651866345 -0.0652633952911156 1.7246497463417925
v -0.22416027442147013 -0.12941899477885607 1.702666326346483
v -0.33153597892561104 -0.19141238667874774 1.6667439199133278
v -0.4335160353877503 -0.2502905997291365 1.617903869962911
v -0.5286918760631859 -0.30524039696344873 1.5574760435572415
v -0.6159414007039461 -0.3556139335014587 1.487014083206548
v -0.6944497810132777 -0.4009407680066925 1.4082048506502731
v -0.7637079407904237 -0.4409269851976055 1.3227809555928183
v -0.8234923805952188 -0.47544354761225527 1.2324434423099273
v -0.8738313873804853 -0.5045067867304673 1.138799235619281
v -0.9149630458928442 -0.5282541608447937 1.043315396140114
v -0.9472900418764619 -0.5469181606780271 0.9472900418764622
v -0.9713353080709569 -0.5608007015881548 0.8518382028520478
v -0.9877014067830309 -0.5702496730851548 0.7578899454894054
v -0.9970354020522959 -0.5756386577664797 0.6661977569006234
v -0.9999999999999998 -0.5773502691896257 0.5773502691896255
v -0.9972509967052914 -0.5757631313974226 0.4917897676303736
v -0.9894205762837143 -0.571242236059157 0.40983142158771807
v -0.9771057174292022 -0.5641322489844723 0.33168269714109716
v -0.9608608472139669 -0.5547532687927558 0.2574618880496671
v -0.941193876732741 -0.5433985380912755 0.18721510218414786
v -0.9185648205693682 -0.5303336464238451 0.12093135282387543
v -0.8933863069609196 -0.5157968248142126 0.05855563218993609
v -0.8660254037844388 -0.5000000000000001 1.060575238724907e-16
v -0.8368063015763195 -0.48313034347466327 -0.05484718271092436
v -0.8060134998918411 -0.46535211113302694 -0.10611369034991926
v -0.7738952333468496 -0.4468086212973719 -0.15393733296885478
v -0.7406669476702957 -0.42762426161730377 -0.19846111048868004
v -0.7065146948766597 -0.4079064492734658 -0.23982942212544056
v -0.6715983620174588 -0.3877474950980916 -0.27818515001518707
v -0.6360546820199658 -0.3672263418835492 -0.31366745714394156
v -0.6 -0.34641016151377546 -0.34641016151377557
v -0.5635327860881993 -0.32535580574520173 -0.37654056943128045
v -0.5267358979088567 -0.3041111124495176 -0.4041786700027958
v -0.48967860378000155 -0.28271607370878393 -0.4294366099462173
v -0.4524183825710685 -0.26120387496374153 -0.45241838257106837
v -0.4150025188266555 -0.23960181595894248 -0.47321967731086406
v -0.37746951290501846 -0.21793212488658936 -0.4919278466918306
v -0.33985032598683285 -0.19621267719268007 -0.5086219563156391
v -0.3021694792519625 -0.17445763018700966 -0.5233728905610282
v -0.2644460255672429 -0.1526779840473744 -0.5362434925036823
v -0.226694410867841 -0.1308820791383317 -0.5472887212313196
v -0.18892524118250367 -0.10907603885343349 -0.556555813484557
v -0.15114597004096994 -0.08726416649008115 -0.5640844395521835
v -0.11336151987143374 -0.06544930401351741 -0.5699068457370666
v -0.07557484998730861 -0.04363315998413825 -0.5740479776096854
v -0.037787482900703565 -0.021816613424719626 -0.5765255797854875
v -1.0605752387249068e-16 -1.020538999289461e-16 -0.5773502691896257
v 0.037787482900703356 0.021816613424719425 -0.5765255797854876
v 0.0755748499873084 0.04363315998413805 -0.5740479776096855
v 0.11336151987143352 0.0654493040135175 -0.5699068457370667
v 0.15114597004096972 0.08726416649008094 -0.5640844395521835
v 0.18892524118250345 0.1090760388534333 -0.556555813484557
v 0.22669441086784078 0.13088207913833147 -0.5472887212313196
v 0.26444602556724267 0.1526779840473739 -0.5362434925036823
v 0.30216947925196236 0.17445763018700974 -0.5233728905610283
v 0.33985032598683257 0.19621267719267985 -0.5086219563156391
v 0.3774695129050181 0.21793212488658917 -0.4919278466918307
v 0.41500251882665545 0.23960181595894223 -0.4732196773108639
v 0.45241838257106815 0.26120387496374103 -0.4524183825710683
v 0.4896786037800012 0.28271607370878377 -0.42943660994621774
v 0.5267358979088563 0.3041111124495174 -0.40417867000279617
v 0.5635327860881991 0.3253558057452015 -0.3765405694312805
v 0.5999999999999998 0.34641016151377557 -0.3464101615137758
v 0.6360546820199655 0.3672263418835487 -0.3136674571439416
v 0.6715983620174585 0.38774749509809137 -0.2781851500151875
v 0.7065146948766595 0.4079064492734657 -0.2398294221254408
v 0.7406669476702956 0.42762426161730366 -0.19846111048868026
v 0.7738952333468496 0.44680862129737203 -0.1539373329688551
v 0.8060134998918409 0.4653521111330267 -0.10611369034991915
v 0.8368063015763201 0.4831303434746636 -0.054847182710924335
v 0.919475709426043 0.4641163737026777 0
v 0.9461659656968617 0.47553690552585937 0.06201499378969622
v 0.9701266300017539 0.48545757675080287 0.12771959381577436
v 0.9909546234507098 0.49367495064641403 0.19711313011639825
v 1.0082084728184306 0.49996774182115317 0.270148646093914
v 1.02140963747525 0.5040978514855555 0.3467218514850704
v 1.030045699759229 0.5058123822363415 0.42665889870435786
v 1.0335759275305307 0.5048468806012092 0.509703241117744
v 1.0314397487561235 0.5009300651713418 0.5955020165972278
v 1.0230686668549323 0.49379028497343425 0.6835926283170415
v 1.007902070298135 0.4831639059889495 0.7733904597796264
v 0.9854072265069885 0.4688057318594084 0.8641789441096012
v 0.9551034759130419 0.4505014175470905 0.9551034759130418
v 0.9165902424066171 0.428081626243757 1.045170858153564
v 0.8695779527964563 0.401437413035538 1.133256051747654
v 0.8139203377391948 0.37053601002394976 1.21811786781112
v 0.7496459316280841 0.33543587027338706 1.2984248412671462
v 0.6769859986450046 0.29629955386582363 1.3727918032074187
v 0.5963957175145249 0.253402874526502 1.439826629764799
v 0.5085654011897772 0.20713873936628385 1.4981853605038002
v 0.4144189309344556 0.1580143632634611 1.546632505865766
v 0.315097505042935 0.106641044948393 1.58410213097267
v 0.2119281975508744 0.05371642334531654 1.6097544781494808
v 0.1063785288134326 3.149991492606465e-16 1.6230227126281864
v 9.941958175804183e-17 -0.053716423345315734 1.623644986085157
v -0.10563498296299415 -0.10664104494839238 1.6116783951554494
v -0.20899746777657874 -0.15801436326346033 1.5874933754130929
v -0.30866212333572834 -0.20713873936628308 1.5517492823691272
v -0.40335838203489327 -0.2534028745265015 1.5053539754129988
v -0.49200900279504417 -0.2962995538658229 1.449411783615504
v -0.5737541563479213 -0.33543587027338634 1.385165065723085
v -0.6479608494585674 -0.37053601002394937 1.3139346230445135
v -0.7142189956190534 -0.40143741303553754 1.2370635881430145
v -0.7723265134852674 -0.42808162624375656 1.1558683107413976
v -0.8222664133871855 -0.4505014175470904 1.0715984531613159
v -0.8641789441096014 -0.4688057318594081 0.9854072265069889
v -0.8983316165507618 -0.4831639059889493 0.8983316165507619
v -0.9250894297819573 -0.4937902849734341 0.8112816560821674
v -0.9448870280351549 -0.5009300651713416 0.7250373172026072
v -0.9582039189644971 -0.5048468806012091 0.6402513894226318
v -0.9655433545817984 -0.5058123822363415 0.5574567156820555
v -0.9674150533986912 -0.5040978514855557 0.4770763086573945
v -0.9643216354613294 -0.49996774182115317 0.39943509989788656
v -0.9567484429641567 -0.4936749506464141 0.3247723336250868
v -0.9451563099444665 -0.48545757675080303 0.2532538699708
v -0.9299768036970241 -0.4755369055258596 0.18498388763154286
v -0.9116094672684896 -0.4641163737026779 0.12001566319021202
v -0.8904206289937296 -0.45138128871169214 0.058361251386371604
v -0.8667433977187486 -0.437499107976511 1.0614545276983669e-16
v -0.8408785211726384 -0.42262011568666974 -0.05511409008461118
v -0.813095843292695 -0.4068783657142868 -0.10704609854741326
v -0.7836361501936003 -0.3903927875369705 -0.15587492179929038
v -0.7527132418536076 -0.3732683764463878 -0.20168890528688616
v -0.7205161067384295 -0.355597409737952 -0.24458226101201852
v -0.6872111096046047 -0.33746064716316504 -0.2846521618116907
v -0.652944129206494 -0.3189284870675689 -0.3219964107721752
v -0.6178426033953507 -0.30006205981270795 -0.35671159338712505
v -0.5820174550365744 -0.2809142477850654 -0.3888916303515948
v -0.5455648841468822 -0.26153062699518503 -0.41862665929951726
v -0.5085680204511785 -0.24195032938112354 -0.44600218376650247
v -0.47109843686006264 -0.2222068278065815 -0.4710984368600625
v -0.43321752874516223 -0.20232864767969053 -0.4939899153812753
v -0.39497776680942637 -0.1823400103517163 -0.5147450474142011
v -0.35642383318959175 -0.16226141417519394 -0.533425962702866
v -0.31759365148552465 -0.14211015945618807 -0.5500883405342508
v -0.27851932191743484 -0.12190082363937026 -0.5647813144266187
v -0.23922797294491677 -0.10164569300401421 -0.5775474167826409
v -0.199742540576393 -0.08135515698869475 -0.5884225499046857
v -0.16008248635537034 -0.061038071050562706 -0.597435972480194
v -0.12026446470625961 -0.040702093736626456 -0.6046102929171528
v -0.08030295001295987 -0.020354003424855452 -0.6099614628249019
v -0.04021083352822826 -1.9043329782294992e-17 -0.6134987655684226
v -1.1301496162126642e-16 0.020354003424855143 -0.6152247962430303
v 0.04031810622736639 0.04070209373662586 -0.6151354306839164
v 0.08073191590985168 0.06103807105056241 -0.6132197823004385
v 0.12122916059674264 0.08135515698869444 -0.6094601466652709
v 0.16179627933394475 0.10164569300401363 -0.6038319349498893
v 0.20241779609921653 0.12190082363936995 -0.596303598537811
v 0.2430756572956852 0.14211015945618774 -0.5868365485259973
v 0.2837485181440563 0.16226141417519357 -0.5753850754078466
v 0.3244109662570032 0.18234001035171593 -0.561896276089642
v 0.36503267008162826 0.20232864767969008 -0.5463099976053356
v 0.405577439301981 0.22220682780658116 -0.5285588095503057
v 0.44600218376650264 0.24195032938112337 -0.5085680204511782
v 0.4862557571332573 0.26153062699518465 -0.4862557571332575
v 0.526277671329832 0.28091424778506485 -0.4615331307549015
v 0.5659966682685685 0.3000620598127077 -0.4343045186686478
v 0.6053291362593599 0.3189284870675686 -0.4044679977586448
v 0.6441773605079932 0.3374606471631647 -0.37191597249515296
v 0.68242760034841 0.3555974097379518 -0.33653604970933726
v 0.7199479909036526 0.3732683764463873 -0.29821222203555514
v 0.7565862742911406 0.3903927875369702 -0.2568264330057021
v 0.792167376001541 0.40687836571428665 -0.21226060866989438
v 0.8264908565398034 0.42262011568666935 -0.16439925289197396
v 0.8593282877979298 0.4374991079765107 -0.11313271533609805
v 0.8904206289937294 0.45138128871169203 -0.058361251386371306
v 0.9630378480659334 0.43146991421547526 0
v 0.9887578915499567 0.43917069565191647 0.06480661609807793
v 1.011259739403612 0.44522190738989714 0.13313487040206456
v 1.0301199669020806 0.44943862967939896 0.20490360130154778
v 1.0448858498756848 0.4516260791924271 0.279976319656897
v 1.0550794319820918 0.45158202125425534 0.3581512066254725
v 1.0602036880972912 0.44910014272817084 0.4391507464878727
v 1.059751149273707 0.4439745234786815 0.5226114319957466
v 1.0532153111837095 0.4360053151817638 0.6080741434265501
v 1.0401050531097364 0.42500568342086537 0.6949759776798436
v 1.019962135517469 0.41080998775874505 0.7826444732992077
v 0.9923816117872064 0.3932830621538827 0.8702953158441954
v 0.9570346820764761 0.37233031590801097 0.9570346820764759
v 0.9136931450759823 0.34790821031789326 1.0418673517849344
v 0.8622541938014342 0.3200344928794232 1.1237115432007674
v 0.8027639010915723 0.2887974119667411 1.2014210804334755
v 0.7354374140954651 0.2543630201965092 1.2738149670004169
v 0.6606737015818773 0.21697963751957308 1.3397137369777388
v 0.5790627492860883 0.1769786160284514 1.3979811427915252
v 0.4913834333750723 0.134770747051078 1.447568915530516
v 0.3985909376978881 0.09083797731325685 1.4875616309250397
v 0.301793478474114 0.045720529309008884 1.5172182727989447
v 0.20221916123221384 1.1258548458429648e-16 1.536007025601417
v 0.1011748695141581 -0.045720529309008814 1.543630213731032
v 9.430007668630152e-17 -0.09083797731325678 1.5400371233886687
v -0.09998154446987619 -0.13477074705107797 1.5254235918495187
v -0.19750752012875067 -0.17697861602845116 1.500218558312106
v -0.2914183609926242 -0.21697963751957303 1.4650590349488068
v -0.3806904184977109 -0.2543630201965092 1.4207559837881154
v -0.46445972767308147 -0.288797411966741 1.3682542361621053
v -0.5420356460369622 -0.32003449287942304 1.3085898079520966
v -0.6129046930197066 -0.34790821031789315 1.242847769981751
v -0.6767257135269876 -0.37233031590801086 1.1721233186170443
v -0.733318025755643 -0.39328306215388265 1.0974879832123758
v -0.7826444732992076 -0.41080998775874505 1.0199621355174688
v -0.8247913139401697 -0.42500568342086537 0.9404942421436251
v -0.8599467005622298 -0.4360053151817638 0.85994670056223
v -0.8883792127341953 -0.4439745234786815 0.7790876597799248
v -0.9104175465980431 -0.44910014272817067 0.6985879538342716
v -0.9264321188367826 -0.4515820212542554 0.6190221512890512
v -0.9368190242140101 -0.4516260791924271 0.5408727158119211
v -0.9419865257798257 -0.449438629679399 0.4645363465714402
v -0.9423440593489917 -0.44522190738989714 0.3903316898040693
v -0.9382935969003988 -0.4391706956519166 0.3185077575320762
v -0.930223129140733 -0.43146991421547537 0.24925253623401167
v -0.9185019851292369 -0.4222930188015843 0.18270140430497225
v -0.9034776957674379 -0.41180106554936824 0.11894509516228856
v -0.8854741183307483 -0.4001423038538681 0.058037039948667296
v -0.864790562945585 -0.38745217621284817 1.0590629948441483e-16
v -0.8417016927357944 -0.37385362088055507 -0.05516804359935144
v -0.8164580027538356 -0.3594575904941937 -0.10748873523775954
v -0.7892867157313461 -0.3443637162079875 -0.1569988891674373
v -0.7603929632542751 -0.32866106157040714 -0.20374668043429103
v -0.7299611481817886 -0.3124289231131597 -0.24778842055510786
v -0.698156407586296 -0.2957376453352045 -0.2891858526799221
v -0.66512611519517 -0.2786494265652679 -0.3280039014424681
v -0.6310013785066381 -0.26121909926158077 -0.36430881573983254
v -0.5958984988060122 -0.24349487388539454 -0.39816664727035583
v -0.5599203726494688 -0.22551903979974824 -0.42964201305317357
v -0.5231578214396353 -0.20732861991970505 -0.45879709583312756
v -0.48569084189242223 -0.1889559782755948 -0.48569084189242206
v -0.44758977484845097 -0.17042938142122516 -0.5103783211250762
v -0.4089163933276321 -0.15177351587208227 -0.5329102191552841
v -0.36972491322650314 -0.13300996461631132 -0.5533324357357825
v -0.33006293183427 -0.11415764630296794 -0.5716857676320979
v -0.2899723005742815 -0.0952332210570468 -0.5880056576979676
v -0.2494899392073104 -0.07625146706184974 -0.6023219949099267
v -0.208648599276355 -0.05722563213516326 -0.6146589527996823
v -0.16747758492038886 -0.03816776454413086 -0.6250348560518229
v -0.12600343940698325 -0.01908902728306325 -0.6334620670744119
v -0.08425060588547156 -1.7860549517798487e-17 -0.6399468861541562
v -0.042242070984413446 0.019089027283063213 -0.6444894604285812
v -1.1886734700325523e-16 0.038167764544130824 -0.6470836983964972
v 0.04245362743274015 0.05722563213516297 -0.6477171880956913
v 0.08509637211279751 0.07625146706184945 -0.6463711184537732
v 0.12790467119288723 0.09523322105704678 -0.6430202047153731
v 0.17085314568216783 0.11415764630296764 -0.6376326203188187
v 0.2139138696665769 0.1330099646163113 -0.6301699391925244
v 0.2570555910609929 0.1517735158720822 -0.6205870942232807
v 0.30024289339440774 0.170429381421225 -0.608832359676695
v 0.34343528786233507 0.18895597827559474 -0.5948473676896071
v 0.38658622471432835 0.2073286199197049 -0.5785671716745602
v 0.4296420130531737 0.22551903979974808 -0.5599203726494685
v 0.47254063840542687 0.24349487388539454 -0.5388293282043641
v 0.5152104681113517 0.26121909926158077 -0.515210468111352
v 0.5575688358450909 0.27864942656526764 -0.48897474553441755
v 0.5995204986290246 0.2957376453352044 -0.46002825844465417
v 0.6409559628208763 0.3124289231131596 -0.42827308220390586
v 0.6817496800629665 0.32866106157040686 -0.3936083613042954
v 0.721758120495313 0.34436371620798745 -0.35593171582321453
v 0.7608177391268062 0.35945759049419357 -0.3151410260403591
v 0.7987428626801709 0.37385362088055496 -0.27113666647350887
v 0.8353235390802025 0.38745217621284805 -0.22382426771524758
v 0.8703234106663028 0.400142303853868 -0.17311809000157302
v 0.9034776957674379 0.41180106554936824 -0.11894509516228866
v 0.93449139193521 0.4222930188015843 -0.061249801798465404
v 0.9965604612776979 0.41439641995562515 0
v 1.0219439558823524 0.41941128837198843 0.06698174567163243
v 1.0437549806195474 0.42265531321981403 0.13741295006784737
v 1.0615513340074052 0.4239560234661023 0.211155688942447
v 1.0748680842777607 0.4231366246683759 0.28801003515221385
v 1.0832236236659045 0.4200192763370628 0.36770487235481
v 1.0861279429675146 0.4144292746994389 0.44988892444953604
v 1.083093374253136 0.4062001990547882 0.5341225434777455
v 1.0736479568646828 0.39518002990404116 0.6198709369107162
v 1.0573514364724093 0.38123817606312876 0.7064996426241484
v 1.0338137038007789 0.3642732555775499 0.7932731554688247
v 1.0027152199943354 0.3442213641754968 0.8793576470196365
v 0.9638286707085876 0.32106444230121356 0.9638286707085874
v 0.9170407647472586 0.2948382296761805 1.0456845804250874
v 0.8623727831914041 0.26563919219277615 1.123866091902726
v 0.7999982415730005 0.23362974094356287 1.1972819784604105
v 0.7302559077253389 0.19904105947372 1.2648403347076163
v 0.6536564757388732 0.16217293158703902 1.3254842106096716
v 0.5708814705770787 0.12339012809546157 1.3782297887746802
v 0.4827734577729007 0.08311516280519884 1.422204745315062
v 0.3903173280852519 0.04181754494393372 1.456684099488691
v 0.2946132454446305 1.0296132303227109e-16 1.4811208037271562
v 0.19684268046152523 -0.04181754494393351 1.4951685996754713
v 0.09822967698700144 -0.08311516280519864 1.4986952591123093
v 9.134549689203256e-17 -0.12339012809546136 1.4917851735803473
v -0.096658991966765 -0.16217293158703897 1.4747312365725753
v -0.19063504596317132 -0.1990410594737197 1.448016934404309
v -0.28092202440821973 -0.23362974094356276 1.4122903875153852
v -0.3666436302172572 -0.2656391921927762 1.3683326562422993
v -0.4470690286201685 -0.2948382296761803 1.3170228887895792
v -0.5216203177965807 -0.3210644423012135 1.259302845633869
v -0.5898724660523551 -0.34422136417549676 1.1961430339108756
v -0.6515468274333298 -0.36427325557754975 1.1285122086248394
v -0.7064996426241483 -0.38123817606312876 1.0573514364724097
v -0.7547070347094844 -0.39518002990404105 0.9835533566951485
v -0.7962479520294241 -0.4062001990547882 0.9079467758030358
v -0.8312863384048857 -0.41442927469943874 0.831286338404886
v -0.8600535723875319 -0.42001927633706265 0.754246739896703
v -0.8828319544062004 -0.423136624668376 0.6774207844660891
v -0.8999397663915837 -0.4239560234661023 0.6013205273169403
v -0.9117182041677383 -0.422655313219814 0.5263807506013257
v -0.9185202998738969 -0.4194112883719884 0.4529640845997142
v -0.9207018130844717 -0.41439641995562515 0.3813671778810867
v -0.9186139726859652 -0.4077763939646722 0.3118274252796559
v -0.9125978912250091 -0.3997083594171841 0.24452986796808698
v -0.9029804422198229 -0.3903397751570813 0.17961397745947574
v -0.8900713815717087 -0.3798077475843441 0.11718012041497948
v -0.8741615001514401 -0.36823875981607324 0.05729557177968883
v -0.8555216103748361 -0.3557487039767401 1.0477118017469321e-16
v -0.8344021908220551 -0.34244314070132387 -0.05468960896709852
v -0.8110335365249355 -0.32841772233580113 -0.10677459071064635
v -0.7856262862488929 -0.31375872798460347 -0.15627078447345621
v -0.7583722205178646 -0.29854366905666435 -0.20320522404995875
v -0.7294452444571982 -0.28284193310662176 -0.24761329483863215
v -0.6990024873760367 -0.26671544152051974 -0.28953631040368244
v -0.6671854662880832 -0.25021930302136774 -0.3290194610145309
v -0.6341212733765123 -0.23340245019187617 -0.36611008788279775
v -0.5999237579538682 -0.2163082503791906 -0.40085623944504256
v -0.5646946820140333 -0.1989750856158329 -0.43330546947756465
v -0.5285248353006166 -0.18143689871271304 -0.46350384066576406
v -0.49149510119747825 -0.16372370459132982 -0.4914951011974781
v -0.45367746893523 -0.14586206734408258 -0.5173200058152265
v -0.4151359908275408 -0.12787554454753688 -0.5410157564260248
v -0.3759276856982824 -0.10978510109036094 -0.5626155407615502
v -0.3361033915009035 -0.09160949528697539 -0.5821481506757777
v -0.29570857150350827 -0.07336564038768466 -0.5996376644579018
v -0.2547840794311117 -0.05506894481250206 -0.6151031800393326
v -0.21336688971321804 -0.03673363456550094 -0.6285585882105376
v -0.1714907995549032 -0.01837306135763449 -0.6400123769695093
v -0.12918710999200386 -1.4186970959064672e-16 -0.6494674599364054
v -0.08648529345206073 0.018373061357634456 -0.6569210234287316
v -0.043413655657328354 0.03673363456550091 -0.6623643883404237
v -1.2230233175524824e-16 0.05506894481250178 -0.665782884449622
v 0.043727697190105226 0.07336564038768437 -0.6671557362382663
v 0.08774059176971608 0.0916094952869751 -0.666455960787761
v 0.13200824828040802 0.1097851010903609 -0.6636502798664492
v 0.1764978785016511 0.1278755445475366 -0.6586990499962818
v 0.22117353245428475 0.14586206734408239 -0.6515562161301478
v 0.26599523200903574 0.16372370459132976 -0.6421692966427918
v 0.31091803709776195 0.1814368987127129 -0.6304794096945058
v 0.3558910345084936 0.19897508561583277 -0.6164213537269593
v 0.40085623944504234 0.2163082503791903 -0.599923757953868
v 0.4457474005480804 0.2334024501918761 -0.5809093222722703
v 0.4904887000366066 0.2502193030213677 -0.5592951700924469
v 0.5349933422015939 0.26671544152051957 -0.5349933422015941
v 0.5791620258736203 0.2828419331066216 -0.5079114649503678
v 0.6228812999476353 0.2985436690566642 -0.47795363175723876
v 0.666021805887518 0.31375872798460347 -0.4450215430824735
v 0.7084364177131048 0.328417722335801 -0.40901595647039574
v 0.7499582987088398 0.34244314070132376 -0.369838504722483
v 0.7903989054464063 0.3557487039767399 -0.32739394632075175
v 0.8295459841672492 0.3682387598160732 -0.28159291724858354
v 0.8671616225935045 0.3798077475843441 -0.23235525648119143
v 0.9029804422198223 0.39033977515708107 -0.1796139774594758
v 0.9367080423055569 0.399708359417184 -0.12331995327972672
v 0.9680198370550327 0.4077763939646722 -0.06344737219442925
v 1.0238323130701323 0.4214554282587043 0
v 1.0503383035651916 0.42477312839693937 0.06884280954314553
v 1.073067034847323 0.4261403660996805 0.1412719552163512
v 1.0915395693427792 0.4253783780169496 0.21712071982654454
v 1.1052550966916224 0.42230713733970365 0.29615221058890256
v 1.1136985758256934 0.41674956230459304 0.3780497246541079
v 1.1163509164735708 0.4085367065816285 0.4624076899709873
v 1.112701908633132 0.3975139429045385 0.5487238567787311
v 1.1022659716440073 0.38354807945718694 0.636393555447232
v 1.0846005965161927 0.3665352545826415 0.7247069492666487
v 1.059327095400639 0.34640934198349704 0.8128502693982732
v 1.0261529595926853 0.323150472835564 0.8999119929931424
v 0.9848947843124939 0.2967931555537097 0.9848947843124939
v 0.9355003815755425 0.2674333660776098 1.0667337392192573
v 0.8780684224437925 0.2352339132841106 1.1443210472194008
v 0.8128637864012158 0.20042737838366073 1.2165366269901483
v 0.740326807492877 0.1633160033693376 1.2822836447829262
v 0.66107483934329 0.12426807221493079 1.3405271638904466
v 0.5758950310164849 0.08371058579049553 1.3903335943832715
v 0.4857278895122537 0.04211835617086613 1.4309082205616106
v 0.3916420343715522 1.0370298984644063e-16 1.4616279706542696
v 0.294801418636593 -0.04211835617086578 1.4820668142464684
v 0.19642707041813298 -0.08371058579049517 1.492011727979085
v 0.09775597727121751 -0.12426807221493058 1.4914679980638774
v 9.066388551191304e-17 -0.16331600336933724 1.4806536149857539
v -0.09569237534478633 -0.20042737838366056 1.4599835168083104
v -0.18826903648754972 -0.23523391328411036 1.4300453081991098
v -0.27680022608482663 -0.26743336607760954 1.3915687080256127
v -0.3604965111131684 -0.29679315555370955 1.3453912954256624
v -0.4387185346792805 -0.3231504728355638 1.2924231268986879
v -0.5109790408349985 -0.346409341983497 1.233612530472249
v -0.5769381949094543 -0.3665352545826413 1.1699149266221347
v -0.6363935554472319 -0.3835480794571868 1.1022659716440077
v -0.6892661913263582 -0.3975139429045384 1.0315597539495218
v -0.735584408218659 -0.4085367065816285 0.9586322646569396
v -0.7754663964965464 -0.41674956230459287 0.8842499533570163
v -0.8091028861027197 -0.42230713733970365 0.8091028861027197
v -0.8367406363735003 -0.42537837801694967 0.733801843729141
v -0.8586673345332478 -0.4261403660996805 0.6588786194833197
v -0.8751982486837349 -0.42477312839693937 0.5847887737148537
v -0.8866647923341173 -0.4214554282587043 0.5119161565350662
v -0.8934050121978089 -0.41636147726076944 0.440578595358791
v -0.8957559075422348 -0.4096584739717395 0.371034245479814
v -0.8940474226606876 -0.40150486063788315 0.3034882052479952
v -0.8885979172210294 -0.3920491841550724 0.2380990943153527
v -0.8797109052139576 -0.38142945133464434 0.17498537876581052
v -0.867672855411758 -0.36977287726389185 0.11423129850374532
v -0.8527518590962261 -0.3571959371918408 0.0558923097672988
v -0.8351969899121835 -0.3438046451262065 1.0228213203534597e-16
v -0.8152382027550221 -0.32969499502924277 -0.05343353482783527
v -0.7930866412864713 -0.31495351240071306 -0.10441183712856318
v -0.7689352454672809 -0.2996578747153238 -0.15295073003755535
v -0.7429595704863429 -0.28387756845491824 -0.199075416920789
v -0.7153187461885274 -0.2676745583169324 -0.24281799483850577
v -0.6861565214044458 -0.25110395066416863 -0.28421533707646623
v -0.6556023505135968 -0.23421463853718347 -0.3233073004511519
v -0.6237724902991081 -0.21704991973545007 -0.36013521518727337
v -0.590771083912973 -0.1996480827482855 -0.39474061817107786
v -0.5566912158257318 -0.1820429578356544 -0.4271641938739038
v -0.5216159272437493 -0.16426443246266723 -0.4574448909149103
v -0.48561918588453873 -0.14633893170294807 -0.4856191858845386
v -0.44876680742603925 -0.12828986525021194 -0.5117204695489592
v -0.4111173285819999 -0.11013804340224298 -0.535778533822757
v -0.3727228337677705 -0.091902064879208 -0.5578191408938564
v -0.3336297388477941 -0.07359867966729253 -0.5778636586003147
v -0.29387953661331945 -0.055243130285571145 -0.5959287486013595
v -0.25350950952089174 -0.03684947499546607 -0.6120260960758871
v -0.2125534159057166 -0.01843089653641431 -0.6261621716499522
v -0.17104215643060813 -1.7245144207144468e-17 -0.6383380180351738
v -0.1290044279894666 0.01843089653641403 -0.6485490554905491
v -0.08646737269191869 0.036849474995465786 -0.6567849017411795
v -0.043457229941145904 0.05524313028557112 -0.6630292034409073
v -1.2257357753409542e-16 0.07359867966729225 -0.6672594776955877
v 0.04387787216648495 0.09190206487920773 -0.669446963615176
v 0.0881487835766273 0.11013804340224272 -0.6695564853838877
v 0.1327832208317093 0.1282898652502118 -0.6675463299789196
v 0.1777489585988583 0.14633893170294776 -0.6633681444833974
v 0.22301019855420695 0.16426443246266706 -0.6569668599855882
v 0.2685266380317775 0.18204295783565425 -0.6482806513947676
v 0.31425245740436347 0.19964808274828524 -0.6372409451982132
v 0.36013521518727337 0.21704991973545001 -0.6237724902991081
v 0.4061146400999883 0.23421463853718316 -0.6077935106764641
v 0.45212130997037764 0.25110395066416846 -0.5892159627556
v 0.4980752085832451 0.2676745583169324 -0.5679459251204083
v 0.5438841535655531 0.28387756845491796 -0.5438841535655533
v 0.5894420914211101 0.29965787471532357 -0.5169268404735391
v 0.6346272601918788 0.3149535124007129 -0.48696662405237456
v 0.6793002263075002 0.32969499502924254 -0.45389389995241697
v 0.7233018104282458 0.3438046451262063 -0.4175984949560919
v 0.7664509279853889 0.3571959371918406 -0.3779717694134432
v 0.8085423842126367 0.36977287726389163 -0.3349092212943526
v 0.8493446812843962 0.3814294513346442 -0.2883136693049451
v 0.8885979172210293 0.3920491841550723 -0.23809909431535234
v 0.9260118828361558 0.401504860637883 -0.1841952158366347
v 0.961264494261467 0.40965847397173943 -0.12655287151160716
v 0.9940007341110444 0.41636147726076944 -0.06515025015452647
v 1.0496609007753859 0.4553903931955563 0
v 1.0791991265912528 0.4577883063141047 0.07073444782397136
v 1.1048950705350344 0.45793116795457 0.1454621956079392
v 1.1262010603182608 0.4556061034124989 0.22401531905338626
v 1.1425404936933856 0.4505999237588346 0.30614280260499893
v 1.15331705500249 0.442704914221275 0.3914983861403614
v 1.1579272665730316 0.4317259565054878 0.4796291780561559
v 1.1557766607610804 0.4174889707597013 0.5699659737680611
v 1.1462996559611212 0.3998505461314576 0.6618164149411286
v 1.1289829256110393 0.3787084792894297 0.7543622734689294
v 1.103391664376688 0.3540127647540043 0.846662202387256
v 1.0691976986357399 0.32577639435465505 0.9376612159895668
v 1.026207899434721 0.294085149586767 1.0262078994347208
v 0.9743908993672648 0.259105442089663 1.1110798755556934
v 0.9138997743128155 0.22108921024569936 1.1910173741183128
v 0.8450882192451974 0.18037494791465405 1.2647638988830785
v 0.7685179066484095 0.13738414695845405 1.3311120608415203
v 0.6849552149116317 0.09261277987324258 1.3889517751872078
v 0.5953563447540897 0.04661790608155036 1.4373173619501953
v 0.5008409274156734 -4.371176866489305e-17 1.475429794555185
v 0.4026554264256082 -0.0466179060815506 1.5027305093636818
v 0.3021287597871201 -0.09261277987324282 1.5189038457847923
v 0.20062343201548405 -0.13738414695845416 1.523886258840646
v 0.09948591686375492 -0.18037494791465428 1.5178617758447974
v 9.192471631917774e-17 -0.22108921024569955 1.501244544683076
v -0.09665370197628474 -0.25910544208966313 1.4746505269143875
v -0.18942967752986928 -0.29408514958676707 1.4388612521697062
v -0.2774395838725022 -0.3257763943546553 1.3947829766811926
v -0.3599641703698144 -0.35401276475400445 1.343404572724526
v -0.436455719578076 -0.3787084792894297 1.285757088567688
v -0.5065323545304591 -0.39985054613145765 1.2228772800882115
v -0.5699659737680608 -0.4174889707597013 1.1557766607610804
v -0.6266657209222702 -0.4317259565054879 1.0854168679991514
v -0.6766588209996607 -0.44270491422127495 1.0126914908665285
v -0.7200703870950904 -0.4505999237588347 0.9384139986939106
v -0.7571034872962389 -0.45560610341249885 0.8633110684778913
v -0.7880204208152543 -0.45793116795457 0.7880204208152544
v -0.8131258283830903 -0.4577883063141047 0.7130922129434583
v -0.832751981803259 -0.45539039319555635 0.6389930699306051
v -0.847246374093848 -0.45094546570388233 0.566111928224092
v -0.8569615668644448 -0.4446533430421648 0.49476699131435053
v -0.8622471404821899 -0.43670323920430837 0.42521323343736334
v -0.8634435264612781 -0.42727220930452503 0.35765001900351384
v -0.8608774703934973 -0.41652427409937454 0.29222852368460256
v -0.854858868020527 -0.4046100795399794 0.22905874332868417
v -0.8456787283917481 -0.3916669650471773 0.1682159579070217
v -0.8336080397430318 -0.37781933285351316 0.10974658044110326
v -0.818897340709639 -0.3631792293144712 0.053673367400299744
v -0.801776828160809 -0.3478470663826014 9.818934262376522e-17
v -0.7824568609392273 -0.3319124268239777 -0.05128493216949812
v -0.7611287446673135 -0.3154549099766725 -0.10020450022101127
v -0.7379657057912825 -0.2985449858949748 -0.14679050558394427
v -0.7131239828943347 -0.2812448347314484 -0.19108099531980238
v -0.6867439800511888 -0.26360915540252905 -0.23311816877716118
v -0.6589514408313069 -0.24568593321541107 -0.27294662373761924
v -0.6298586127984033 -0.22751716045916673 -0.31061189394795463
v -0.5995653813480588 -0.2091395072194526 -0.3461592343180825
v -0.5681603588225447 -0.1905849420758668 -0.37963261467778775
v -0.5357219203695418 -0.1718813040666587 -0.41107388755146457
v -0.502319182262983 -0.1530528285102159 -0.4405220997544047
v -0.468012921635407 -0.1341206300823684 -0.4680129216354068
v -0.43285643899958376 -0.11510314706466802 -0.49357817143965765
v -0.3968963667446081 -0.09601655098222778 -0.5172454155300614
v -0.36017342812815695 -0.07687512600386767 -0.5390376280955841
v -0.3227231522744929 -0.05769162253139062 -0.5589728965182086
v -0.2845765514259418 -0.03847758939640669 -0.5770641608016805
v -0.24576076726341817 -0.01924368904063345 -0.5933189774265609
v -0.20629969357242492 -1.8005166885237177e-17 -0.6077392997312684
v -0.1662145829352167 0.019243689040633415 -0.6203212684731
v -0.1255246455170181 0.03847758939640666 -0.6310550076428016
v -0.08424764841528284 0.05769162253139058 -0.6399244219378069
v -0.04240052447932039 0.0768751260038679 -0.6469069935905627
v -1.1976560323108986e-16 0.09601655098222772 -0.651973577548919
v 0.04293674877377112 0.11510314706466784 -0.6550881953675051
v 0.08639139970959324 0.13412063008236838 -0.6562078296482269
v 0.13034373818428568 0.153052828510216 -0.6552822225251712
v 0.1747708477784108 0.17188130406665852 -0.6522536835909165
v 0.21964622548336518 0.1905849420758668 -0.6470569148810382
v 0.2649388078674305 0.2091395072194528 -0.6396188631525099
v 0.31061189394795463 0.22751716045916667 -0.6298586127984034
v 0.3566219499636208 0.24568593321541116 -0.6176873364312769
v 0.4029172809458268 0.263609155402529 -0.6030083245410348
v 0.4494365541037181 0.2812448347314484 -0.5857171207902848
v 0.4961071597656987 0.29854498589497497 -0.5657017955449914
v 0.5428433972258404 0.31545490997667264 -0.5428433972258407
v 0.5895444756658109 0.33191242682397754 -0.5170166290463231
v 0.6360923247894891 0.34784706638260127 -0.4880908076572536
v 0.6823492164459186 0.36317922931447133 -0.4559311700301347
v 0.7281552079619091 0.37781933285351305 -0.42040060532863666
v 0.7733254309003866 0.3916669650471773 -0.38136189908221313
v 0.8176472663373803 0.40461007953997935 -0.33868058695422976
v 0.8608774703934973 0.41652427409937454 -0.29222852368460267
v 0.9027393425244737 0.42727220930452514 -0.24188827780523536
v 0.9429200646788589 0.43670323920430826 -0.18755846231505255
v 0.9810683822319873 0.44465334304216486 -0.12916010282486717
v 1.0167928473415724 0.45094546570388244 -0.06664412418053228
v 1.0778671383153307 0.5130837165842104 0
v 1.1123816734338816 0.5151374920114585 0.07290934684906608
v 1.143123378546719 0.5144732834950042 0.15049504783621773
v 1.1694387579010364 0.5108078704047078 0.2326158318396219
v 1.190628034920482 0.5038562330064729 0.31902782044279765
v 1.2059559138199643 0.49334015666023284 0.409366870947661
v 1.2146672516113017 0.47899902951404844 0.5031316493878539
v 1.216008213874906 0.46060281971546085 0.5996688886889057
v 1.2092531736367875 0.43796699804811845 0.6981626453176084
v 1.1937371258287424 0.41096888513445634 0.7976296467699477
v 1.1688927280273538 0.37956456484341916 0.8969229362677394
v 1.1342902754271444 0.3438051524639254 0.9947458737511771
v 1.0896780560197121 0.3038508937295296 1.089678056019712
v 1.0350197438787916 0.2599813723286392 1.1802138227823107
v 0.9705249480921511 0.21260009831091967 1.2648127373290854
v 0.8966689270327024 0.16223200351609912 1.3419598834002233
v 0.8141979509737763 0.10951291119407436 1.410232218505054
v 0.7241179083195102 0.05517084508839742 1.4683658614599913
v 0.6276654246786673 3.23543473935486e-16 1.5153183808919066
v 0.5262627745498422 -0.05517084508839678 1.550320141252531
v 0.4214598723909235 -0.10951291119407372 1.572909657114422
v 0.3148682548485172 -0.16223200351609854 1.5829496124166962
v 0.20809289138983397 -0.21260009831091903 1.580622435603198
v 0.10266771778081328 -0.2599813723286386 1.5664066768981275
v 9.436133119571889e-17 -0.3038508937295291 1.5410374854434263
v -0.09867279270169607 -0.34380515246392523 1.505455898475286
v -0.19231168403111623 -0.3795645648434188 1.4607522649044533
v -0.28009028452118195 -0.41096888513445584 1.4081089487341036
v -0.3613955783747069 -0.4379669980481182 1.3487466601251459
v -0.4358177163509613 -0.4606028197154604 1.283877591668014
v -0.503131649387854 -0.47899902951404816 1.2146672516113022
v -0.563273514033907 -0.4933401566602328 1.1422056949143264
v -0.6163144221408198 -0.5038562330064728 1.0674878925853535
v -0.6624338437890498 -0.5108078704047077 0.991402307999343
v -0.7018942238432787 -0.5144732834950041 0.9147263615632456
v -0.7350179309838809 -0.5151374920114588 0.8381273181215944
v -0.7621671627209088 -0.5130837165842104 0.762167162720909
v -0.7837270499884643 -0.5085868299405922 0.6873101762506312
v -0.8000919268440478 -0.5019086336293626 0.6139321283315262
v -0.8116545462486493 -0.4932946867794071 0.542330229173429
v -0.8187979159359923 -0.48297240488865795 0.47273319717754964
v -0.821889380649087 -0.4711501613246572 0.40531098877079874
v -0.8212765710944402 -0.4580171524013048 0.34018389420658857
v -0.8172848610390618 -0.443743821322084 0.277430826784272
v -0.8102160104895533 -0.428482671952393 0.21709672570544206
v -0.8003477164319776 -0.41236933716535246 0.15919905900238815
v -0.7879338374702418 -0.39552379666539633 0.10373345763657857
v -0.7732051013157095 -0.37805166498876513 0.05067853980663875
v -0.7563701424724217 -0.3600454917102645 9.262862739494788e-17
v -0.7376167507535715 -0.3415860330347497 -0.04834595607491341
v -0.7171132392978236 -0.3227434674009789 -0.09440974900654647
v -0.6950098638042642 -0.30357853803077517 -0.13824605736151996
v -0.6714402432796752 -0.28414361307260955 -0.17991187095254524
v -0.6465227472961926 -0.2644836596266523 -0.21946490002174268
v -0.6203618262084661 -0.24463713194476416 -0.25696228199408755
v -0.5930492695577354 -0.22463677685041367 -0.292459534693603
v -0.5646653845146329 -0.20451036122882313 -0.32600971175158694
v -0.5352800911304391 -0.18428132754422377 -0.35766272219685474
v -0.5049539347540434 -0.16396938394367844 -0.3874647818229443
v -0.47373901853882655 -0.14359103575627286 -0.4154579688598401
v -0.441679860761313 -0.12316006520758221 -0.4416798607613128
v -0.40881418290311133 -0.10268796602879961 -0.4661632326003345
v -0.3751736352690914 -0.08218433941205666 -0.4889358007037518
v -0.34078446745381485 -0.06165725749542216 -0.5100199978182691
v -0.3056681513237353 -0.04111360028692988 -0.5294327683483608
v -0.2698419644319715 -0.020559371681022204 -0.5471853741067494
v -0.23331954198640092 -2.9824505965605893e-16 -0.5632832026302469
v -0.19611140569843433 0.02055937168102189 -0.5777255714955265
v -0.15822547808772375 0.04111360028692957 -0.5905055232752615
v -0.1196675911384077 0.06165725749542184 -0.6016096068576849
v -0.08044199862131447 0.08218433941205633 -0.6110176418636801
v -0.04055190193551074 0.10268796602879944 -0.618702463887566
v -1.1474260510305247e-16 0.12316006520758188 -0.6246296493157087
v 0.04121092544268086 0.14359103575627238 -0.628757219600246
v 0.08307737675344305 0.163969383943678 -0.6310353261493835
v 0.1255944460294501 0.18428132754422347 -0.6314059185155227
v 0.16875504457938717 0.2045103612288228 -0.629802400403825
v 0.21254903987749416 0.22463677685041333 -0.6261492802865124
v 0.2569622819940877 0.24463713194476397 -0.6203618262084659
v 0.3019754997666922 0.264483659626652 -0.6123457378422962
v 0.34756304521809944 0.28414361307260927 -0.6019968531511071
v 0.39369146305489855 0.30357853803077484 -0.5892009123201692
v 0.4403178606534935 0.32274346740097876 -0.5738334081187912
v 0.48738805299111954 0.3415860330347495 -0.5557595597581559
v 0.5348344568292841 0.3600454917102642 -0.5348344568292844
v 0.5825737095462756 0.3780516649887647 -0.5109034312304632
v 0.6305039909322988 0.3955237966653961 -0.4838027282707949
v 0.6785020317753249 0.4123693371653523 -0.4533605634171134
v 0.726419802162787 0.42848267195239254 -0.4193986683233603
v 0.7740808863311747 0.4437438213220838 -0.38173444847247673
v 0.8212765710944394 0.4580171524013045 -0.3401838942065888
v 0.867761703091437 0.4711501613246571 -0.2945654057929248
v 0.9132504081959953 0.4829724048886579 -0.24470470936351002
v 0.9574118163242954 0.4932946867794069 -0.19044105094232439
v 0.9998659981755487 0.5019086336293624 -0.13163485591252566
v 1.0401803980515136 0.5085868299405922 -0.0681770252408288
v 1.1110914850369635 0.5862481815971381 0
v 1.1521766522739572 0.5882763935882068 0.07551764756490377
v 1.189678552057416 0.5869597378045328 0.15662415270451555
v 1.2228030302223605 0.5819023164534431 0.24323064558054922
v 1.2506798714738838 0.5727018199259559 0.33511866155128756
v 1.2723747080393173 0.5589628687977332 0.43191301351399064
v 1.2869085445480317 0.5403142941451204 0.5330549726856152
v 1.2932861499355084 0.5164303938521851 0.6377781493903314
v 1.2905340706441115 0.4870557512647645 0.7450901930847611
v 1.2777481611103618 0.4520325948596538 0.8537640258946103
v 1.2541492859185386 0.4113289522022339 0.9623425940398362
v 1.2191442866741378 0.3650650997656352 1.069160844405313
v 1.1723876079518605 0.3135351807463757 1.1723876079518603
v 1.1138374524490602 0.2572205472337306 1.2700881944402416
v 1.0437993944242123 0.19679157556168386 1.3603058549699187
v 0.9629504395546561 0.13309553932602397 1.441157176998764
v 0.8723378681810341 0.06712960836809775 1.5109335090558724
v 0.7733498567175932 -6.298714096203949e-17 1.5681983769803884
v 0.6676584991551267 -0.06712960836809766 1.611870203693972
v 0.5571397746087882 -0.13309553932602386 1.6412808502515406
v 0.44377838290998883 -0.196791575561684 1.6562034723208343
v 0.3295674322873069 -0.25722054723373045 1.6568473676564888
v 0.21641326931576946 -0.3135351807463756 1.6438219804535497
v 0.10605430909398707 -0.36506509976563534 1.618076075610251
v 9.679734304069743e-17 -0.411328952202234 1.5808205779509898
v -0.10050725470682717 -0.4520325948596537 1.5334443801077302
v -0.1945075715277135 -0.4870557512647644 1.4774316863878136
v -0.2813192995683448 -0.5164303938521851 1.4142876246171223
v -0.36051934144360687 -0.5403142941451206 1.3454764993788124
v -0.4319130135139904 -0.5589628687977332 1.2723747080393175
v -0.4954981562552427 -0.572701819925956 1.19623836896227
v -0.5514274749418354 -0.581902316453443 1.1181843039274826
v -0.5999721206930861 -0.5869597378045326 1.0391821961652723
v -0.6414885273622252 -0.5882763935882068 0.9600554267341049
v -0.6763896401905234 -0.586248181597138 0.8814881410232238
v -0.7051209761132031 -0.5812548514432208 0.8040363748268884
v -0.7281414579822454 -0.5736533796889324 0.7281414579822455
v -0.7459086472240645 -0.5637739022974699 0.6541443271582723
v -0.7588678269317295 -0.5519176592530053 0.5822997639136632
v -0.7674443215896568 -0.5383564566562489 0.5127899014786771
v -0.7720384453738309 -0.5233332224256481 0.4457366042613214
v -0.7730225197298597 -0.5070633083944793 0.3812125198239739
v -0.7707394715339528 -0.4897362650373698 0.3192507421656354
v -0.7655026010896648 -0.47151788037724734 0.25985311811087874
v -0.7575961853902667 -0.45255232976766835 0.2029972860642213
v -0.747276651360099 -0.43296432797742423 0.1486425678095809
v -0.7347741138121301 -0.41286121011249777 0.09673484724593238
v -0.7202941230289489 -0.39233489467280797 0.04721057106878258
v -0.7040195076420027 -0.3714637018843736 8.621752365710741e-17
v -0.6861122308445307 -0.3503140147488501 -0.04497017148943851
v -0.6667152031407291 -0.3289417802388788 -0.0877747216729651
v -0.64595401404113 -0.30739385477690645 -0.12848824215131407
v -0.623938559507072 -0.2857092024121068 -0.16718383314655763
v -0.6007645525304753 -0.2639199566233789 -0.2039320859306201
v -0.5765149118578451 -0.24205235794281554 -0.23880029540184883
v -0.551261029226924 -0.22012758000479454 -0.2718518551125665
v -0.525063919141454 -0.19816245647185718 -0.3031457950580785
v -0.49797525760730305 -0.17617012078226837 -0.3327364293455595
v -0.47003831773728993 -0.15416056995812732 -0.3606730865840519
v -0.44128881096858974 -0.1321411629145145 -0.3869999006015131
v -0.41175564302880086 -0.11011706289348312 -0.41175564302880074
v -0.38146159388856415 -0.0880916328616226 -0.43497358251416907
v -0.3504239308660917 -0.06606679198898877 -0.456681357955443
v -0.31865496388950415 -0.04404334069093177 -0.4769008552589953
v -0.286162551742603 -0.02202126117504501 -0.49564807884174555
v -0.2529505679692324 -2.0602102583597117e-17 -0.512933010460844
v -0.21901933503042398 0.022021261175044674 -0.5287594490523853
v -0.184366035329374 0.04404334069093172 -0.5431248261450679
v -0.14898510786979294 0.06606679198898872 -0.5560199921411972
v -0.11286863961851493 0.08809163286162237 -0.567428969376679
v -0.07600676112804713 0.11011706289348308 -0.5773286684332819
v -0.038388056663788334 0.13214116291451458 -0.585688564731488
v -1.0883503454128042e-16 0.15416056995812716 -0.5924703330356453
v 0.03917057177412877 0.176170120782268 -0.5976274382168042
v 0.07913693263290202 0.19816245647185715 -0.6011046815148202
v 0.11991187459107673 0.22012758000479446 -0.602837702706562
v 0.16150702956782756 0.24205235794281532 -0.6027524401266625
v 0.20393208593062004 0.26391995662337886 -0.6007645525304753
v 0.24719387662965367 0.2857092024121068 -0.5967788094948911
v 0.2912953125627032 0.30739385477690634 -0.5906884606169143
v 0.3362341311734096 0.3289417802388789 -0.5823745984311237
v 0.3820014263446616 0.35031401474885 -0.5717055360138574
v 0.42857992152216146 0.37146370188437355 -0.5585362280179736
v 0.4759419438961617 0.3923348946728081 -0.5427077737890126
v 0.5240470537080114 0.4128612101124977 -0.5240470537080116
v 0.572839279828022 0.43296432797742385 -0.5023665654868975
v 0.6222439113988393 0.4525523297676682 -0.4774645463219187
v 0.6721637965875954 0.47151788037724734 -0.4491254900625642
v 0.7224751047719976 0.4897362650373697 -0.41712119622291643
v 0.7730225197298597 0.5070633083944793 -0.381212519823974
v 0.8236138511362358 0.5233332224256481 -0.3411520272989648
v 0.8740140831012694 0.538356456656249 -0.29668780281529467
v 0.9239389255034043 0.5519176592530052 -0.24756868894431636
v 0.9730480009776604 0.5637739022974698 -0.1935512814485107
v 1.0209378923765093 0.5736533796889323 -0.1344090234129795
v 1.067135396727265 0.5812548514432206 -0.0699437491942177
v 1.1515841322803422 0.6621283301102749 0
v 1.2001071849780502 0.6639160055444715 0.07865918065290904
v 1.2452832393392543 0.6615795885951004 0.16394464866273567
v 1.2861473618495212 0.6545728301779598 0.2558306165445899
v 1.321617026949839 0.6423366696552089 0.3541262150744307
v 1.3505048702434206 0.6243201326096709 0.4584346298198598
v 1.371543249949387 0.6000081581678479 0.5681118155103079
v 1.3834231028217632 0.5689564617936813 0.6822287754225871
v 1.3848487713209392 0.5308326033717741 0.7995428109090665
v 1.374608918946018 0.48546114547204533 0.9184843151330702
v 1.3516612737372948 0.43286925775309854 1.0371661739446434
v 1.315225886305854 0.3733275970891698 1.1534221458090217
v 1.2648782940898482 0.3073801617174802 1.264878294089848
v 1.2006311974240673 0.23585656102459743 1.3690574925201648
v 1.1229919247115432 0.15986118967050308 1.4635115697798642
v 1.0329839695507645 0.08073633066419589 1.5459697615707462
v 0.9321246484312911 -3.506154780844494e-16 1.614487250070273
v 0.8223571022274555 -0.08073633066419687 1.6675752401184263
v 0.7059422358060328 -0.15986118967050403 1.7042953199349098
v 0.5853229690518535 -0.235856561024598 1.7243058638054536
v 0.46297758833240826 -0.30738016171748106 1.7278558824222556
v 0.34127993640524457 -0.3733275970891705 1.7157301021602833
v 0.22238161771332382 -0.43286925775309915 1.6891560873404499
v 0.10812629040978172 -0.4854611454720458 1.6496884016424507
v 9.79157544161066e-17 -0.5308326033717745 1.5990856218181333
v -0.1008841007021726 -0.5689564617936816 1.5391939389372313
v -0.19377236055266825 -0.6000081581678484 1.471847204600393
v -0.2782363997231962 -0.6243201326096711 1.3987888404753381
v -0.3541262150744306 -0.6423366696552091 1.3216170269498382
v -0.42151786793130974 -0.6545728301779599 1.2417515966443164
v -0.4806613891131833 -0.6615795885951002 1.1604192445061388
v -0.531932743802736 -0.6639160055444715 1.0786528997816762
v -0.5757920661401706 -0.6621283301102747 0.9973011131498353
v -0.6127490743719464 -0.6567353392477612 0.9170437957729999
v -0.643335657735163 -0.6482189274476717 0.8384113524139502
v -0.6680850523107397 -0.6370188776055454 0.7618049976288331
v -0.6875167240225144 -0.6235307978372369 0.6875167240225145
v -0.7021259741373377 -0.6081063363645721 0.6157479533743065
v -0.7123773058805628 -0.5910549430379619 0.5466263324258991
v -0.7187006851749002 -0.5726466031672112 0.48022044489183147
v -0.7214899550478002 -0.5531151113045975 0.41655241976445834
v -0.7211027966814643 -0.532661572462619 0.3556085458818456
v -0.7178617556617471 -0.5114579144812826 0.2973480751040567
v -0.7120559623414643 -0.48965026950945334 0.24171042896586975
v -0.7039432677526238 -0.4673621378976516 0.1886210301116413
v -0.6937525913828466 -0.44469728770359723 0.1379959703277348
v -0.6816863360586188 -0.42174237082693283 0.08974570871331802
v -0.6679227704619185 -0.3985692554367215 0.04377797126922169
v -0.6526183138708657 -0.3752370862448674 7.992269291468984e-17
v -0.6359096828204955 -0.35179409121940813 -0.04167972264979496
v -0.6179158774983644 -0.32827915698813814 -0.08135016857156713
v -0.5987399984663253 -0.3047231965497778 -0.11909679053982962
v -0.5784708930637507 -0.28115033278634277 -0.15500080864134205
v -0.5571846366474343 -0.25757892022788303 -0.1891386978832141
v -0.5349458574710523 -0.23402242595891218 -0.22158182929981446
v -0.5118089161207381 -0.2104901887474343 -0.2523962259869812
v -0.48781895146770743 -0.18698807360365582 -0.281642402945682
v -0.46301280541892914 -0.16351903715221397 -0.30937526566401324
v -0.43741983859592554 -0.14008361749979337 -0.33564404723205427
v -0.4110626486341171 -0.11668036073918753 -0.3604922676675824
v -0.3839577022034154 -0.09330619487061467 -0.38395770220341535
v -0.35611589120015275 -0.06995676074791465 -0.406072347694346
v -0.32754302291884657 -0.046626708669814866 -0.42686237816494915
v -0.2982402534286559 -0.023309968429288577 -0.44634808194014236
v -0.26820447288968813 -2.18068398693972e-17 -0.4645437738621688
v -0.23742865117629358 0.023309968429288848 -0.48145767687039626
v -0.20590215195126302 0.046626708669814824 -0.4970917677625441
v -0.17361102327761488 0.06995676074791476 -0.5114415823178404
v -0.1405382729851503 0.09330619487061492 -0.5244959751885657
v -0.10666413735092765 0.11668036073918765 -0.5362368300978532
v -0.07196635223402047 0.1400836174997935 -0.5466387159593876
v -0.036420436658130474 0.16351903715221427 -0.5556684846023006
v -1.0347374018147955e-16 0.18698807360365613 -0.5632848058913639
v 0.03732291453632466 0.21049018874743425 -0.5694376362374286
v 0.07557743554485952 0.23402242595891226 -0.5740676168690881
v 0.11479340111814369 0.2575789202278833 -0.5771053988766872
v 0.15500080864134205 0.2811503327863427 -0.5784708930637507
v 0.19622915311647604 0.30472319654977814 -0.5780724442036085
v 0.238506626164059 0.32827915698813853 -0.5758059316011204
v 0.28185914277283547 0.35179409121940824 -0.5715538011599516
v 0.326309156935433 0.3752370862448676 -0.565184038787136
v 0.3718742204762503 0.3985692554367216 -0.5565491013514933
v 0.4185652316556814 0.42174237082693306 -0.5454848300828411
v 0.46638431161512534 0.44469728770359745 -0.5318093829149632
v 0.5153222376409825 0.4673621378976516 -0.5153222376409827
v 0.5653553530148089 0.4896502695094533 -0.4958033378209492
v 0.6164418646373896 0.5114579144812826 -0.4730124792563425
v 0.6685174328772547 0.5326615724626191 -0.44668906772523037
v 0.7214899550478001 0.5531151113045976 -0.4165524197644589
v 0.7752334472804414 0.5726466031672114 -0.38230282863282994
v 0.8295809431986271 0.591054943037962 -0.3436236777591362
v 0.8843163570190946 0.6081063363645722 -0.3001849535726775
v 0.9391653105414103 0.6235307978372372 -0.2516485865188954
v 0.9937850068318835 0.6370188776055454 -0.19767612837534004
v 1.0477533588793302 0.6482189274476716 -0.13793934655204704
v 1.1005577607083 0.6567353392477612 -0.07213436666500601
v 1.2013681806203569 0.7245451773254181 0
v 1.257062004620231 0.7249318357242038 0.08239219675627493
v 1.3095097491454788 0.7202917651249404 0.17240022909004646
v 1.357547592069694 0.7099194744952969 0.27003300536913705
v 1.399848520073637 0.693096142515089 0.3750882804796332
v 1.4349379446090846 0.6691219486523522 0.4870957965022127
v 1.4612270482285614 0.6373592434249457 0.6052600610826749
v 1.4770679029572384 0.597286369258441 0.7284092802810124
v 1.4808329291549998 0.5485601168785236 0.854959290272501
v 1.4710183932247944 0.4910823724326975 0.9829030663391788
v 1.446367309891889 0.42506378315235965 1.1098366714105747
v 1.40600172599439 0.35107485991834236 1.2330304206242713
v 1.3495489548166766 0.27007372214887476 1.3495489548166764
v 1.2772425179030942 0.18340059709196227 1.456415960748131
v 1.1899781366431121 0.09273279407765851 1.5508097007996031
v 1.0893093737757091 8.602801040884705e-16 1.6302666861182615
v 0.9773764236187064 -0.09273279407765682 1.692865623827561
v 0.8567733462441748 -0.18340059709196066 1.7373644791542449
v 0.7303706313031617 -0.27007372214887315 1.763270683651092
v 0.6011180021637739 -0.3510748599183408 1.7708365308968261
v 0.4718545785365949 -0.42506378315235854 1.7609852608825713
v 0.3451496576419075 -0.49108237243269637 1.7351845045568772
v 0.22318916132485514 -0.5485601168785224 1.6952899900489438
v 0.10771301040292322 -0.5972863692584401 1.6433829672160838
v 9.684634005130874e-17 -0.6373592434249451 1.581620759858874
v -0.09910914111323466 -0.6691219486523518 1.5121132887442226
v -0.18916245123298447 -0.6930961425150886 1.4368314669261149
v -0.27003300536913727 -0.7099194744952968 1.3575475920696956
v -0.3418506424619891 -0.7202917651249404 1.2758039662682055
v -0.4049363384020452 -0.7249318357242036 1.1929039858210322
v -0.45974369889400174 -0.7245451773254182 1.1099194730854716
v -0.506809766476387 -0.7198014815595867 1.0277085413831166
v -0.5467156633088075 -0.7113204594032271 0.9469393061445748
v -0.5800565139136156 -0.6996641937283266 0.8681159213947721
v -0.6074195037615298 -0.6853343554702824 0.7916045092606399
v -0.6293686956090091 -0.6687728363146864 0.717657453954049
v -0.6464352205132985 -0.6503646253831231 0.6464352205132986
v -0.6591115851875956 -0.6304420293241754 0.5780253466953669
v -0.6678490215776928 -0.6092895759728938 0.512458578151907
v -0.6730570032932954 -0.5871491400613269 0.44972231170255916
v -0.6751042410700724 -0.5642249843964456 0.3897716153128642
v -0.6743206332466832 -0.5406885258733857 0.3325381359641344
v -0.6709997831185435 -0.5166827192170977 0.2779372105171061
v -0.665401803550106 -0.49232600929822956 0.225873476070455
v -0.6577562133499774 -0.46771584146098455 0.17624524618367987
v -0.6482647935085003 -0.4429317437247998 0.12894788476566119
v -0.6371043184050501 -0.41803800909326877 0.08387637474174033
v -0.6244291110941929 -0.3930860136584498 0.04092724622375452
v -0.6103733958265272 -0.36811620904216497 7.474918254836568e-17
v -0.5950534375390801 -0.34315982763278624 -0.039001862856422265
v -0.5785694691281993 -0.31824033722367734 -0.07617011563854126
v -0.5610074144132524 -0.2933746788361397 -0.11159131291848097
v -0.5424404189622468 -0.2685743182463951 -0.14534647220293365
v -0.5229302032380985 -0.2438461383744161 -0.17751088457746317
v -0.5025282534669391 -0.21919319644242485 -0.20815401806167041
v -0.48127686568477 -0.19461536679350666 -0.23733948496712653
v -0.45921005791354286 -0.1701098875378125 -0.2651250505509677
v -0.4363543645840405 -0.14567182678901194 -0.2915626649779051
v -0.41272952632257026 -0.12129448216751154 -0.3166985042830806
v -0.38834908716293803 -0.09696972546653092 -0.3405730088666191
v -0.3632209102103109 -0.07268830288274085 -0.3632209102103107
v -0.3373476218206078 -0.048440099982756064 -0.3846712381189572
v -0.31072699350257327 -0.024214379588627703 -0.40494730195921763
v -0.2833522700237118 -1.8693839534980644e-16 -0.4240666401818348
v -0.25521245162373957 0.024214379588627002 -0.44204093293653063
v -0.22629253782536976 0.04844009998275553 -0.45887587287690873
v -0.19657374009737244 0.07268830288274014 -0.4745709893494796
v -0.166033670586292 0.09696972546653038 -0.4891194211032639
v -0.13464651431253752 0.12129448216751099 -0.5025076324764403
v -0.1023831926510239 0.14567182678901128 -0.5147150677444202
v -0.069211526621133 0.17010988753781212 -0.5257137379804571
v -0.03509640953973826 0.1946153667935063 -0.5354677344203252
v -9.991880901667415e-17 0.2191931964424243 -0.5439326619791739
v 0.036118052003437415 0.24384613837441543 -0.5510549862959133
v 0.07330033059101841 0.2685743182463944 -0.5567712875508426
v 0.11159131291848089 0.2933746788361393 -0.5610074144132522
v 0.15103693948016075 0.31824033722367684 -0.5636775319596667
v 0.19168406909523975 0.3431598276327857 -0.5646830584393675
v 0.23357978613923105 0.3681162090421646 -0.5639114875935383
v 0.27677052061038404 0.39308601365844936 -0.5612350961819836
v 0.32130093322700615 0.4180380090932685 -0.5565095408684697
v 0.3672125077568967 0.44293174372479927 -0.5495723552318177
v 0.4145417810357479 0.467715841460984 -0.5402413671485701
v 0.46331812756314683 0.4923260092982291 -0.528313070093163
v 0.5135610002400695 0.5166827192170972 -0.5135610002400698
v 0.5652765120421599 0.540688525873385 -0.4957341961436166
v 0.6184532259183416 0.564224984396445 -0.4745558510497929
v 0.6730570032932951 0.5871491400613267 -0.44972231170255894
v 0.7290247474933995 0.6092895759728931 -0.42090263421121366
v 0.7862568708157738 0.6304420293241749 -0.3877389795284849
v 0.8446083183143683 0.6503646253831225 -0.34984822033894414
v 0.9038780057211012 0.6687728363146862 -0.3068252385349629
v 0.9637965845345077 0.685334355470282 -0.2582485164938955
v 1.0240125493339964 0.6996641937283263 -0.20368876041450457
v 1.0840768700401822 0.711320459403227 -0.14272142751751685
v 1.1434265877622227 0.7198014815595866 -0.07494413803694766
v 1.2604240416176298 0.7562842621767651 0
v 1.3214466627884902 0.753021783547504 0.08661219020479806
v 1.3789144590695361 0.7437988312589583 0.1815375324958773
v 1.4314445091334576 0.727805882976814 0.2847320160843485
v 1.4774602972529227 0.7042403407911378 0.3958842934979671
v 1.5152175960846805 0.6723536525937669 0.5143470660956712
v 1.5428550376550902 0.631511860289497 0.6390714813723907
v 1.5584739704883146 0.5812678363499142 0.7685543101351581
v 1.5602493238749604 0.5214405029327507 0.9008103671421397
v 1.5465682929712958 0.4521928047089465 1.0333838954467356
v 1.516186979614798 0.37409686504595163 1.1634111882807403
v 1.4683877789719535 0.2881727430540917 1.2877415207046137
v 1.4031143024946422 0.19588782682166922 1.4031143024946418
v 1.321058484092929 0.09910807670921434 1.5063784945660958
v 1.223678307498435 2.444787026574335e-16 1.5947286185273433
v 1.1131347966903238 -0.09910807670921352 1.665923951350216
v 0.9921516380737943 -0.1958878268216684 1.7184570459564994
v 0.8638160696396131 -0.28817274305409124 1.7516457094438902
v 0.7313508470932439 -0.3740968650459512 1.7656371339055605
v 0.5978908643105383 -0.45219280470894585 1.7613296893446204
v 0.4662937580843596 -0.52144050293275 1.740231996423061
v 0.3390037122064079 -0.5812678363499139 1.7042867503525392
v 0.21797538112490147 -0.6315118602894967 1.655687397652301
v 0.10465394347664517 -0.6723536525937668 1.5967106250039957
v 9.365972907305865e-17 -0.7042403407911376 1.5295794532475517
v -0.09545509306394155 -0.7278058829768137 1.4563632887847517
v -0.18153753249587715 -0.743798831258958 1.378914459069537
v -0.25835461202655435 -0.7530217835475042 1.2988363440139488
v -0.3262217468757351 -0.7562842621767654 1.2174761338741165
v -0.3855979536481541 -0.7543686560921575 1.1359349413947124
v -0.4370320865045586 -0.7480076247432721 1.0550887904315172
v -0.48112022510348484 -0.7378708177461529 0.9756153047497681
v -0.5184734258119917 -0.7245586963141939 0.8980223158806632
v -0.5496944358304311 -0.708601451516536 0.8226758603689788
v -0.5753617583088539 -0.6904613503069688 0.7498260419906279
v -0.5960194936502909 -0.6705372045321394 0.6796299773158377
v -0.6121715527023444 -0.6491699951128429 0.6121715527023446
v -0.6242790629448662 -0.626648967895304 0.5474780445418216
v -0.6327600209224473 -0.6032177427738326 0.4855338409679257
v -0.6379904569345464 -0.579080147378979 0.42629159452003623
v -0.6403065598451904 -0.554405609290797 0.36968116469050377
v -0.6400073580637909 -0.529334025958036 0.31561670125553765
v -0.6373576692984326 -0.503980088276273 0.2640021907059169
v -0.6325911207891326 -0.4784370697375982 0.21473575007102738
v -0.625913108229805 -0.45278011429813536 0.1677129118822303
v -0.6175036101387945 -0.4270690672561696 0.12282910495819321
v -0.6075198091262208 -0.40135089790760714 0.07998150020528497
v -0.5960984957262131 -0.3756617629879631 0.03907035958885052
v -0.5833582469269606 -0.350028757620071 7.144078098553135e-17
v -0.5694013823512103 -0.3244713968157726 -0.03732053833108168
v -0.5543157078198152 -0.2990028662858985 -0.07297704738640394
v -0.5381760599714993 -0.27363107687747723 -0.1070498741559878
v -0.5210456675971736 -0.2483595526720025 -0.13961376585239763
v -0.5029773460191937 -0.2231881788079659 -0.1707378022180131
v -0.4840145406655787 -0.19811383151552922 -0.20048538712946654
v -0.46419223528260173 -0.1731309096991886 -0.2289142776288619
v -0.4435377392242355 -0.1482317846716627 -0.25607663313687046
v -0.4220713671106195 -0.12340718230710092 -0.2820190711807099
v -0.39980702296645926 -0.0986465099133791 -0.30678271870568796
v -0.37675269980512394 -0.07393813848811057 -0.3304032500980695
v -0.35291090456192925 -0.04926964968812287 -0.35291090456192914
v -0.3282790173314183 -0.024628055777596528 -0.37433047656847945
v -0.30284959304895887 -1.9012946059493177e-16 -0.3946812738160366
v -0.2766106130916777 0.02462805577759631 -0.41397703756743887
v -0.24954569377041882 0.049269649688122495 -0.43222582042038915
v -0.22163425835621264 0.07393813848811036 -0.4494298165550533
v -0.19285167914753834 0.09864650991337853 -0.4655851393244108
v -0.16316939615881698 0.12340718230710052 -0.48068154073297276
v -0.13255501932310657 0.14823178467166265 -0.49470206691210833
v -0.10097242168817626 0.1731309096991882 -0.5076226431685519
v -0.06838183199111351 0.19811383151552903 -0.5194115815821806
v -0.03473993628132579 0.22318817880796585 -0.5300290034912416
v -9.909097960719302e-17 0.24835955267200216 -0.5394261685692235
v 0.035887975790596785 0.2736310768774768 -0.5475447016243633
v 0.07297704738640366 0.2990028662858983 -0.5543157078198152
v 0.11132305023519251 0.32447139681577236 -0.5596587668312929
v 0.15098422442231613 0.35002875762007063 -0.5634807966854666
v 0.19202071282017885 0.37566176298796294 -0.5656747788734144
v 0.2344938935525434 0.40135089790760703 -0.5661183381082227
v 0.27846549942257104 0.4270690672561691 -0.5646721732037208
v 0.3239964659783777 0.45278011429813514 -0.5611783405473113
v 0.3711454366441361 0.47843706973759775 -0.5554583992686138
v 0.41996683755632536 0.503980088276273 -0.5473114384552843
v 0.4705084162235428 0.5293340259580359 -0.5365120229314849
v 0.5228081168591919 0.5544056092907967 -0.5228081168591922
v 0.5768901415251702 0.5790801473789787 -0.5059190758501353
v 0.6327600209224468 0.6032177427738322 -0.48553384096792535
v 0.6903984934980688 0.6266489678953039 -0.46130952500707556
v 0.7497539695840215 0.6491699951128426 -0.43287065616532583
v 0.8107333436186773 0.6705372045321393 -0.3998094401366164
v 0.8731909200568632 0.6904613503069686 -0.3616875216285944
v 0.9369152491747762 0.7086014515165358 -0.318039871526419
v 1.001613744472744 0.7245586963141937 -0.2683815939593846
v 1.0668950966214739 0.7378708177461528 -0.21221862941472683
v 1.1322497390141686 0.7480076247432722 -0.14906350603389254
v 1.1970289910340128 0.7543686560921573 -0.07845742516259963
v 1.3233913399323125 0.7438484117208929 0
v 1.3860534704634222 0.7342884155658556 0.09084674410125121
v 1.4442325059909755 0.7180466141684484 0.19013681651061556
v 1.4963540725219433 0.6943499261583754 0.2976433310035322
v 1.5406641552540106 0.6624818800982573 0.41281971620788993
v 1.57527590865525 0.6218412612611709 0.5347341160778988
v 1.5982453950535118 0.5720115330304897 0.6620149186315099
v 1.6076783400874655 0.5128363867323411 0.792819219943733
v 1.6018653315262728 0.4444934879522305 0.9248373803622225
v 1.579436460740951 0.36755543026797843 1.0553457030179667
v 1.5395192269256328 0.28302514613637175 1.1813146513325432
v 1.4818774770586194 0.19233374355734434 1.2995716684194982
v 1.4070066336434024 0.09729275600763711 1.4070066336434022
v 1.3161635146741435 5.713521593812986e-16 1.5007968516995576
v 1.2113182785267882 -0.0972927560076363 1.5786207151624412
v 1.095029828224383 -0.1923337435573436 1.638827951211212
v 0.9702607581890847 -0.2830251461363711 1.6805409297737948
v 0.8401592471560636 -0.36755543026797777 1.7036744189587834
v 0.7078398861931074 -0.4444934879522297 1.7088766532360276
v 0.5761924095653373 -0.5128363867323402 1.6974081029198225
v 0.44773840358044475 -0.5720115330304893 1.6709824706619991
v 0.3245446255339481 -0.6218412612611706 1.6315960129040112
v 0.20819096063287912 -0.662481880098257 1.58136734545939
v 0.09978355174637997 -0.6943499261583754 1.5224028066332385
v 8.919682700435904e-17 -0.7180466141684482 1.456694731353748
v -0.09084674410125138 -0.7342884155658556 1.3860534704634229
v -0.1727372324183565 -0.7438484117208929 1.312069543562494
v -0.24587557686312722 -0.7475102567536612 1.2360999977132243
v -0.3106261113831386 -0.74603455942102 1.1592724298394221
v -0.36745944769684386 -0.7401362712783 1.082500625937764
v -0.41690878033806833 -0.7304711045910176 1.0065068317645902
v -0.459536035300389 -0.7176288998146132 0.9318468975746285
v -0.495906751757131 -0.7021320333509352 0.8589356898597978
v -0.5265722864451533 -0.6844372586335891 0.7880711183537598
v -0.5520578936587469 -0.6649397117154519 0.7194558542933511
v -0.5728553480198018 -0.6439781309013907 0.6532163315590981
v -0.5894189627336242 -0.6218406120600012 0.5894189627336243
v -0.6021640619180462 -0.5987704390263524 0.5280837091622398
v -0.6114671624435335 -0.5749716943143044 0.4691952560058385
v -0.6176672940239867 -0.5506144763931727 0.4127120912082464
v -0.6210680308773793 -0.5258396347512136 0.35857379481212565
v -0.6219399243189939 -0.5007629912511633 0.30670682894416734
v -0.6205231160511786 -0.47547905311808836 0.25702909043441224
v -0.6170299806315942 -0.450064245128492 0.20945345477178107
v -0.6116476967280715 -0.42457970069121326 0.16389050639064318
v -0.6045406840493986 -0.3990736568684852 0.12025061864158397
v -0.595852869482494 -0.37358349939151636 0.07844551846198693
v -0.585709764589512 -0.3481375020733543 0.03838944617589465
v -0.5742203493022063 -0.32275630187221044 7.032171127782221e-17
v -0.5614787650048515 -0.2974541469828281 -0.036801262555641256
v -0.5475658254443078 -0.27223995122921946 -0.07208840851324726
v -0.5325503569616196 -0.2471181840062085 -0.10593085225211772
v -0.516490381079584 -0.22208962124769846 -0.13839318050871713
v -0.4994341529978855 -0.19715197947909327 -0.16953505025695503
v -0.48142106939705714 -0.17230045197769417 -0.19941113615641998
v -0.46248245838810365 -0.14752816342225633 -0.2280711089738061
v -0.44264226364475007 -0.1228265571457613 -0.2555596300700018
v -0.42191763384450004 -0.09818572718817187 -0.2819163498963513
v -0.40031942760896233 -0.07359470574882829 -0.3071759006166463
v -0.3778526432321705 -0.049041715331372325 -0.33136787459421285
v -0.3545167816583539 -0.02451439382995888 -0.3545167816583537
v -0.3303061504463653 -1.8925268996838426e-16 -0.3766419788726909
v -0.30521011585798374 0.024514393829958504 -0.3977575670339282
v -0.2792133097494167 0.04904171533137212 -0.4178722483838812
v -0.25229579764673815 0.07359470574882775 -0.43698914006026635
v -0.2244332142657822 0.09818572718817145 -0.4551055376746726
v -0.19559687281828206 0.12282655714576092 -0.47221262311566115
v -0.16575385475793902 0.14752816342225597 -0.4882951102541677
v -0.13486708720009272 0.17230045197769395 -0.5033308216995686
v -0.10289541614454831 0.1971519794790928 -0.5172901891422101
v -0.06979368490394453 0.22208962124769804 -0.5301356691513797
v -0.03551282886668078 0.24711818400620847 -0.5418210656154798
v -1.0145416476166781e-16 0.2722399512292193 -0.5522907493671054
v 0.03680126255564096 0.29745414698282757 -0.5614787650048513
v 0.07495079568968474 0.32275630187221 -0.5693078146119467
v 0.11451148446004901 0.3481375020733541 -0.5756881081279596
v 0.15554881235388232 0.3735834993915159 -0.5805160707616873
v 0.1981302514602931 0.39907365686848484 -0.583672899328793
v 0.24232444522303487 0.42457970069121304 -0.5850229621519865
v 0.28820012528792793 0.4500642451284917 -0.5844120417120804
v 0.33582469045746394 0.47547905311808814 -0.5816654263084184
v 0.38526235961593586 0.5007629912511629 -0.5765858675393142
v 0.4365717914698186 0.5258396347512133 -0.5689514357102077
v 0.48980304200306934 0.5506144763931726 -0.5585133269501606
v 0.5449937059293114 0.5749716943143038 -0.5449937059293117
v 0.6021640619180454 0.5987704390263519 -0.5280837091622397
v 0.661311014626445 0.621840612060001 -0.5074417889706206
v 0.7224006025596359 0.6439781309013906 -0.4826926506503783
v 0.7853588244687456 0.6649397117154516 -0.4534271287174788
v 0.8500605361672383 0.6844372586335888 -0.41920346526059166
v 0.916316195965137 0.7021320333509349 -0.3795505957908832
v 0.983856307063151 0.717628899814613 -0.33397421354218015
v 1.0523135418912708 0.7304711045910176 -0.2819665637341003
v 1.1212027655230805 0.7401362712782997 -0.22302109640281612
v 1.1898995370195884 0.7460345594210201 -0.15665324592671495
v 1.2576181936848072 0.7475102567536613 -0.0824286513135469
v 1.3784919399095634 0.6841519802114182 0
v 1.4377683304732898 0.6668012065792338 0.09423631510530321
v 1.4911285646998225 0.6426240968446112 0.19631079976664043
v 1.536937607660244 0.6110610779206302 0.3057158980545271
v 1.5734548278270533 0.5716679710279794 0.4216059504431101
v 1.5989030972204643 0.5241714925002288 0.5427544658613288
v 1.6115626426667031 0.46852725678337265 0.6675311032063744
v 1.6098866730562318 0.4049738981396506 0.7939082492464343
v 1.5926308981516981 0.33407508763224675 0.9195058777675982
v 1.5589838470491635 0.2567404596008444 1.0416797034594987
v 1.508680748703147 0.17421747609467225 1.1576514547242287
v 1.44208226261781 0.08804944066535061 1.2646722020151588
v 1.3602018348331266 -8.267278448890248e-17 1.3602018348331264
v 1.264672202015159 -0.08804944066535078 1.4420822626178098
v 1.1576514547242287 -0.1742174760946727 1.508680748703147
v 1.041679703459499 -0.2567404596008446 1.5589838470491635
v 0.9195058777675985 -0.33407508763224664 1.592630898151698
v 0.7939082492464341 -0.4049738981396507 1.6098866730562316
v 0.6675311032063744 -0.46852725678337276 1.6115626426667031
v 0.542754465861329 -0.5241714925002289 1.598903097220464
v 0.4216059504431101 -0.5716679710279797 1.5734548278270533
v 0.30571589805452715 -0.6110610779206305 1.5369376076602435
v 0.19631079976664062 -0.6426240968446112 1.4911285646998225
v 0.09423631510530318 -0.6668012065792339 1.4377683304732898
v 8.440828709303361e-17 -0.6841519802114183 1.3784919399095634
v -0.08617547452645195 -0.6953025582272598 1.314783669110886
v -0.1642960774011351 -0.7009056092893771 1.2479526056242838
v -0.2345424716232597 -0.7016095771417439 1.17912463017242
v -0.29722165858554633 -0.6980366241449554 1.109246330951149
v -0.3527258380222494 -0.6907680735590399 1.039096811462352
v -0.40149889717827425 -0.6803359135524543 0.9693040828456305
v -0.44401015796872895 -0.6672189340099398 0.9003635328061302
v -0.48073457213406623 -0.6518422170418795 0.8326567038910886
v -0.5121383668116594 -0.6345789153104987 0.766469231052422
v -0.538669120239078 -0.6157534775725286 0.7020072650616167
v -0.560749321162013 -0.5956456888469719 0.6394120536010833
v -0.5787725870195444 -0.5744950696301995 0.5787725870195445
v -0.593101853042039 -0.5525053208209373 0.5201363652752574
v -0.6040689778807291 -0.52984861031473 0.4635184293287493
v -0.6119753312446687 -0.5066695780661605 0.40890884327127447
v -0.617093031119036 -0.4830889941148422 0.35627882763161745
v -0.619666581900306 -0.45920704376876587 0.30558574052858845
v -0.6199147315551026 -0.435106240323484 0.25677708932500004
v -0.6180324179132153 -0.41085398204440077 0.2097937363762708
v -0.6141927139105391 -0.3865047795334311 0.1645724416894087
v -0.6085487113730832 -0.3621021842230438 0.1210478648450604
v -0.6012353048796027 -0.3376804501979576 0.0791541295251191
v -0.5923708531317792 -0.3132659609928983 0.03882603698507375
v -0.5820587065451884 -0.28887845126487477 7.128163318864136e-17
v -0.5703885976042458 -0.2645320508460135 -0.03738524383730965
v -0.557437895800044 -0.240236176018516 -0.07338809123193842
v -0.5432727323836952 -0.21599629015562033 -0.10806366533125626
v -0.527949002244901 -0.19181455328869645 -0.14146350879633798
v -0.5115132513606104 -0.16769037777551202 -0.17363535163941166
v -0.49400345874529 -0.14362090510142034 -0.2046229324715168
v -0.47544972188908546 -0.11960141696018024 -0.23446585565745798
v -0.4558748544517361 -0.09562569213434602 -0.26319946993449134
v -0.43529490460433473 -0.07168631931726385 -0.2908547564517353
v -0.41371960196243074 -0.04777497487572801 -0.31745821604168606
v -0.39115274059467103 -0.02388267362886742 -0.3430317469366379
v -0.3675925051676918 -2.234219597505004e-17 -0.36759250516769176
v -0.343031746936638 0.023882673628867375 -0.3911527405946709
v -0.31745821604168634 0.04777497487572781 -0.41371960196243046
v -0.2908547564517354 0.07168631931726381 -0.43529490460433456
v -0.2631994699344915 0.09562569213434596 -0.45587485445173587
v -0.23446585565745812 0.11960141696018022 -0.4754497218890854
v -0.20462293247151714 0.14362090510142012 -0.4940034587452897
v -0.1736353516394118 0.167690377775512 -0.5115132513606103
v -0.14146350879633812 0.1918145532886964 -0.527949002244901
v -0.10806366533125644 0.21599629015562027 -0.5432727323836952
v -0.07338809123193835 0.24023617601851607 -0.557437895800044
v -0.03738524383730958 0.26453205084601367 -0.5703885976042459
v -1.0692244978296204e-16 0.28887845126487477 -0.5820587065451884
v 0.038826036985073295 0.313265960992898 -0.5923708531317792
v 0.07915412952511892 0.3376804501979576 -0.6012353048796027
v 0.12104786484506021 0.3621021842230438 -0.6085487113730832
v 0.1645724416894082 0.3865047795334309 -0.6141927139105391
v 0.20979373637627063 0.41085398204440077 -0.6180324179132154
v 0.25677708932500015 0.43510624032348416 -0.6199147315551026
v 0.30558574052858817 0.45920704376876564 -0.619666581900306
v 0.35627882763161767 0.48308899411484224 -0.617093031119036
v 0.40890884327127425 0.5066695780661605 -0.6119753312446689
v 0.4635184293287491 0.52984861031473 -0.6040689778807292
v 0.5201363652752575 0.5525053208209373 -0.5931018530420389
v 0.5787725870195443 0.5744950696301995 -0.5787725870195445
v 0.6394120536010828 0.5956456888469718 -0.5607493211620134
v 0.7020072650616164 0.6157534775725285 -0.5386691202390781
v 0.7664692310524216 0.6345789153104986 -0.5121383668116595
v 0.8326567038910878 0.6518422170418794 -0.48073457213406673
v 0.9003635328061301 0.6672189340099398 -0.4440101579687292
v 0.9693040828456299 0.6803359135524542 -0.4014988971782748
v 1.0390968114623516 0.6907680735590397 -0.3527258380222499
v 1.1092463309511493 0.6980366241449556 -0.2972216585855462
v 1.1791246301724199 0.701609577141744 -0.23454247162326033
v 1.2479526056242833 0.700905609289377 -0.16429607740113544
v 1.3147836691108865 0.6953025582272597 -0.08617547452645152
v 1.412907137803098 0.5889782532197017 0
v 1.4641782208989762 0.5647344892654109 0.09596731077637372
v 1.5080923131269253 0.5342822118276592 0.19854411961551274
v 1.543159792138337 0.4973697299917594 0.3069535674993376
v 1.56789087677098 0.4538896457361117 0.420115094250909
v 1.5808711608949315 0.40391556466630296 0.5366334482800735
v 1.5808501750531572 0.34773383420410137 0.6548095825868991
v 1.5668366960631297 0.28586535614807634 0.7726783500015331
v 1.5381915828533168 0.21907252349008147 0.8880753244255788
v 1.4947068569873956 0.14834731846443477 0.9987311917904743
v 1.436659378662809 0.07487866140386602 1.102387513781058
v 1.3648293577552097 4.3940183888089644e-16 1.19692322275284
v 1.2804781139949624 -0.07487866140386516 1.2804781139949621
v 1.1852853025221735 -0.1483473184644337 1.3515588531045477
v 1.0812520071293976 -0.2190725234900804 1.409115050126511
v 0.9705812073715814 -0.28586535614807534 1.4525774280871366
v 0.8555499496542018 -0.3477338342041005 1.4818559812140721
v 0.7383875677606956 -0.4039155646663024 1.497301868341417
v 0.6211717773421123 -0.4538896457361111 1.4996413294227275
v 0.5057503088324812 -0.4973697299917589 1.489892365840183
v 0.3936910942975747 -0.5342822118276586 1.469275166405939
v 0.28625990503457244 -0.5647344892654107 1.4391257255925005
v 0.1844213886579703 -0.5889782532197011 1.4008195213732602
v 0.08885787880487515 -0.6073720497921075 1.3557092498356156
v 7.991298163002948e-17 -0.6203462793846655 1.305078030427516
v -0.08193637611021158 -0.6283726374446583 1.2501075254626621
v -0.15691123440939886 -0.6319389706930035 1.1918591540979735
v -0.225022789523243 -0.6315297249108557 1.1312659563985226
v -0.2864731973080564 -0.6276116202204917 1.0691325273603698
v -0.341538720356771 -0.620623880376897 1.0061406255451766
v -0.3905447443177894 -0.6109722128049372 0.9428584184455402
v -0.4338455496501949 -0.5990257303241778 0.8797517461363521
v -0.4718084426778419 -0.5851160747262066 0.8171961941579708
v -0.5048016953374754 -0.5695381089408758 0.7554891262453749
v -0.5331856911648163 -0.5525516624921925 0.6948611211618637
v -0.5573066890936491 -0.5343839283092174 0.6354864840862348
v -0.5774926684770882 -0.515232209220219 0.5774926684770884
v -0.594050788519746 -0.49526679621729797 0.5209685593541052
v -0.6072660699986906 -0.4746338275808331 0.4659716443939159
v -0.6174009788892086 -0.45345802966868154 0.4125341451242332
v -0.6246956560966425 -0.4318452788428244 0.3606682052089863
v -0.6293685931510007 -0.4098849520467249 0.3103702430001728
v -0.6316176001698157 -0.38765205323790486 0.26162457622388463
v -0.6316209502095291 -0.36520911620414936 0.21440642153595701
v -0.6295386142962924 -0.3426078928862984 0.16868436330489978
v -0.6255135250890757 -0.3198908414996916 0.12442237610346334
v -0.6196728254042001 -0.29709243149809345 0.08158147515150121
v -0.612129071746993 -0.27424028351904534 0.04012105905217536
v -0.6029813734460536 -0.2513561624499103 7.384392089361845e-17
v -0.5923164557198622 -0.22845684106616315 -0.038822471590328374
v -0.5802096406408592 -0.20555485060630985 -0.07638604831465463
v -0.5667257439957174 -0.18265913336164766 -0.11272875939318622
v -0.5519198888671715 -0.15977561100971102 -0.14788648850863334
v -0.5358382386925641 -0.13690768109703597 -0.181892572186041
v -0.5185186538287437 -0.11405665283628498 -0.21477745875930554
v -0.4999912764590032 -0.09122213225859084 -0.24656841104131055
v -0.48027904915961434 -0.06840236577269511 -0.27728923831844093
v -0.4593981727124765 -0.04559455033658951 -0.30696004530563714
v -0.4373585088929799 -0.022795117747380647 -0.3355969872958193
v -0.4141639340464781 -1.7598966586084923e-16 -0.3632120219792458
v -0.3898126493478125 0.022795117747380144 -0.38981264934781235
v -0.3642974537623554 0.04559455033658901 -0.4154016317828635
v -0.3376059859349476 0.06840236577269478 -0.4399766868934947
v -0.30972094156344976 0.0912221322585905 -0.46353014596204006
v -0.2806202733051722 0.11405665283628444 -0.48604857099842197
v -0.2502773809583548 0.1369076810970356 -0.507512323438781
v -0.218661300602848 0.15977561100971033 -0.527895077481535
v -0.18573690262625595 0.18265913336164727 -0.5471632709755205
v -0.15146511016443165 0.2055548506063097 -0.5652754867076764
v -0.11580315151845254 0.22845684106616265 -0.5821817569413485
v -0.07870486265553031 0.25135616244991 -0.5978227842072122
v -0.04012105905217512 0.27424028351904517 -0.6121290717469929
v -1.148143036060971e-16 0.2970924314980931 -0.6250199577872046
v 0.041712026815678885 0.31989084149969094 -0.6364025491491379
v 0.08506996701317263 0.34260789288629795 -0.6461705518097005
v 0.1301290673201109 0.36520911620414903 -0.6542029992118965
v 0.17694370141693766 0.38765205323790436 -0.6603628837673098
v 0.225565896578971 0.40988495204672454 -0.6644957035868484
v 0.2760434934286631 0.43184527884282425 -0.6664279456403261
v 0.3284178594773176 0.4534580296686813 -0.6659655390506865
v 0.3827210645988879 0.47463382758083295 -0.662892329012124
v 0.43897241369814227 0.49526679621729747 -0.6569686439918194
v 0.49717421959134733 0.5152322092202184 -0.6479300576939693
v 0.5573066890936491 0.5343839283092173 -0.6354864840862345
v 0.619321789930414 0.5525516624921922 -0.6193217899304142
v 0.6831359689211383 0.5695381089408753 -0.5990941657675906
v 0.7486216079521427 0.5851160747262064 -0.5744375635658842
v 0.8155971403840674 0.5990257303241776 -0.5449645863527014
v 0.8838158156035129 0.610972212804937 -0.5102712990527375
v 0.9529532043523175 0.6206238803768969 -0.4699445139482201
v 1.0225936947613083 0.6276116202204917 -0.42357217716734763
v 1.09221645143924 0.6315297249108556 -0.37075752604169393
v 1.1611816078677646 0.6319389706930035 -0.31113767409404003
v 1.2287178391067093 0.6283726374446585 -0.24440717421833388
v 1.2939129069592137 0.6203462793846658 -0.17034686586174835
v 1.3557092498356154 0.6073720497921077 -0.08885787880487481
v 1.4222065122448657 0.4812004286056953 0
v 1.4632481264401858 0.45279749411100245 0.09590634916479931
v 1.4959744290970491 0.4193163753565817 0.19694876991750512
v 1.5191912176098028 0.3807680945048823 0.3021859215971511
v 1.5317890930325853 0.3372959061367886 0.41044165045288306
v 1.53280685376802 0.28919109131838844 0.5203178145265261
v 1.5214968982610897 0.23690169645423198 0.6302246503683405
v 1.497386734793823 0.18103189475671216 0.7384294192635233
v 1.4603298849985582 0.12233035180486981 0.8431218522095726
v 1.4105396012084919 0.06166711688246269 0.9424924294667212
v 1.3486000900989352 -5.785136366428596e-17 1.0348172451237707
v 1.2754522913679063 -0.06166711688246259 1.1185416391998337
v 1.1923543581279021 -0.12233035180486951 1.192354358127902
v 1.1008202518067947 -0.18103189475671186 1.2552449219106192
v 1.0025426404891609 -0.23690169645423192 1.3065390064406934
v 0.899308021148295 -0.2891910913183884 1.3459095668618357
v 0.7929123807143004 -0.3372959061367884 1.3733645293475647
v 0.6850848062815568 -0.38076809450488236 1.3892145604896449
v 0.5774245765558689 -0.41931637535658156 1.39402624396872
v 0.4713549023966783 -0.45279749411100234 1.3885667658875653
v 0.3680941314378026 -0.4812004286056953 1.373746000493816
v 0.2686432752628086 -0.5046261090405325 1.3505609470227522
v 0.1737873692279718 -0.5232650848225029 1.32004612455305
v 0.08410747523005094 -0.5373751753042039 1.283232096954401
v 7.599625365255642e-17 -0.5472606184558344 1.2411130083460469
v -0.0782997278953867 -0.5532536929212193 1.1946229956770404
v -0.15069216779369252 -0.5556993108590209 1.1446206532744103
v -0.21718850202133178 -0.5549427013426841 1.0918803334474962
v -0.27788713859061664 -0.5513200373969463 1.0370889199901152
v -0.3329526024538672 -0.545151695011068 0.980846737845392
v -0.3825972195223333 -0.5367377505970575 0.9236713962970533
v -0.4270656901685369 -0.5263553022568195 0.8660035511338752
v -0.4666224402760595 -0.5142572192575031 0.8082137745099094
v -0.5015415104778141 -0.5006719663562146 0.750609914797051
v -0.532098678661213 -0.4858042024632373 0.6934444988865721
v -0.5585654891783464 -0.46983590802195185 0.6369218704823548
v -0.5812048695018759 -0.45292784715198564 0.581204869501876
v -0.6002680397128584 -0.43522121625085186 0.5264209423149785
v -0.6159924537656097 -0.4168393692727665 0.47266763416573465
v -0.6286005481844804 -0.39788954126627607 0.42001745808123064
v -0.6382991100276312 -0.37846451652845714 0.3685221629979513
v -0.6452791094546573 -0.3586442067872669 0.3182164413411175
v -0.6497158719772275 -0.33849711910656755 0.2691211258620292
v -0.6517694910792133 -0.3180817036387607 0.22124592954405412
v -0.6515854034265577 -0.29744757875058403 0.17459178264805358
v -0.6492950666568631 -0.2766366361201536 0.1291528188366497
v -0.6450166941746218 -0.2556840317254005 0.08491805877365444
v -0.6388560129495656 -0.23461907067822999 0.041872835329051235
v -0.6309070194824906 -0.21346599496729474 7.72638261968829e-17
v -0.6212527162880439 -0.1922446836335511 -0.04071905430889103
v -0.6099658168212169 -0.17097127492698377 -0.08030352322744931
v -0.5971094110649571 -0.14965871973631475 -0.11877244653960405
v -0.5827375872709823 -0.12831727516051114 -0.1561440659085203
v -0.5668960078291242 -0.10695494658386594 -0.19243526419024182
v -0.5496224391167746 -0.08557788608369103 -0.22766106846674866
v -0.5309472365997604 -0.06419075448182708 -0.2618342011931323
v -0.510893787541776 -0.04279705387592573 -0.29496466576455194
v -0.4894789145312954 -0.021399437072196666 -0.3270593544017376
v -0.4667132437349059 -1.652218590341211e-16 -0.35812166756499547
v -0.442601542402876 0.021399437072196485 -0.38815113517161287
v -0.41714303074507625 0.042797053875925695 -0.4171430307450761
v -0.3903316739147868 0.06419075448182689 -0.445087970300533
v -0.3621564605317185 0.08557788608369087 -0.47197148830329994
v -0.33260167498887955 0.1069549465838659 -0.49777358346055117
v -0.30164717176564515 0.1283172751605108 -0.522468227457553
v -0.269268661157702 0.14965871973631473 -0.5460228300700272
v -0.23543801728224406 0.1709712749269836 -0.5683976544210237
v -0.20012362097604403 0.1922446836335509 -0.5895451765611519
v -0.16329075233093562 0.21346599496729468 -0.6094093841051982
v -0.12490205016533057 0.2346190706782298 -0.6279250094436488
v -0.08491805877365446 0.25568403172540044 -0.6450166941746217
v -0.043297885889553654 0.2766366361201536 -0.6605980830095467
v -1.2391665440965255e-16 0.2974475787505838 -0.6745708476704094
v 0.04501679999985493 0.31808170363876037 -0.6868236444381062
v 0.09179220429702695 0.3384971191065674 -0.6972310133052515
v 0.1403629561075264 0.35864420678726683 -0.7056522324708943
v 0.19076110865249019 0.3784645165284569 -0.7119301495992617
v 0.2430119166209185 0.397889541266276 -0.7158900213378276
v 0.29713129641766245 0.4168393692727665 -0.7173384056170203
v 0.353122782837421 0.4352212162508516 -0.7160621678664938
v 0.41097390448341903 0.45292784715198564 -0.7118276831502403
v 0.4706518974908851 0.46983590802195174 -0.7043803419943063
v 0.5320986786612129 0.4858042024632373 -0.6934444988865721
v 0.5952250073499648 0.5006719663562146 -0.6787240393188072
v 0.6599037835460326 0.514257219257503 -0.659903783546033
v 0.7259624615727852 0.5263553022568194 -0.6366519918156172
v 0.7931746096721585 0.5367377505970574 -0.6086242841811252
v 0.8612507210847379 0.5451516950110679 -0.5754693337214142
v 0.9298284881203934 0.5513200373969462 -0.5368367279164925
v 0.9984628925936483 0.5549427013426841 -0.4923874085445431
v 1.0666166473288246 0.5556993108590209 -0.44180708117652046
v 1.133651743397596 0.5532536929212194 -0.3848229123642052
v 1.1988231081047667 0.5472606184558344 -0.32122368368444065
v 1.261275639996359 0.537375175304204 -0.2508833234699696
v 1.3200461245530493 0.523265084822503 -0.1737873692279717
v 1.3740716946834322 0.5046261090405325 -0.09006141702595455
v 1.4146500107902769 0.38368431179187906 0
v 1.4461326536059793 0.3537488672057117 0.09478454180752528
v 1.4688949495713595 0.31989987604048087 0.19338368880458134
v 1.4820517695018458 0.28230278439466483 0.2947984260508234
v 1.484846556876272 0.24122541450287294 0.3978634357991302
v 1.4766967604548331 0.1970405829585692 0.5012710043861434
v 1.4572354643068484 0.15022291253123435 0.6036066928869509
v 1.4263451732324852 0.10133921759685698 0.7033955981214283
v 1.3841799426076153 0.05103246120559458 0.7991566624713873
v 1.3311728576743442 -2.214039518332857e-16 0.889461266875984
v 1.2680272151753407 -0.05103246120559502 0.9729915036958432
v 1.195691462992908 -0.1013392175968574 1.0485932700461553
v 1.11531973849016 -0.15022291253123476 1.1153197384901599
v 1.0282214060469972 -0.19704058295856952 1.1724618042063566
v 0.9358040619903321 -0.24122541450287335 1.2195635975936652
v 0.8395148901406191 -0.28230278439466516 1.2564228224279352
v 0.7407849930937982 -0.31989987604048115 1.283077245523018
v 0.6409805057116043 -0.35374886720571197 1.2997798861687422
v 0.5413631217245343 -0.3836843117918792 1.306966190636007
v 0.44306136726280215 -0.40963577714227045 1.3052166991403873
v 0.34705274762350713 -0.4316170347311296 1.2952184870373076
v 0.2541559246859765 -0.4497131437810525 1.2777281173315718
v 0.16503142526301096 -0.46406665559039867 1.2535381271704076
v 0.0801890396595899 -0.47486395519248753 1.223448322918739
v 7.27588674067537e-17 -0.48232249996516446 1.1882424786871
v -0.07528784107265517 -0.48667945583742006 1.1486704827434198
v -0.1455333548340917 -0.4881820008980729 1.1054355785197425
v -0.21068521408644883 -0.48707937981666866 1.0591860971837936
v -0.27076559433354336 -0.4836166555625802 1.0105109549943672
v -0.3258550971035854 -0.47803001466105394 0.9599381613142064
v -0.3760792484280542 -0.47054343142200905 0.9079356220820889
v -0.4215967326352102 -0.4613664762468963 0.8549136023182907
v -0.46258937991184174 -0.450693054388334 0.8012283090490921
v -0.49925382932376444 -0.43870087668092395 0.7471861579987589
v -0.5317947289342743 -0.4255514866420922 0.6930483838903574
v -0.5604193028127873 -0.4113906944502477 0.639035739796606
v -0.5853331033253413 -0.39634929458055107 0.5853331033253414
v -0.606736769624855 -0.38054396841885785 0.5320938661932567
v -0.624823624562815 -0.3640782949577962 0.4794440298538818
v -0.6397779584682751 -0.3470438112920711 0.4274859648601218
v -0.6517738666378593 -0.32952108005698216 0.3763018173541312
v -0.6609745260987745 -0.31158073341513237 0.3259565642688195
v -0.6675318150761242 -0.29328447303344946 0.2765007311200597
v -0.6715861949461099 -0.2746860130931753 0.22797279406830653
v -0.6732667889676625 -0.25583195912407414 0.18040129239458044
v -0.6726916046694941 -0.23676261970568754 0.1338066796012303
v -0.6699678574871839 -0.2175127511450758 0.08820294174146424
v -0.6651923622404351 -0.1981122373871412 0.04359901085948647
v -0.6584519665013867 -0.17858670885950162 8.063710931682034e-17
v -0.6498240060328315 -0.15895810487647322 -0.0425917155758619
v -0.6393767674695189 -0.1392451847671942 -0.0841755483367179
v -0.6271699474627866 -0.11946399316193372 -0.12475185899919869
v -0.6132551007769549 -0.09962828495365464 -0.16432120900745156
v -0.5976760724640061 -0.07974991541419985 -0.20288368821864244
v -0.5804694113804167 -0.05983920083521651 -0.24043830273649594
v -0.5616647640579707 -0.039905254919722494 -0.2769824093581397
v -0.5412852493945268 -0.01995630599793859 -0.3125111844463039
v -0.5193478158729657 -1.8671484570506163e-17 -0.3470171162163609
v -0.49586358411769094 0.019956305997938687 -0.3804895104494793
v -0.4708381786198807 0.0399052549197226 -0.41291400052801475
v -0.4442720534600024 0.0598392008352166 -0.44427205346000226
v -0.41616081787861714 0.07974991541419996 -0.4745404642428289
v -0.3864955686402183 0.09962828495365461 -0.503690831542622
v -0.35526323734338583 0.11946399316193396 -0.5316890082713086
v -0.32244696219593966 0.13924518476719427 -0.5584945212696079
v -0.28802649533695796 0.15895810487647336 -0.5840599550013355
v -0.25197865858829416 0.1785867088595016 -0.6083302949924384
v -0.21427786259439513 0.1981122373871413 -0.6312422277802028
v -0.17489670669525656 0.21751275114507604 -0.6527233954631696
v -0.1338066796012303 0.23676261970568743 -0.6726916046694938
v -0.0909789840176309 0.25583195912407425 -0.6910539920234754
v -0.04638551180186869 0.2746860130931756 -0.7077061511477655
v -1.327268337312167e-16 0.29328447303344957 -0.7225312300854216
v 0.048200597862294 0.31158073341513237 -0.735399012990329
v 0.09823448668943993 0.3295210800569822 -0.7461650062827593
v 0.1501131082719364 0.3470438112920713 -0.7546695575012692
v 0.2038388768962369 0.36407829495779614 -0.7607370451345353
v 0.25940252280860276 0.380543968418858 -0.764175190133666
v 0.31677999280614605 0.39634929458055135 -0.7647745549210486
v 0.3759288581772444 0.4113906944502477 -0.762308313802309
v 0.4367841847340959 0.4255514866420923 -0.7565323999020043
v 0.49925382932376433 0.43870087668092395 -0.7471861579987589
v 0.5632131439187819 0.4506930543883341 -0.7339936594726222
v 0.6284990945286135 0.4613664762468965 -0.716665863966071
v 0.6949038404498136 0.4705434314220091 -0.6949038404498139
v 0.762167872701453 0.478030014661054 -0.668403285208435
v 0.829972881691796 0.4836166555625802 -0.6368605914127842
v 0.8979346154334417 0.4870793798166686 -0.5999807282809065
v 0.965596101752646 0.48818200089807284 -0.5574871692753441
v 1.032421739169464 0.48667945583742 -0.5091340584067054
v 1.09779290571949 0.48232249996516446 -0.4547207102259821
v 1.1610058815648743 0.47486395519248736 -0.3941083910626251
v 1.2212730111830221 0.4640666555903986 -0.3272391170844162
v 1.2777281173315718 0.44971314378105254 -0.25415592468597703
v 1.329437186976303 0.4316170347311295 -0.1750237260509922
v 1.3754152386002454 0.4096357771422703 -0.09014947754670682
v 1.406459355053592 0.31012532338124504 0
v 1.4308240911154895 0.27968100555035713 0.09378116561117512
v 1.4463269857349725 0.24619409011847523 0.19041256000005896
v 1.4523134783091194 0.20990639269574654 0.28888311214785256
v 1.4482753362328435 0.17113688665395085 0.38806420676150305
v 1.4338823218477397 0.13027807732041882 0.486737460860121
v 1.4090078447565662 0.0877881250459119 0.5836301587882542
v 1.3737460311535232 0.04417882829487306 0.6774565717920173
v 1.3284182006064136 5.593986551166616e-16 0.766962605716511
v 1.2735676167093652 -0.044178828294872095 0.8509706754309913
v 1.209942466303657 -0.0877881250459111 0.92842150829662
v 1.138468167002269 -0.13027807732041807 0.9984097863274971
v 1.0602111294713406 -0.17113688665394994 1.0602111294713403
v 0.9763368529989094 -0.20990639269574576 1.1132988104003119
v 0.8880656070271663 -0.24619409011847457 1.1573496318254304
v 0.7966289173735385 -0.2796810055503564 1.1922394284472073
v 0.7032296775267964 -0.31012532338124443 1.2180295308666886
v 0.6090080431248285 -0.3373620309229817 1.2349461456551554
v 0.5150144706055233 -0.3612991490811352 1.243354919754254
v 0.42219045702676583 -0.3819113007029712 1.243732980226622
v 0.33135683043016395 -0.39923144315230025 1.2366405266003573
v 0.2432088945334057 -0.4133415696135699 1.2226936803240602
v 0.1583173741388145 -0.4243630905254093 1.2025398457307455
v 0.07713393152339075 -0.4324474709424695 1.1768363801715074
v 7.018652624009764e-17 -0.43776754774176013 1.146232959396362
v -0.0728422313291147 -0.44050980298112485 1.111357688476897
v -0.14123768943462053 -0.4408677400598178 1.0728067603948184
v -0.20510596173383946 -0.4390364047900538 1.0311373014949845
v -0.26442913157259107 -0.43520801600403464 0.9868629540302252
v -0.3192403400691802 -0.4295686182213902 0.9404517154626976
v -0.3696133513830926 -0.4222956384343366 0.8923255657432347
v -0.4156532701635695 -0.41355621562590605 0.8428614526725523
v -0.4574884616782371 -0.40350617061591615 0.7923932595032344
v -0.49526365425185503 -0.39228949113690564 0.741214438992095
v -0.5291341560362008 -0.3800382193338024 0.6895810577832945
v -0.5592610891909067 -0.36687264361061317 0.6377150502789785
v -0.5858075298519505 -0.35290171210393845 0.5858075298519506
v -0.6089354378845393 -0.3382235998522531 0.534022046506929
v -0.628803263110612 -0.32292637523916956 0.4824977139140078
v -0.6455641219031691 -0.30708872316005525 0.43135215566282775
v -0.6593644478143176 -0.29078069248111243 0.3806842414396651
v -0.670343030852769 -0.2740644437731932 0.33057659953700447
v -0.6786303711860596 -0.2569949801471101 0.28109790358355363
v -0.684348283786552 -0.23962084947767348 0.2323049394771874
v -0.6876097004933748 -0.22198481058045252 0.18424446395500613
v -0.6885186249303289 -0.20412445919463978 0.1369548696698788
v -0.6871702036326395 -0.18607281210845222 0.09046767357587639
v -0.6836508836053535 -0.16785884960035413 0.04480884626819229
v -0.678038632426135 -0.14950801769747546 8.30357840898915e-17
v -0.67040320200654 -0.13104269268711546 -0.04394054734193217
v -0.6608064213431681 -0.11248261095284437 -0.08699681579161725
v -0.6493025071311104 -0.09384526762009862 -0.1291542988389965
v -0.6359383840815132 -0.07514628774839358 -0.17039917645059433
v -0.620754009280863 -0.056399773946470166 -0.21071759215690444
v -0.6037826970414821 -0.037618634350182235 -0.2500949818407874
v -0.5850514425015712 -0.01881489491928966 -0.28851544286266617
v -0.5645812438113466 -1.4527927825427103e-16 -0.3259611330938948
v -0.5423874241539723 0.018814894919289116 -0.36241169029575804
v -0.518479956153871 0.037618634350181694 -0.3978436630830129
v -0.4928637924725994 0.05639977394646975 -0.4322299454598163
v -0.4655392076309186 0.07514628774839303 -0.46553920763091844
v -0.4365021573680932 0.0938452676200982 -0.49773531649696995
v -0.4057446631954798 0.11248261095284397 -0.5287767399712583
v -0.3732552312575761 0.13104269268711505 -0.5586159300451282
v -0.33901931621306775 0.14950801769747493 -0.5871986804282919
v -0.30301984262015075 0.1678588496003537 -0.6144634556560106
v -0.26523779827833294 0.18607281210845172 -0.6403406898575295
v -0.22565291615906286 0.20412445919463926 -0.6647520550033336
v -0.1842444639550058 0.22198481058045214 -0.6876097004933747
v -0.14099216288142563 0.23962084947767304 -0.7088154685340297
v -0.09587726013912362 0.25699498014710964 -0.7282600930185672
v -0.048883782330663324 0.27406444377319295 -0.7458223937368558
v -1.3986112132947716e-16 0.29078069248111205 -0.7613684828793299
v 0.05077986382960333 0.3070887231600547 -0.774751007171352
v 0.10345364596214071 0.32292637523916917 -0.7858084567933439
v 0.15800893951368572 0.3382235998522528 -0.7943645817260763
v 0.21442043765402422 0.35290171210393795 -0.8002279675059747
v 0.27264688932181236 0.3668726436106129 -0.8031918357269686
v 0.33262763599077766 0.3800382193338022 -0.8030341500290358
v 0.39427870669305703 0.3922894911369053 -0.7995181256492667
v 0.4574884616782371 0.40350617061591587 -0.7923932595032337
v 0.5221127948032999 0.4135562156259057 -0.7813970174640034
v 0.5879699326884157 0.4222956384343364 -0.7662573347472792
v 0.6548349065887602 0.42956861822139003 -0.7466961021440416
v 0.7224338224576335 0.4352080160040346 -0.7224338224576339
v 0.7904381170174696 0.43903640479005374 -0.6931956240766363
v 0.8584590631362866 0.4408677400598179 -0.6587188072196074
v 0.9260428752475874 0.4405098029811249 -0.6187620670378041
v 0.9926668614922651 0.43776754774176013 -0.5731164796981808
v 1.0577371670879419 0.4324474709424697 -0.5216182458927279
v 1.1205887425352512 0.42436309052540955 -0.4641630550007143
v 1.1804882354740276 0.4133415696135702 -0.40072175906977076
v 1.2366405266003566 0.3992314431523005 -0.3313568304301638
v 1.2881995849141654 0.3819113007029717 -0.25623882909277
v 1.3342841817303068 0.3612991490811355 -0.17566184501614981
v 1.3739987560054558 0.3373620309229819 -0.09005663637242682
v 1.414044823952765 0.26358636197386087 0
v 1.4340990215727993 0.23179474196657568 0.0939958158938263
v 1.445056695189862 0.197455594325154 0.19024532307713352
v 1.4463977767623208 0.1608658885778793 0.2877064059484673
v 1.43776279824777 0.12238638728088415 0.3852473806980012
v 1.418976887395666 0.08243449477784767 0.48167774765515564
v 1.390066445527128 0.041473689066982435 0.5757843743370976
v 1.3512667323748833 -3.8881681770094407e-17 0.6663710084189401
v 1.3030192924640027 -0.04147368906698252 0.7522985392633675
v 1.2459590477475084 -0.08243449477784788 0.8325232194271568
v 1.1808918319520978 -0.12238638728088434 0.9061301725407598
v 1.1087640156792695 -0.1608658885778795 0.9723599447640514
v 1.0306265413004287 -0.1974555943251542 1.0306265413004285
v 0.9475960642254327 -0.2317947419665757 1.080526221868806
v 0.8608159477118699 -0.26358636197386104 1.1218371844044575
v 0.7714196048151074 -0.29260088341289575 1.1545110259994238
v 0.6804981929267054 -0.3186763732123249 1.1786574446078615
v 0.5890740403298148 -0.3417158343521618 1.1945239867081752
v 0.4980805218568082 -0.3616821513090261 1.2024727510205748
v 0.40834848940129537 -0.3785913473070373 1.2029558585259879
v 0.3205988639037242 -0.3925048164304749 1.1964912489375585
v 0.23544063968578627 -0.4035211322685981 1.1836400259437252
v 0.15337334371747635 -0.4117679347838262 1.164986206324428
v 0.07479291550500079 -0.41739427902984494 1.1411193777758744
v 6.812835473774753e-17 -0.42056371009262644 1.1126204679615566
v -0.0707902556153882 -0.42144822017718025 1.080050588949506
v -0.13743767044148344 -0.42022315314907593 1.0439427504992635
v -0.1998663764901283 -0.4170630518764215 1.0047961276769157
v -0.2580545021197021 -0.41213839410568787 0.9630725130326184
v -0.31202451119931185 -0.40561313107355157 0.9191945690830065
v -0.36183439810168466 -0.39764292634655013 0.8735455112301928
v -0.4075698430767338 -0.3883739869719853 0.8264698840598433
v -0.44933735970494526 -0.3779423816165388 0.778275136747818
v -0.487258413635017 -0.366473748140999 0.7292337497534114
v -0.521464456481865 -0.3540833037653395 0.6795857107220153
v -0.5520927971843363 -0.3408760829444071 0.6295411798171557
v -0.5792832220581475 -0.32694734013256416 0.5792832220581476
v -0.6031752713841568 -0.31238306601181415 0.5289705160631742
v -0.6239060822839376 -0.29726057605673306 0.47873997490068754
v -0.6416087129823506 -0.28164913930686764 0.42870923591770127
v -0.656410870917105 -0.2656106228675339 0.3789789930229872
v -0.6684339754885344 -0.24920013401871227 0.32963515761609163
v -0.6777924948219204 -0.2324666469931237 0.2807508438299353
v -0.6845935042572168 -0.21545360563102198 0.23238818061031496
v -0.688936422089097 -0.19819949638134648 0.18459995793516082
v -0.690912885190714 -0.18073838864254627 0.137431117646395
v -0.6906067334990361 -0.16310044135559068 0.09092010131582118
v -0.6880940779137579 -0.14531237619484694 0.04510006860912606
v -0.6834434310022626 -0.12739791875143378 8.369768101752058e-17
v -0.6767158840711034 -0.10937820985395738 -0.044354302384095295
v -0.6679653177338429 -0.09127218969384251 -0.08793930238141899
v -0.6572386361546526 -0.07309695777422734 -0.1307328930508997
v -0.6445760177554486 -0.054868111928567116 -0.17271362341804117
v -0.6300111774168972 -0.036600069794003286 -0.21385997730569553
v -0.6135716371509077 -0.018306376203380954 -0.25414969359536943
v -0.5952790039392462 -1.712870467469133e-17 -0.29355911800510975
v -0.5751492549790871 0.01830637620338104 -0.3320625771863887
v -0.5531930320058583 0.03660006979400325 -0.36963176663212133
v -0.5294159477260632 0.054868111928566964 -0.4062351445566665
v -0.5038189087331171 0.07309695777422742 -0.4418373245696395
v -0.47639846063909813 0.09127218969384261 -0.47639846063909796
v -0.44714716257273435 0.10937820985395735 -0.5098736185539193
v -0.41605399970356044 0.12739791875143375 -0.5422121288857471
v -0.3831048440848032 0.14531237619484708 -0.5733569173623803
v -0.34828297588939394 0.16310044135559068 -0.603243809651716
v -0.3115696790645122 0.1807383886425462 -0.6318008088849925
v -0.2729449275616331 0.19819949638134635 -0.6589473459002354
v -0.232388180610315 0.21545360563102192 -0.6845935042572167
v -0.18987930797711605 0.23246664699312375 -0.7086392246766159
v -0.14539966874422658 0.24920013401871227 -0.7309734968198651
v -0.09893336978136008 0.26561062286753395 -0.7514735504025237
v -0.05046873265056998 0.2816491393068678 -0.7700040626910049
v -1.444623500968256e-16 0.297260576056733 -0.7864164056521218
v 0.05247068568375488 0.312383066011814 -0.8005479635957914
v 0.10693099713360647 0.3269473401325641 -0.8122215612553947
v 0.1633557976994673 0.3408760829444072 -0.8212450530422525
v 0.2217041459103475 0.3540833037653395 -0.8274111367860822
v 0.281915903038996 0.366473748140999 -0.8304974696236236
v 0.34390792620351124 0.3779423816165388 -0.8302671796481217
v 0.40756984307673366 0.3883739869719853 -0.8264698840598435
v 0.47275942397799636 0.39764292634655013 -0.8188433420868856
v 0.5392975944361246 0.4056131310735516 -0.8071158876247405
v 0.6069631676845784 0.41213839410568787 -0.7910098005066138
v 0.6754874232412542 0.4170630518764215 -0.770245783947377
v 0.7445487155238227 0.42022315314907593 -0.7445487155238232
v 0.8137673652582897 0.4214482201771803 -0.7136548256831508
v 0.8827011647336978 0.42056371009262644 -0.6773204260206289
v 0.9508419121520988 0.417394279029845 -0.635332253738371
v 1.017613474073995 0.4117679347838263 -0.587519413187612
v 1.0823719485467052 0.403521132268598 -0.5337667756903979
v 1.144408551502447 0.3925048164304749 -0.47402954292806304
v 1.2029558585259879 0.3785913473070374 -0.4083484894012956
v 1.2571979838783236 0.36168215130902603 -0.3368651845062323
v 1.3062851494960523 0.3417158343521618 -0.2598362715591509
v 1.3493528731026916 0.3186763732123249 -0.1776456758706979
v 1.3855456798722914 0.2926008834128955 -0.09081346174752314
v 1.4492735166848274 0.23980941443228948 0
v 1.4673661858786795 0.20438300041012075 0.09617626104047718
v 1.4757586640534277 0.16657860386550316 0.1942873139588724
v 1.473988735934185 0.1267745748500383 0.2931945889556183
v 1.4617825360204548 0.08541081608856707 0.3916834500365993
v 1.43907535378531 0.0429774199180707 0.48850025766774274
v 1.4060229204374792 5.441648170555732e-16 0.5823937626526311
v 1.363001786108259 -0.04297741991806961 0.672158096491786
v 1.3105983674395543 -0.08541081608856586 0.7566743202407106
v 1.2495873126293695 -0.1267745748500372 0.8349475485139293
v 1.1809008359458173 -0.1665786038655023 0.9061370815481403
v 1.1055914668895437 -0.20438300041011986 0.9695776941477657
v 1.0247911314419171 -0.23980941443228865 1.024791131441917
v 0.9396695869683215 -0.27254860456388896 1.0714878068239353
v 0.851394988118339 -0.3023640665733039 1.1095595508256564
v 0.7610988439686356 -0.32909196143993136 1.1390649158415018
v 0.6698469453634366 -0.3526378431701102 1.1602089426642856
v 0.578617111608645 -0.3729708624034477 1.1733194329007433
v 0.488283927562039 -0.39011619766250416 1.178821680209076
v 0.3996100862378073 -0.40414645406873584 1.1772133529149293
v 0.3132435544732059 -0.41517269127158407 1.169040860437474
v 0.22971954509923562 -0.4233356233746703 1.1548781411905717
v 0.14946619058807126 -0.428797397379047 1.1353084318727025
v 0.07281283923478327 -0.4317342220040093 1.1109092517744574
v 6.626812302511921e-17 -0.4323299986459669 1.0822405786102192
v -0.0688098873811406 -0.43077100785546524 1.0498360084377916
v -0.13352151226907508 -0.4272416304399667 1.0141965759551104
v -0.1940960727678935 -0.42192103112674456 0.9757868518925639
v -0.2505413153458972 -0.4149807015923453 0.9350329182660242
v -0.3029024478633253 -0.4065827446001901 0.8923218370497401
v -0.35125403788769144 -0.39687877787730225 0.8480022621067776
v -0.39569293104638936 -0.3860093414680378 0.8023858889472323
v -0.4363321688178586 -0.37410370251282465 0.7557494853692521
v -0.47329584807919367 -0.3612799642960753 0.7083372936809715
v -0.5067148421959771 -0.3476454002335114 0.6603636391450249
v -0.5367232919706934 -0.3332969470364646 0.612015618000829
v -0.5634557713196781 -0.31832180386317316 0.5634557713196782
v -0.587045034620039 -0.3027980954480025 0.5148246780785425
v -0.6076202582851422 -0.2867955668321746 0.46624342262493634
v -0.625305696799919 -0.27037628540653635 0.41781590877094793
v -0.6402196820941399 -0.2535953326180748 0.36963100579754826
v -0.6524739040020858 -0.23650147303980545 0.3217645213634169
v -0.6621729181564883 -0.21913779273255116 0.274281003336587
v -0.6694138356912953 -0.20154230211283627 0.22723537746747846
v -0.6742861564191638 -0.1837485010491494 0.1806744310800008
v -0.6768717136401989 -0.16578590578780705 0.13463815497249815
v -0.6772447044282649 -0.147680538688763 0.08916095681581876
v -0.6754717841713087 -0.12945538274037724 0.04427275976857484
v -0.6716122083780935 -0.11113080351122763 8.224877412585175e-17
v -0.6657180083833177 -0.09272494166066457 -0.043633463527906306
v -0.6578341906685655 -0.0742540794275802 -0.08660551419989994
v -0.6479989521494511 -0.05573298469608182 -0.12889500563158512
v -0.636243906037675 -0.037175236334397635 -0.17048104081201781
v -0.6225943148432689 -0.01859353454788899 -0.21134229171767305
v -0.6070693288041802 -2.6974493990739386e-16 -0.25145634929142313
v -0.5896822295789399 0.01859353454788845 -0.29079909432879547
v -0.570440680469775 0.0371752363343971 -0.329344080425938
v -0.5493469858098262 0.05573298469608129 -0.36706192072348187
v -0.526398363497004 0.07425407942757964 -0.40391967073920965
v -0.5015872360330854 0.09272494166066406 -0.43988020013860823
v -0.4749015468718225 0.1111308035112271 -0.47490154687182234
v -0.44632511043350637 0.1294553827403767 -0.5089362477419105
v -0.41583800584235886 0.14768053868876246 -0.5419306402054512
v -0.38341702632084484 0.16578590578780653 -0.573824131095842
v -0.349036198260514 0.18374850104914875 -0.6045484290678933
v -0.3126673863046735 0.20154230211283575 -0.6340267389701507
v -0.2742810033365871 0.2191377927325505 -0.6621729181564876
v -0.23384684706581962 0.23650147303980498 -0.6888905970684508
v -0.19133508792161133 0.25359533261807443 -0.7140722693941121
v -0.146717436142245 0.27037628540653597 -0.7375983609013589
v -0.09996851919802784 0.2867955668321741 -0.7593362908414629
v -0.05106750385020227 0.30279809544800224 -0.7791395458332395
v -1.4637838127853484e-16 0.3183218038631727 -0.7968467935976815
v 0.05323971430721681 0.3332969470364641 -0.8122810730537059
v 0.10864610624382634 0.347645400233511 -0.8252491083331197
v 0.16619940004490583 0.361279964296075 -0.8355408074133773
v 0.2258621505618996 0.37410370251282427 -0.8429290214037823
v 0.28757534839250065 0.3860093414680374 -0.8471696580134662
v 0.35125403788769144 0.39687877787730197 -0.848002262106777
v 0.41678244705654593 0.40658274460018984 -0.8451511969008703
v 0.4840086540900712 0.41498070159234507 -0.838327580187033
v 0.5527388507100491 0.4219210311267443 -0.8272321492217597
v 0.6227313095542893 0.4272416304399666 -0.8115592430737811
v 0.6936902227202927 0.4307710078554651 -0.7910020986800663
v 0.765259652010538 0.432329998645967 -0.7652596520105384
v 0.8370179175929524 0.43173422200400935 -0.7340450128322312
v 0.9084728478383983 0.4287973973790472 -0.6970957339925071
v 0.9790584131907257 0.42333562337467034 -0.6541859169692092
v 1.0481333614304744 0.41517269127158435 -0.6051400783685125
v 1.1149825465587924 0.4041464540687361 -0.5498485429402042
v 1.1788216802090747 0.3901161976625047 -0.4882839275620392
v 1.2388062108311149 0.3729708624034481 -0.4205180441730234
v 1.2940449283747704 0.35263784317011054 -0.34673829352760965
v 1.343618679926673 0.3290919614399323 -0.26726237247974616
v 1.386604252085838 0.30236406657330483 -0.18254991295240372
v 1.422103031183968 0.2725486045638899 -0.0932095571438436
v 1.518076379435254 0.23043075462024903 0
v 1.5357389426071988 0.18810143317338035 0.10065764827868821
v 1.542525801152433 0.14333333919067143 0.20307737431471654
v 1.5379861629729696 0.09665487862035159 0.3059244686741099
v 1.5219133154070155 0.048662261544571504 0.4077954438134823
v 1.494364262368964 1.1984097362424915e-16 0.5072683131543719
v 1.455665149531005 -0.0486622615445711 0.6029562472096016
v 1.40640147643509 -0.09665487862035134 0.6935604552676377
v 1.3473936694168622 -0.1433333391906712 0.7779180977422229
v 1.2796601137395422 -0.18810143317337996 0.8550415517981423
v 1.2043709664421836 -0.23043075462024865 0.9241463460893902
v 1.1227968065591305 -0.2698752980990289 0.9846663720757889
v 1.0362563448446893 -0.3060804962888467 1.0362563448446893
v 0.9460670438658598 -0.3387866485609701 1.0787827083036245
v 0.8535017179770552 -0.36782721808240054 1.1123050946312574
v 0.7597531703133344 -0.39312286341930597 1.137050972894311
v 0.6659078654132147 -0.41467229135391426 1.1533862560554253
v 0.5729286842041222 -0.432541076087737 1.1617844432115927
v 0.481646062169237 -0.44684951615666024 1.1627964555525667
v 0.392756313441944 -0.45776043666813176 1.1570227893355762
v 0.3068256869943476 -0.4654676346863384 1.1450890529301305
v 0.2242986473821551 -0.4701854470441298 1.127625448014718
v 0.1455089675884536 -0.472139719404479 1.105250338998386
v 0.0706924095190928 -0.4715602887992451 1.0785577460008338
v 6.417812941452037e-17 -0.46867496538400755 1.0481083927088806
v -0.06648885038210753 -0.46370491206268327 1.0144238269731674
v -0.12875391634726863 -0.45686126799924226 0.9779830896242373
v -0.18682275523919592 -0.4483428369117755 0.9392214154417712
v -0.240760519536067 -0.43833465616267053 0.898530491365281
v -0.29066105488023836 -0.42700727141262534 0.8562598561982525
v -0.33663927043374764 -0.41451655855379166 0.8127190923085378
v -0.37882471261801265 -0.40100395563328045 0.7681805257055462
v -0.41735623955996864 -0.3865969895891508 0.722882211773754
v -0.4523776764139195 -0.3714100039317069 0.6770310374222964
v -0.4840343264508996 -0.3555450128896831 0.6308058155569156
v -0.5124702155637698 -0.33909262445511207 0.5843602846704934
v -0.5378259556428273 -0.3221329890450154 0.5378259556428274
v -0.5602371229159878 -0.30473674224203773 0.4913147704921014
v -0.5798330592420845 -0.2869659195094902 0.444921554878855
v -0.5967360164258758 -0.26887482819477965 0.39872625865282996
v -0.6110605752057144 -0.250510867852089 0.35279598758618674
v -0.6229132812495476 -0.231915294231523 0.30718683546236575
v -0.6323924500818199 -0.21312392547051215 0.2619455295662404
v -0.6395881012883529 -0.19416779132132353 0.2171109049006717
v -0.644581989631136 -0.1750737278563504 0.1727152235773094
v -0.6474477069257485 -0.15586492117557801 0.12878535613913186
v -0.6482508337948901 -0.13656140433183558 0.08534384133220911
v -0.6470491248284899 -0.11718051209547839 0.042409840252828596
v -0.6438927143720948 -0.09773729838444561 7.885411516500869e-17
v -0.6388243332441464 -0.07824492125286155 -0.04187075893145694
v -0.6318795292547547 -0.05871500031095 -0.08318851820073654
v -0.6230868865596606 -0.03915795137840599 -0.12393968768880256
v -0.6124682407195691 -0.019583303080352308 -0.1641103704905187
v -0.6000388879242516 -8.476573154991397e-17 -0.203685755989531
v -0.5858077882521253 0.019583303080352003 -0.24264953083781646
v -0.5697777641321027 0.03915795137840582 -0.2809832982360896
v -0.5519456964129111 0.05871500031094995 -0.3186659964020498
v -0.5323027216793583 0.07824492125286124 -0.355673307532449
v -0.5108344357362917 0.09773729838444532 -0.39197704892946017
v -0.4875211095588594 0.11718051209547822 -0.42754453829523276
v -0.46233792553126524 0.13656140433183542 -0.46233792553126507
v -0.4352552435147885 0.15586492117557765 -0.4963134837501143
v -0.4062389082489488 0.17507372785635017 -0.5294208526653403
v -0.37525061184693426 0.19416779132132342 -0.5616022281338725
v -0.3422483277461796 0.21312392547051187 -0.5927914924618675
v -0.30718683546236575 0.23191529423152288 -0.6229132812495475
v -0.27001835890822745 0.2505108678520888 -0.6518819841659677
v -0.23069334490275645 0.2688748281947796 -0.6796006792644371
v -0.18916141281615972 0.2869659195094901 -0.7059600034614191
v -0.14537251104268725 0.3047367422420376 -0.730836965834401
v -0.09927832108945442 0.3221329890450153 -0.7540937157196711
v -0.0508339553653335 0.33909262445511207 -0.7755762845278805
v -1.4605994901749458e-16 0.35554501288968304 -0.795113329106739
v 0.05325504116828231 0.3714100039317067 -0.8125149157652011
v 0.1089518414980845 0.38659698958915073 -0.8275713981480561
v 0.16709682342481091 0.4010039556332803 -0.8400524594123312
v 0.22767814634459713 0.41451655855379155 -0.8497064099311403
v 0.2906610548802384 0.42700727141262523 -0.8562598561982523
v 0.35598254354724473 0.43833465616267053 -0.8594178845998285
v 0.4235453141084976 0.4483428369117755 -0.8588649346645505
v 0.4932110335763304 0.4568612679992422 -0.8542665690077635
v 0.5647929469859109 0.46370491206268327 -0.8452723791719391
v 0.6380479629014912 0.4686749653840075 -0.8315202943428679
v 0.7126684139491009 0.4715602887992452 -0.8126425782478345
v 0.7882738012596586 0.47213971940447896 -0.788273801259659
v 0.8644029602434763 0.4701854470441298 -0.7580610506747935
v 0.9405072318681068 0.46546763468633845 -0.7216765814017846
v 1.015945379821219 0.4577604366681319 -0.6788330000893468
v 1.0899811441885392 0.4468495161566604 -0.6293009070088701
v 1.1617844432115925 0.4325410760877372 -0.5729286842041224
v 1.230437294787098 0.4146722913539146 -0.5096638151504789
v 1.2949454905798357 0.3931228634193061 -0.4395747617732492
v 1.3542568778028088 0.3678272180824005 -0.36287203675155616
v 1.4072867524872463 0.33878664856097057 -0.27992673951926966
v 1.4529503258875267 0.3060804962888469 -0.19128453927351377
v 1.4902015047137076 0.2698752980990289 -0.09767296691141454
v 1.6198184885907565 0.22428922868483536 0
v 1.6374356080084902 0.17126816547914114 0.10732319988585147
v 1.642278834562558 0.11567029242402019 0.21621011030507842
v 1.6339089796550712 0.058290567454086666 0.32500470322607167
v 1.6122308467962327 -5.467768760537638e-17 0.43199595341159563
v 1.5775090354658392 -0.05829056745408698 0.5354921604843352
v 1.5303602459812158 -0.11567029242402047 0.6338959692020455
v 1.471722433539496 -0.17126816547914142 0.7257731864876625
v 1.4028039606393092 -0.22428922868483564 0.8099092442953781
v 1.3250181641762282 -0.274044116361647 0.885348832157602
v 1.2399100862086507 -0.3199698325214499 0.9514164718152169
v 1.1490823491951605 -0.361640870908661 1.0077181742845798
v 1.054126375872271 -0.3987709542069575 1.0541263758722708
v 0.9565636474080684 -0.43120662225227674 1.0907517906965407
v 0.8577998417081245 -0.45891451788101967 1.117906518533198
v 0.7590928631998983 -0.4819644759520866 1.1360627534632135
v 0.6615342398833362 -0.5005104627242853 1.1458109144243953
v 0.5660422706633425 -0.5147711295803554 1.147820177951749
v 0.4733646849881966 -0.5250113396641252 1.142803442446972
v 0.38408837035414495 -0.5315255890338471 1.131487852414111
v 0.2986538279895436 -0.5346238412566025 1.114591259931913
v 0.21737231868901366 -0.5346199640437812 1.0928044422402436
v 0.1404440576988223 -0.5318227127190578 1.0667785288736367
v 0.06797623251918372 -0.5265290451941564 1.037116893118743
v 6.149996770067915e-17 -0.5190194640730849 1.0043706927335754
v -0.06351405791223466 -0.509555046928774 0.9690372644984538
v -0.12264228644991093 -0.49837582914293554 0.9315606516959286
v -0.17749619800195782 -0.4857002306726245 0.8923336459174319
v -0.22821255102529434 -0.4717252575561543 0.851700835351303
v -0.27494513815527316 -0.456627252929507 0.8099622584671528
v -0.317858109024012 -0.440563015583502 0.7673773577160357
v -0.357120634624487 -0.42367114360392516 0.7241690093295475
v -0.3929027190882567 -0.40607349491456907 0.6805274718928231
v -0.4253719749453135 -0.38787668514398776 0.6366141489795566
v -0.45469119447669254 -0.3691735663591245 0.5925651014495009
v -0.4810165692538179 -0.3500446484005746 0.5484942749914952
v -0.504496430110897 -0.33055943851486547 0.5044964301108971
v -0.5252703991931149 -0.31077768543638 0.4606497767991715
v -0.5434688635486705 -0.2907505217092903 0.4170183261271502
v -0.5592126955918207 -0.2705215034625978 0.37365397724772226
v -0.572613159538818 -0.2501275505712592 0.3305983618012586
v -0.5837719546627457 -0.22959979257396193 0.2878844692872869
v -0.5927813560792937 -0.20896432721032207 0.24553807720995846
v -0.5997244219649167 -0.18824289925152024 0.20357900918036737
v -0.6046752428398315 -0.16745350763263953 0.16202224300202606
v -0.6076992140361425 -0.14661094890703447 0.12087888931868682
v -0.608853316917024 -0.12572730484875744 0.08015705983649646
v -0.6081863979975916 -0.10481238171381398 0.039862642561888845
v -0.6057394380015372 -0.08387410829688055 7.418168638658992e-17
v -0.6015458052083668 -0.06291889953157513 -0.03942739511533701
v -0.5956314893233109 -0.04195199201074373 -0.07841637321111429
v -0.588015313637887 -0.020977757470236166 -0.11696351809120424
v -0.5787091245315575 -9.079744272804364e-17 -0.15506464257075261
v -0.5677179584702865 0.02097775747023627 -0.19271427883595985
v -0.5550401876535039 0.04195199201074384 -0.22990517338818897
v -0.5406676464080797 0.06291889953157509 -0.2666277768292548
v -0.5245857413834402 0.08387410829688066 -0.3028697190007687
v -0.5067735496211232 0.10481238171381393 -0.3386152601193701
v -0.48720390971031236 0.1257273048487574 -0.3738447085695871
v -0.46584351255579304 0.14661094890703436 -0.40853379594930117
v -0.4426529998378058 0.16745350763263958 -0.44265299983780565
v -0.41758708010137247 0.18824289925152007 -0.4761668046099217
v -0.39059467464947845 0.20896432721032207 -0.5090328904998557
v -0.3616191081111919 0.22959979257396212 -0.5412012410891645
v -0.33059836180125896 0.25012755057125924 -0.5726131595388178
v -0.29746541187742986 0.27052150346259796 -0.6032001843175305
v -0.26214867893543276 0.29075052170929017 -0.6328828960441109
v -0.22457262115764515 0.31077768543638 -0.6615696085522714
v -0.18465850953914886 0.3305594385148657 -0.6891549396500461
v -0.14232543111929583 0.3500446484005746 -0.7155182605998714
v -0.09749157456915601 0.3691735663591246 -0.7405220284897172
v -0.050075861870820915 0.3878766851439879 -0.7640100128975641
v -1.4435011719231762e-16 0.40607349491456907 -0.7858054381765137
v 0.0528089628643467 0.42367114360392505 -0.8057090760250417
v 0.10841548164433945 0.440563015583502 -0.8234973405830716
v 0.16687165494408754 0.4566272529295071 -0.8389204610168086
v 0.22821255102529384 0.4717252575561543 -0.8517008353513031
v 0.2924506064138676 0.4857002306726245 -0.8615317050170632
v 0.35956899020413347 0.49837582914293566 -0.8680763327596168
v 0.42951384459979564 0.5095550469287741 -0.870967917225559
v 0.5021853463667879 0.5190194640730849 -0.8698105347238512
v 0.5774275907745421 0.5265290451941564 -0.8641814598752303
v 0.6550173862145658 0.5318227127190579 -0.8536352773669499
v 0.7346521711843349 0.5346199640437811 -0.8377102490040285
v 0.8159374319423691 0.5346238412566025 -0.8159374319423696
v 0.8983742122319102 0.5315255890338472 -0.787853039087046
v 0.9813475636776823 0.525011339664125 -0.7530144701972874
v 1.0641170749861564 0.5147711295803553 -0.7110202977509184
v 1.145810914424395 0.5005104627242855 -0.6615342398833366
v 1.2254250800941842 0.4819644759520864 -0.6043127731924917
v 1.3018297135481047 0.4589145178810198 -0.5392355232519074
v 1.373784314340358 0.43120662225227663 -0.46633693626253764
v 1.4399634082407466 0.39877095420695724 -0.38583703236847494
v 1.4989935925855997 0.36164087090866104 -0.2981683641881409
v 1.5495018689728537 0.3199698325214497 -0.20399579106661414
v 1.5901738067312348 0.27404411636164644 -0.10422549777125409
v 1.745404673551923 0.20782656086077247 0
v 1.7616722605124129 0.14064452485162723 0.115466100299532
v 1.7625298730456676 0.07096359995476044 0.23204145985885782
v 1.7476398794120889 4.1637403788549016e-16 0.34762718574095863
v 1.7171636974564033 -0.07096359995475962 0.4601126260054839
v 1.671759908064747 -0.14064452485162643 0.5674860205896239
v 1.6125436538441658 -0.20782656086077164 0.667937451340919
v 1.5410123642001465 -0.2714192961016894 0.7599431988629886
v 1.4589473491110379 -0.330504498727016 0.8423236447427485
v 1.3683033426383477 -0.3843659057076029 0.9142710637445148
v 1.2710983006805396 -0.4325013909137844 0.9753480304863734
v 1.1693139356626283 -0.47461887354354604 1.0254607994255518
v 1.0648143205158787 -0.5106190819784902 1.0648143205158787
v 0.9592862901272824 -0.5405692062474338 1.0938563697064754
v 0.8542020726168286 -0.564671590021837 1.1132178145677971
v 0.7508020827107235 -0.5832311255445102 1.1236547236061196
v 0.6500942843590207 -0.5966241802871952 1.125996330219953
v 0.5528659127599078 -0.6052709429693076 1.1211011672747682
v 0.45970342730083297 -0.609612205238407 1.109822248859065
v 0.3710170919497997 -0.6100908935808916 1.092981107946939
v 0.28706731716367995 -0.6071381676599185 1.0713498128473429
v 0.20799067367677718 -0.6011635948101297 1.0456397277691216
v 0.13382419407364232 -0.5925487603746556 1.0164956725169967
v 0.06452715836522098 -0.5816436368808644 0.9844941904750728
v 5.817958831596229e-17 -0.5687650713630349 0.9501447822583488
v -0.05989972182625247 -0.5541968267939925 0.9138931520158603
v -0.11534413779550944 -0.5381907069148634 0.8761257090389788
v -0.16652441106460247 -0.5209683882759059 0.8371747481480749
v -0.21364229189016504 -0.5027236700464948 0.797323887979556
v -0.2569035567478355 -0.48362492680460983 0.7568134735090617
v -0.2965130177571287 -0.46381761081211337 0.7158457488894345
v -0.3326708161814209 -0.4434266987640827 0.6745896821119529
v -0.36556974851072577 -0.4225590151389232 0.6331853781307543
v -0.3953934100444959 -0.40130539189849745 0.5917480559925516
v -0.4223149758697579 -0.37974264423800314 0.5503715918842901
v -0.44649647097806455 -0.3579353560431805 0.509131646993532
v -0.46808840922101785 -0.3359374781138836 0.46808840922101796
v -0.48722970469772187 -0.31379374823427736 0.4272889830908137
v -0.5040477791761754 -0.29154094574316525 0.386769464192739
v -0.5186588056363731 -0.2692089951031163 0.3465567342949621
v -0.5311680414263924 -0.24682193362787855 0.3066700117024539
v -0.5416702152981431 -0.22439875840667328 0.267122189091671
v -0.5502499411673949 -0.2019541668539512 0.22792098832653265
v -0.5569821382114453 -0.17949920442266393 0.18906995892670464
v -0.5619324422159075 -0.1570418319938416 0.15056934409260112
v -0.5651575971979963 -0.1345874243947969 0.11241683560125283
v -0.5667058195089476 -0.11213921046871214 0.07460823653566491
v -0.5666171290528228 -0.08969866416211034 0.037138048728550754
v -0.564923644117219 -0.06726585523968691 6.918319325308107e-17
v -0.5616498377278794 -0.04483976749299255 -0.03681247525430174
v -0.5568127545241096 -0.022418591688024844 -0.07330578982161669
v -0.5504221879963294 -9.702919176275152e-17 -0.10948578047264111
v -0.5424808186072264 0.022418591688024497 -0.14535729725518043
v -0.5329843138992445 0.04483976749299221 -0.18092379526047284
v -0.5219213922315888 0.06726585523968658 -0.21618691915497176
v -0.5092738523434255 0.08969866416210998 -0.2511460708805019
v -0.49501657155917744 0.11213921046871195 -0.28579795084301685
v -0.47911747619097766 0.1345874243947964 -0.32013606264461936
v -0.4615374886110416 0.15704183199384103 -0.35415017097528395
v -0.44223045662872906 0.17949920442266348 -0.3878257016819345
v -0.4211430722892548 0.20195416685395096 -0.4211430722892546
v -0.3982147891024593 0.22439875840667287 -0.4540769403816349
v -0.37337774911621396 0.24682193362787827 -0.48659535630258777
v -0.34655673429496203 0.2692089951031162 -0.518658805636373
v -0.31766916049735344 0.2915409457431648 -0.5502191259791677
v -0.2866251371407623 0.31379374823427714 -0.5812182816891173
v -0.2533276215940523 0.3359374781138832 -0.6115869797760795
v -0.2176727046779777 0.35793535604318033 -0.6412431100638711
v -0.17955007262054865 0.379742644238003 -0.6700899935225696
v -0.13884370166735385 0.401305391898497 -0.6980144246252259
v -0.09543285452789385 0.42255901513892286 -0.7248844972693506
v -0.04919346314516228 0.4434266987640825 -0.7505472099305305
v -1.423332005220024e-16 0.46381761081211315 -0.7748258552103913
v 0.052272039793915856 0.48362492680460945 -0.797517212986856
v 0.10774290140256905 0.5027236700464948 -0.8183885864455065
v 0.16652441106460253 0.5209683882759057 -0.8371747481480747
v 0.22871470541390088 0.5381907069148631 -0.8535749010428284
v 0.2943916412299858 0.5541968267939925 -0.8672498091958636
v 0.3636046665184059 0.5687650713630349 -0.8778193172508814
v 0.43636493685923294 0.5816436368808642 -0.8848605580122192
v 0.5126334868025207 0.5925487603746555 -0.8879072448031552
v 0.5923073264031932 0.6011635948101295 -0.8864505579640084
v 0.6752034424245671 0.6071381676599183 -0.8799422579974222
v 0.7610408593636113 0.6100908935808917 -0.8678007808402225
v 0.849421175017059 0.6096122052384071 -0.8494211750170595
v 0.9398083437432653 0.605270942969308 -0.8241897971870511
v 1.031508944000937 0.5966241802871953 -0.7915046510735977
v 1.1236547236061196 0.5832311255445105 -0.7508020827107231
v 1.2151898257681752 0.5646715900218373 -0.7015901730237514
v 1.30486567934097 0.540569206247434 -0.6434885413522299
v 1.3912469556560498 0.5106190819784909 -0.5762733576430169
v 1.47273207071894 0.47461887354354665 -0.499925173570223
v 1.5475912358656838 0.432501390913785 -0.41467582186369295
v 1.6140238413161798 0.3843659057076037 -0.3210493032834115
v 1.6702348983877138 0.3305044987270165 -0.21989059593037302
v 1.7145274543747386 0.2714192961016895 -0.11237606645151527
v 1.8742871897170053 0.1672597786461532 0
v 1.885773656626155 0.08450388175409003 0.1236001355410322
v 1.878849829870241 2.0835330052440546e-16 0.24735527269407098
v 1.8535075465260487 -0.08450388175408934 0.3686855740355579
v 1.8104224024304139 -0.16725977864615252 0.4851012206904424
v 1.7509026023655219 -0.24662522284102098 0.5943513452279443
v 1.676783447748547 -0.3211556559900374 0.6945464452201662
v 1.5902835379385305 -0.38967329833642883 0.7842410528272663
v 1.493843317475285 -0.4513067089559222 0.8624708414714791
v 1.3899665970608526 -0.5055004286197581 0.9287459875774433
v 1.2810818214455961 -0.5519985417087715 0.9830086554044496
v 1.1694337790245333 -0.5908088584700886 1.0255658992331884
v 1.0570099705547187 -0.6221554669483328 1.0570099705547185
v 0.9455004030487133 -0.6464269145655445 1.0781365782863914
v 0.8362858946832128 -0.6641258093433248 1.0898689969003714
v 0.7304481649788868 -0.6758237695413013 1.0931929330358336
v 0.6287947067727786 -0.6821238576432357 1.0891043796608262
v 0.5318921771912165 -0.6836311802978031 1.0785706388310958
v 0.44010330069422915 -0.6809313176739696 1.0625033573811722
v 0.35362366075082485 -0.6745756423528555 1.0417417119316563
v 0.2725160235859109 -0.6650723164134476 1.0170436458992582
v 0.19674086852441036 -0.6528817154495047 0.989083138047907
v 0.12618256418237958 -0.6384151286058806 0.9584517308425141
v 0.06067114963708117 -0.6220357536489554 0.9256628659994407
v 5.4567683415524094e-17 -0.6040611972453847 0.8911578988083133
v -0.056060172900500936 -0.5847668738068238 0.8553129555960448
v -0.10775046583937728 -0.5643898564772332 0.8184460440475022
v -0.15531555446743894 -0.5431328655661448 0.7808240207155793
v -0.19899760374112618 -0.5211681830786246 0.7426691677463412
v -0.2390318891913287 -0.4986413599939465 0.7041652386147698
v -0.2756437618961493 -0.47567463979744345 0.6654629083532239
v -0.3090466513269113 -0.4523700618056126 0.6266846147474835
v -0.33944085650275946 -0.4288122349786245 0.5879288096274763
v -0.3670129252082983 -0.405070790506095 0.5492736588394578
v -0.39193546288676073 -0.38120253214461003 0.5107802397502893
v -0.41436724750602677 -0.35725330913857345 0.4724952892030457
v -0.43445355490585635 -0.33325963911596856 0.43445355490585646
v -0.4523266217380238 -0.3092501087499827 0.39667980084927484
v -0.4681061909945793 -0.28524657902652034 0.3591905135901747
v -0.4819000991140458 -0.26126522022334076 0.3219953518391982
v -0.49380487449753274 -0.23731739957605755 0.28509837721829984
v -0.5039063255865885 -0.21341044233660475 0.2484990996112673
v -0.5122801029777693 -0.18954828468588356 0.21219336638727787
v -0.5189922248059313 -0.16573203484478782 0.17617412102735205
v -0.5240995581669307 -0.14196045679369382 0.14043205336433745
v -0.5276502519487691 -0.11823038928786014 0.10495616076360285
v -0.5296841183188333 -0.09453711135460256 0.06973423710905209
v -0.5302329614478394 -0.07087466417597083 0.03475330439207013
v -0.5293208529755851 -0.04723613819014418 6.48231088318497e-17
v -0.5269643543479184 -0.02361393337528468 -0.03453906856415871
v -0.5231726865645353 -2.2090984173296334e-17 -0.06887699085572899
v -0.5179478481429046 0.023613933375284474 -0.1030262326533048
v -0.5112846822824765 0.047236138190143814 -0.1369983177199925
v -0.503170894355291 0.07087466417597063 -0.17080350302499728
v -0.4935870209997981 0.09453711135460235 -0.20445043830945
v -0.48250635229878763 0.11823038928785978 -0.23794580066719598
v -0.46989480882658413 0.1419604567936936 -0.27129389436683615
v -0.455710775807196 0.16573203484478743 -0.30449620546399897
v -0.43990489729480636 0.18954828468588322 -0.3375508998384174
v -0.4224198342442895 0.21341044233660456 -0.37045225213354366
v -0.40318999167268027 0.23731739957605735 -0.4031899916726802
v -0.38214122193504707 0.26126522022334053 -0.43574854977402405
v -0.35919051359017456 0.28524657902651995 -0.46810619099457906
v -0.33424567858757603 0.30925010874998254 -0.5002340087202033
v -0.30720505478453325 0.3332596391159681 -0.5320947632287913
v -0.2779572463674141 0.3572533091385733 -0.5636415379624138
v -0.24638093193147664 0.38120253214460975 -0.5948161873790921
v -0.21234477915979763 0.40507079050609474 -0.6255475476160174
v -0.17570751669765186 0.4288122349786242 -0.655749379587394
v -0.1363182284754319 0.45237006180561223 -0.6853180135111716
v -0.09401695397983757 0.47567463979744334 -0.7141296648582421
v -0.04863570042390769 0.49864135999394643 -0.7420373952625616
v -1.412387050360015e-16 0.5211681830786243 -0.7688676992927671
v 0.05206882215021073 0.5431328655661445 -0.7944167108928794
v 0.10775046583937713 0.5643898564772329 -0.8184460440475018
v 0.16722131360035872 0.5847668738068237 -0.8406783137882444
v 0.23064863640513594 0.6040611972453843 -0.8607924297604496
v 0.298183009409943 0.6220357536489551 -0.878418819691275
v 0.36994855932465626 0.6384151286058806 -0.893134829301972
v 0.44603063931083353 0.6528817154495045 -0.9044606636633804
v 0.5264605305184644 0.6650723164134474 -0.9118563870376456
v 0.6111968218317212 0.6745756423528553 -0.9147206856761869
v 0.7001032487512364 0.6809313176739695 -0.9123923173811695
v 0.7929230135679974 0.6836311802978031 -0.9041554101259225
v 0.8892500022664761 0.6821238576432358 -0.8892500022664764
v 0.9884978983597219 0.6758237695413015 -0.8668893905792838
v 1.0898689969003705 0.664125809343325 -0.8362858946832128
v 1.1923255377536581 0.6464269145655447 -0.7966864537726348
v 1.2945675404466652 0.6221554669483329 -0.7474189179610348
v 1.3950222760238618 0.5908088584700888 -0.687948854632947
v 1.491851378443033 0.5519985417087724 -0.6179450739961022
v 1.5829817834277986 0.505500428619759 -0.5373499080877088
v 1.6661657203971323 0.451306708955923 -0.4464477592368312
v 1.739072460840126 0.3896732983364294 -0.3459230202304779
v 1.7994102850055818 0.32115565599003754 -0.2368968582054328
v 1.8450714905688919 0.2466252228410206 -0.12093237463355784
v 1.974488833583661 0.09528991515817455 0
v 1.9764267029186378 -8.949239980270642e-17 0.1295418501097916
v 1.9575968078964894 -0.09528991515817506 0.2577225090286864
v 1.9186199875736938 -0.18841107366010176 0.38163724383021347
v 1.860918190687719 -0.27734028606691413 0.4986315263751603
v 1.786581667184852 -0.36032541800004686 0.6064627557331282
v 1.6981823954800326 -0.43597533088214396 0.7034101795910606
v 1.5985636936227263 -0.5033064678336863 0.7883243737297545
v 1.4906356550976745 -0.5617465813025935 0.8606188967342963
v 1.3771997430845608 -0.6111028176817463 0.9202154484770502
v 1.2608164058225462 -0.6515052139983103 0.967458455074273
v 1.1437199489175371 -0.6833374742167672 1.0030154754559584
v 1.0277772794234943 -0.7071653863780204 1.0277772794234943
v 0.9144824579400974 -0.7236704807603521 1.042767390608578
v 0.8049771501333767 -0.7335934954745738 1.0490666466112208
v 0.7000873478995974 -0.7376895742821531 1.0477547592357364
v 0.6003682568494706 -0.7366951822119203 1.0398683241148443
v 0.5061512644750752 -0.7313055244778373 1.0263732314186478
v 0.41758889367893737 -0.7221606731152267 1.008148770616067
v 0.3346953284544839 -0.7098384662836518 0.9859806430921597
v 0.25738137219190466 -0.6948523762746308 0.9605603579419836
v 0.18548357581363994 -0.6776528088837964 0.9324889058286305
v 0.11878781868481916 -0.6586306066140665 0.9022830623168637
v 0.05704792209566057 -0.6381218260676852 0.8703830961216393
v 5.126132798414301e-17 -0.6164131183129502 0.8371610168716913
v -0.052626732792875615 -0.5937472504192859 0.8029287824054413
v -0.1011020222699785 -0.5703284675764233 0.7679461014620202
v -0.14568891263608602 -0.5463275141897541 0.7324276240602681
v -0.18663985477345282 -0.521886216820474 0.6965494207318024
v -0.224194168968357 -0.4971215895255116 0.6604547243538672
v -0.2585765252859215 -0.47212945983853505 0.6242589542565814
v -0.28999617453144677 -0.44698763688156673 0.5880540692940308
v -0.3186467210929221 -0.421758656243179 0.5519123105981707
v -0.3447062767177959 -0.39649214256103066 0.5158894001628185
v -0.3683378726211706 -0.3712268325773142 0.48002726137826157
v -0.3896900376386108 -0.3459923004798944 0.44435632435192207
v -0.4088974737995581 -0.3208104247648132 0.4088974737995581
v -0.42608177896088234 -0.29569663244253674 0.3736636914587763
v -0.44135218009191246 -0.2706609526740452 0.33866143898787504
v -0.4548062513542679 -0.2457089081865522 0.30389182154707695
v -0.4665305990187191 -0.22084226927488482 0.26935156692865475
v -0.47660150110778965 -0.19605969194867018 0.23503385031096002
v -0.4850854939236571 -0.1713572588860094 0.20092899049363042
v -0.4920399006905186 -0.14672893931407593 0.16702503982010916
v -0.4975132997005943 -0.12216698174763356 0.13330828687851753
v -0.5015459308290087 -0.0976622516577612 0.09976368845083247
v -0.5041700402488092 -0.07320452458980897 0.06637524500749363
v -0.5054101637669481 -0.04878274397533183 0.033126332275302456
v -0.5052833495179399 -0.02438525186238423 6.187936366495983e-17
v -0.5037993208736238 -2.2811981935568067e-17 -0.03302075205402253
v -0.5009605804173084 0.024385251862384348 -0.06595271160477022
v -0.4967624557387253 0.04878274397533196 -0.09881219609632247
v -0.49119308767480796 0.0732045245898089 -0.13161479117021424
v -0.4842333614880505 0.09766225165776117 -0.1643750768408473
v -0.4758567813756516 0.12216698174763349 -0.19710633259300367
v -0.4660292886773734 0.14672893931407588 -0.22982021210786882
v -0.454709024241834 0.1713572588860095 -0.262526377548975
v -0.4418460356724554 0.19605969194867012 -0.295232082285663
v -0.42738193067105307 0.22084226927488476 -0.3279416895784517
v -0.4112494785125191 0.24570890818655228 -0.3606561130735247
v -0.39337216292540467 0.27066095267404516 -0.39337216292540456
v -0.3736636914587764 0.2956966324425367 -0.42608177896088234
v -0.3520274689638497 0.32081042476481314 -0.45877112949075866
v -0.328356046338813 0.34599230047989454 -0.4914195511567239
v -0.3025305604700971 0.37122683257731415 -0.5239983015764961
v -0.2744201877252186 0.39649214256103066 -0.556469092562969
v -0.24388164187944217 0.4217586562431789 -0.5887823674391665
v -0.21075875857280957 0.44698763688156673 -0.6208752816314966
v -0.17488222300823908 0.4721294598385352 -0.6526693416073395
v -0.13606951646999565 0.4971215895255115 -0.6840676538240762
v -0.09412518136148919 0.521886216820474 -0.7149517334375319
v -0.048841534946819073 0.5463275141897544 -0.7451778232178501
v -1.4228669264118002e-16 0.5703284675764231 -0.7745726780992177
v 0.052626732792874976 0.5937472504192858 -0.8029287824054413
v 0.10927143980732797 0.6164131183129502 -0.8299989883199121
v 0.170167660523253 0.6381218260676855 -0.8554906000312142
v 0.23554314485773503 0.6586306066140665 -0.8790589839836248
v 0.3056109642749262 0.6776528088837964 -0.9003008691015691
v 0.3805577247927013 0.6948523762746309 -0.9187476204603866
v 0.46052826246751466 0.7098384662836519 -0.9338589352307638
v 0.5456061830245986 0.7221606731152269 -0.9450176299223285
v 0.6357896599353354 0.7313055244778373 -0.9515264689023554
v 0.7309620759423163 0.7366951822119203 -0.9526083239527071
v 0.830857442691353 0.7376895742821532 -0.9474113362814559
v 0.9350211337902916 0.7335934954745738 -0.935021133790292
v 1.042767390608577 0.7236704807603521 -0.9144824579400976
v 1.1531363570546107 0.7071653863780205 -0.8848326475877459
v 1.2648550569540602 0.6833374742167675 -0.8451491291209011
v 1.3763086149604984 0.6515052139983101 -0.7946121493354458
v 1.4855298268782966 0.6111028176817459 -0.7325822393581073
v 1.5902163679705208 0.5617465813025943 -0.6586891867210751
v 1.6877847383581914 0.5033064678336867 -0.5729257174802971
v 1.77546766198499 0.4359753308821441 -0.4757351262164514
v 1.850456487584201 0.3603254180000464 -0.36807868067842103
v 1.9100822520530096 0.2773402860669134 -0.2514670990801367
v 1.9520195838555363 0.18841107366010038 -0.1279421230090516
v 2.0128094932804115 5.841251200180411e-16 0
v 2.001960224264036 -0.09946071884608607 0.13121540551663585
v 1.9698776361206358 -0.19657809362685066 0.259339310736837
v 1.917908671001436 -0.2891721577719479 0.3814957541668692
v 1.8481451477214799 -0.3753663139473897 0.49520899982746847
v 1.7632239077740515 -0.45368612179868506 0.598533864823626
v 1.6660977710457154 -0.5231082445118679 0.6901202930067191
v 1.5598111535215877 -0.5830607375016897 0.7692137358317834
v 1.4473070892425879 -0.6333836214273229 0.8356031375742616
v 1.3312815236235522 -0.6742628909403703 0.8895338751419141
v 1.2140896957800889 -0.7061517068713258 0.9316037893992278
v 1.0977007521772368 -0.7296904564077961 0.9626577230688818
v 0.9836914967118815 -0.7456339672961833 0.9836914967118813
v 0.8732682068675653 -0.754790591946393 0.9957715442983075
v 0.7673058672532499 -0.7579748794867114 0.9999724749343613
v 0.6663959609004114 -0.7559734374836676 0.9973320353005615
v 0.5708962493492451 -0.7495223437231971 0.9888213097234029
v 0.4809781883145379 -0.7392939286285811 0.975327282634081
v 0.39666946739043285 -0.7258906880883099 0.957644807953295
v 0.3178905342784461 -0.7098443031685074 0.9364753158286082
v 0.2444848921081432 -0.6916180857074697 0.9124300390305858
v 0.17624352404091942 -0.6716115381827383 0.8860360286423453
v 0.1129240975017222 -0.6501660568444859 0.8577436780244816
v 0.0542657171993371 -0.6275710937630956 0.8279348522110866
v 4.879795105983287e-17 -0.6040703199363237 0.7969310187036442
v -0.050140814626995746 -0.5798675020187642 0.765001000455814
v -0.09641809400157128 -0.5551319281919139 0.7323681340535565
v -0.13908285478972632 -0.5300033039426015 0.6992167285619961
v -0.17837318664217855 -0.5045960951748139 0.6656977952565764
v -0.2145127099082489 -0.4790033318583583 0.6319340656573896
v -0.24770979351373512 -0.4532999064506149 0.5980243430334983
v -0.2781573199201344 -0.4275454122798478 0.5640472469929744
v -0.3060328335231481 -0.4017865713778744 0.5300644164463606
v -0.33149894830667725 -0.3760593013424206 0.49612323635332256
v -0.3547039216008923 -0.35039046839474264 0.4622591504765607
v -0.37578232489970503 -0.32479937002568 0.4284976173902272
v -0.3948557612181676 -0.29929898624821666 0.3948557612181677
v -0.4120335925644998 -0.2738970339752392 0.3613437626414138
v -0.4274136517197536 -0.24859685470609577 0.3279660299952071
v -0.4410829204361604 -0.22339816169626703 0.29472218498650005
v -0.4531181620025747 -0.1982976691794391 0.26160789280689495
v -0.4635865003708068 -0.1732896230365938 0.22861556222772283
v -0.4725459410717082 -0.14836624955694017 0.19573493763625896
v -0.48004583127031286 -0.12351813658742854 0.16295360187431732
v -0.4861272577427935 -0.09873455938957744 0.1302574061309379
v -0.4908233824789003 -0.07400376187998589 0.09763084097416957
v -0.4941597161551547 -0.04931320259073062 0.0650573608389047
v -0.4961543299881432 -0.024649773617435842 0.03251967287819733
v -0.4968180065418077 -1.902969878995147e-16 6.084265814701936e-17
v -0.4961543299881432 0.024649773617435464 -0.0325196728781972
v -0.4941597161551547 0.0493132025907304 -0.0650573608389048
v -0.49082338247890017 0.07400376187998549 -0.09763084097416944
v -0.4861272577427934 0.09873455938957688 -0.13025740613093753
v -0.4800458312703128 0.12351813658742813 -0.16295360187431718
v -0.4725459410717082 0.14836624955693975 -0.19573493763625882
v -0.46358650037080673 0.1732896230365934 -0.2286155622277227
v -0.45311816200257465 0.19829766917943883 -0.261607892806895
v -0.44108292043616026 0.22339816169626667 -0.2947221849864999
v -0.42741365171975354 0.24859685470609522 -0.32796602999520663
v -0.4120335925644999 0.2738970339752388 -0.3613437626414137
v -0.3948557612181676 0.29929898624821627 -0.3948557612181675
v -0.37578232489970503 0.3247993700256796 -0.42849761739022696
v -0.3547039216008923 0.3503904683947422 -0.46225915047656035
v -0.3314989483066772 0.37605930134242016 -0.4961232363533222
v -0.3060328335231483 0.4017865713778738 -0.5300644164463602
v -0.2781573199201345 0.42754541227984744 -0.564047246992974
v -0.2477097935137353 0.45329990645061435 -0.5980243430334977
v -0.2145127099082491 0.47900333185835786 -0.6319340656573892
v -0.17837318664217836 0.5045960951748136 -0.6656977952565762
v -0.1390828547897266 0.5300033039426011 -0.6992167285619956
v -0.0964180940015714 0.5551319281919135 -0.7323681340535559
v -0.05014081462699541 0.5798675020187641 -0.7650010004558139
v -1.4639385317949848e-16 0.6040703199363233 -0.7969310187036437
v 0.05426571719933648 0.6275710937630951 -0.8279348522110858
v 0.11292409750172176 0.6501660568444855 -0.857743678024481
v 0.1762435240409193 0.6716115381827381 -0.8860360286423448
v 0.2444848921081426 0.6916180857074694 -0.9124300390305851
v 0.31789053427844566 0.709844303168507 -0.9364753158286074
v 0.3966694673904329 0.7258906880883098 -0.9576448079532945
v 0.48097818831453737 0.7392939286285809 -0.9753272826340805
v 0.5708962493492448 0.749522343723197 -0.9888213097234023
v 0.6663959609004102 0.7559734374836674 -0.9973320353005608
v 0.7673058672532495 0.7579748794867116 -0.999972474934361
v 0.8732682068675651 0.7547905919463932 -0.9957715442983069
v 0.9836914967118803 0.7456339672961833 -0.9836914967118808
v 1.0977007521772348 0.7296904564077966 -0.9626577230688814
v 1.214089695780088 0.7061517068713261 -0.9316037893992277
v 1.3312815236235518 0.6742628909403706 -0.8895338751419138
v 1.4473070892425852 0.633383621427324 -0.8356031375742612
v 1.5598111535215866 0.583060737501691 -0.769213735831783
v 1.6660977710457137 0.5231082445118687 -0.6901202930067196
v 1.763223907774051 0.4536861217986858 -0.5985338648236265
v 1.8481451477214799 0.37536631394739023 -0.4952089998274683
v 1.9179086710014346 0.28917215777195016 -0.3814957541668699
v 1.9698776361206354 0.19657809362685247 -0.2593393107368372
v 2.001960224264036 0.09946071884608758 -0.13121540551663527
v 1.974488833583663 -0.09528991515817392 0
v 1.9520195838555376 -0.18841107366010082 0.12794212300905222
v 1.9100822520530112 -0.2773402860669137 0.25146709908013665
v 1.850456487584203 -0.3603254180000462 0.36807868067842053
v 1.775467661984992 -0.4359753308821437 0.47573512621645214
v 1.6877847383581934 -0.5033064678336862 0.5729257174802972
v 1.5902163679705232 -0.5617465813025935 0.658689186721075
v 1.4855298268782975 -0.6111028176817466 0.7325822393581076
v 1.3763086149605004 -0.6515052139983104 0.7946121493354458
v 1.2648550569540615 -0.6833374742167678 0.845149129120902
v 1.1531363570546118 -0.7071653863780207 0.8848326475877462
v 1.0427673906085788 -0.7236704807603526 0.9144824579400981
v 0.9350211337902926 -0.7335934954745743 0.9350211337902924
v 0.830857442691353 -0.7376895742821536 0.9474113362814562
v 0.7309620759423169 -0.7366951822119208 0.9526083239527077
v 0.6357896599353363 -0.7313055244778379 0.9515264689023558
v 0.545606183024599 -0.7221606731152275 0.945017629922329
v 0.46052826246751505 -0.7098384662836524 0.933858935230764
v 0.3805577247927012 -0.6948523762746316 0.9187476204603869
v 0.30561096427492657 -0.6776528088837972 0.9003008691015695
v 0.2355431448577356 -0.6586306066140672 0.8790589839836253
v 0.17016766052325302 -0.6381218260676859 0.8554906000312144
v 0.1092714398073284 -0.616413118312951 0.8299989883199125
v 0.05262673279287556 -0.5937472504192866 0.8029287824054417
v 4.7428897547060024e-17 -0.5703284675764239 0.7745726780992179
v -0.04884153494681938 -0.5463275141897548 0.74517782321785
v -0.09412518136148904 -0.5218862168204748 0.7149517334375323
v -0.1360695164699954 -0.49712158952551216 0.6840676538240766
v -0.1748822230082392 -0.4721294598385355 0.6526693416073394
v -0.21075875857280935 -0.44698763688156734 0.6208752816314969
v -0.24388164187944184 -0.4217586562431795 0.5887823674391668
v -0.2744201877252185 -0.3964921425610311 0.5564690925629691
v -0.30253056047009674 -0.3712268325773148 0.5239983015764964
v -0.3283560463388128 -0.345992300479895 0.49141955115672403
v -0.3520274689638495 -0.32081042476481353 0.45877112949075877
v -0.37366369145877626 -0.2956966324425371 0.42608177896088234
v -0.3933721629254045 -0.27066095267404555 0.39337216292540456
v -0.411249478512519 -0.2457089081865527 0.3606561130735247
v -0.42738193067105285 -0.22084226927488526 0.327941689578452
v -0.4418460356724553 -0.1960596919486705 0.29523208228566306
v -0.454709024241834 -0.17135725888600972 0.2625263775489749
v -0.4660292886773733 -0.14672893931407624 0.22982021210786888
v -0.4758567813756515 -0.12216698174763385 0.19710633259300375
v -0.4842333614880503 -0.09766225165776146 0.16437507684084737
v -0.4911930876748078 -0.0732045245898094 0.13161479117021455
v -0.49676245573872513 -0.04878274397533227 0.09881219609632257
v -0.5009605804173082 -0.024385251862384483 0.06595271160477008
v -0.5037993208736237 -2.7097876046959804e-16 0.03302075205402265
v -0.5052833495179396 0.024385251862383942 6.187936366495981e-17
v -0.5054101637669479 0.048782743975331555 -0.03312633227530231
v -0.504170040248809 0.07320452458980886 -0.06637524500749369
v -0.5015459308290084 0.09766225165776093 -0.0997636884508323
v -0.49751329970059416 0.12216698174763313 -0.1333082868785171
v -0.49203990069051845 0.14672893931407566 -0.16702503982010897
v -0.48508549392365685 0.17135725888600908 -0.2009289904936302
v -0.4766015011077896 0.19605969194867004 -0.23503385031095983
v -0.4665305990187188 0.22084226927488482 -0.26935156692865475
v -0.4548062513542677 0.24570890818655208 -0.30389182154707667
v -0.44135218009191235 0.2706609526740448 -0.3386614389878745
v -0.4260817789608822 0.29569663244253647 -0.3736636914587761
v -0.40889747379955793 0.32081042476481303 -0.4088974737995578
v -0.3896900376386108 0.3459923004798942 -0.44435632435192185
v -0.36833787262117057 0.3712268325773141 -0.48002726137826124
v -0.3447062767177959 0.39649214256103066 -0.515889400162818
v -0.31864672109292225 0.42175865624317893 -0.5519123105981703
v -0.28999617453144677 0.4469876368815668 -0.5880540692940305
v -0.2585765252859218 0.4721294598385349 -0.6242589542565807
v -0.2241941689683572 0.4971215895255116 -0.6604547243538668
v -0.18663985477345263 0.5218862168204742 -0.6965494207318023
v -0.1456889126360863 0.5463275141897541 -0.7324276240602675
v -0.10110202226997864 0.5703284675764233 -0.7679461014620196
v -0.05262673279287528 0.5937472504192863 -0.8029287824054414
v -1.5378398395242896e-16 0.6164131183129505 -0.837161016871691
v 0.057047922095659946 0.6381218260676854 -0.870383096121639
v 0.11878781868481869 0.6586306066140668 -0.9022830623168634
v 0.18548357581363986 0.6776528088837968 -0.9324889058286302
v 0.257381372191904 0.6948523762746311 -0.960560357941983
v 0.3346953284544835 0.7098384662836521 -0.9859806430921594
v 0.41758889367893753 0.7221606731152271 -1.0081487706160668
v 0.5061512644750749 0.7313055244778377 -1.0263732314186476
v 0.6003682568494705 0.7366951822119209 -1.039868324114844
v 0.7000873478995965 0.7376895742821538 -1.0477547592357361
v 0.8049771501333763 0.7335934954745743 -1.0490666466112208
v 0.9144824579400977 0.7236704807603529 -1.042767390608578
v 1.0277772794234938 0.7071653863780213 -1.0277772794234943
v 1.1437199489175363 0.6833374742167686 -1.003015475455959
v 1.2608164058225457 0.6515052139983113 -0.9674584550742732
v 1.3771997430845613 0.6111028176817473 -0.9202154484770505
v 1.490635655097674 0.561746581302595 -0.8606188967342971
v 1.598563693622727 0.5033064678336875 -0.7883243737297552
v 1.6981823954800328 0.43597533088214574 -0.7034101795910619
v 1.7865816671848525 0.360325418000048 -0.606462755733129
v 1.8609181906877201 0.27734028606691496 -0.49863152637516045
v 1.9186199875736945 0.1884110736601031 -0.3816372438302145
v 1.9575968078964907 0.09528991515817568 -0.25772250902868676
v 1.9764267029186389 2.6847719940811957e-16 -0.12954185010979116
v 1.8742871897170066 -0.16725977864615285 0
v 1.8450714905688936 -0.24662522284102129 0.12093237463355845
v 1.799410285005583 -0.32115565599003815 0.2368968582054328
v 1.739072460840128 -0.38967329833642966 0.34592302023047744
v 1.6661657203971343 -0.45130670895592306 0.44644775923683194
v 1.5829817834278006 -0.5055004286197591 0.537349908087709
v 1.4918513784430358 -0.5519985417087725 0.6179450739961023
v 1.3950222760238626 -0.5908088584700898 0.6879488546329473
v 1.2945675404466668 -0.6221554669483339 0.7474189179610347
v 1.1923255377536588 -0.6464269145655456 0.7966864537726354
v 1.0898689969003719 -0.6641258093433259 0.8362858946832132
v 0.9884978983597235 -0.6758237695413023 0.866889390579284
v 0.8892500022664768 -0.6821238576432368 0.8892500022664768
v 0.7929230135679977 -0.6836311802978042 0.9041554101259232
v 0.7001032487512369 -0.6809313176739705 0.91239231738117
v 0.611196821831722 -0.6745756423528562 0.9147206856761873
v 0.5264605305184646 -0.6650723164134485 0.9118563870376458
v 0.44603063931083387 -0.6528817154495055 0.9044606636633807
v 0.36994855932465603 -0.6384151286058813 0.8931348293019719
v 0.2981830094099433 -0.622035753648956 0.878418819691275
v 0.2306486364051364 -0.6040611972453852 0.8607924297604496
v 0.16722131360035875 -0.5847668738068245 0.8406783137882444
v 0.10775046583937752 -0.5643898564772337 0.8184460440475018
v 0.05206882215021128 -0.5431328655661454 0.7944167108928794
v 4.707956834533384e-17 -0.5211681830786251 0.768867699292767
v -0.048635700423907975 -0.49864135999394693 0.7420373952625613
v -0.09401695397983736 -0.475674639797444 0.714129664858242
v -0.13631822847543157 -0.45237006180561296 0.6853180135111717
v -0.17570751669765194 -0.42881223497862464 0.6557493795873938
v -0.2123447791597973 -0.4050707905060953 0.6255475476160173
v -0.24638093193147617 -0.3812025321446104 0.5948161873790921
v -0.27795724636741387 -0.35725330913857384 0.5636415379624137
v -0.3072050547845327 -0.3332596391159688 0.5320947632287913
v -0.3342456785875758 -0.3092501087499831 0.5002340087202032
v -0.35919051359017434 -0.28524657902652045 0.46810619099457906
v -0.3821412219350468 -0.261265220223341 0.43574854977402394
v -0.40318999167268 -0.2373173995760578 0.40318999167268
v -0.4224198342442891 -0.21341044233660497 0.3704522521335434
v -0.4399048972948059 -0.1895482846858838 0.33755089983841746
v -0.45571077580719566 -0.16573203484478785 0.30449620546399897
v -0.4698948088265838 -0.1419604567936938 0.2712938943668358
v -0.4825063522987872 -0.11823038928786014 0.23794580066719595
v -0.4935870209997977 -0.09453711135460269 0.20445043830944995
v -0.5031708943552907 -0.07087466417597098 0.17080350302499728
v -0.511284682282476 -0.0472361381901443 0.13699831771999277
v -0.5179478481429042 -0.023613933375284776 0.10302623265330488
v -0.523172686564535 -1.021987157507583e-16 0.06887699085572883
v -0.5269643543479181 0.023613933375284408 0.034539068564158816
v -0.5293208529755847 0.04723613819014393 6.482310883184966e-17
v -0.5302329614478389 0.07087466417597062 -0.03475330439206997
v -0.5296841183188329 0.0945371113546025 -0.06973423710905215
v -0.5276502519487686 0.11823038928785992 -0.10495616076360262
v -0.5240995581669303 0.14196045679369343 -0.14043205336433695
v -0.518992224805931 0.1657320348447877 -0.17617412102735178
v -0.5122801029777689 0.18954828468588336 -0.21219336638727757
v -0.5039063255865882 0.21341044233660467 -0.24849909961126695
v -0.4938048744975323 0.23731739957605766 -0.2850983772182997
v -0.4819000991140454 0.26126522022334076 -0.3219953518391978
v -0.468106190994579 0.28524657902651995 -0.35919051359017395
v -0.45232662173802357 0.3092501087499826 -0.3966798008492745
v -0.434453554905856 0.33325963911596856 -0.43445355490585597
v -0.41436724750602644 0.35725330913857334 -0.4724952892030451
v -0.3919354628867606 0.3812025321446102 -0.5107802397502889
v -0.3670129252082982 0.4050707905060952 -0.5492736588394572
v -0.3394408565027595 0.4288122349786243 -0.5879288096274752
v -0.30904665132691117 0.45237006180561284 -0.6266846147474828
v -0.2756437618961495 0.4756746397974435 -0.6654629083532231
v -0.2390318891913288 0.4986413599939468 -0.7041652386147691
v -0.19899760374112588 0.521168183078625 -0.7426691677463407
v -0.15531555446743922 0.5431328655661452 -0.7808240207155787
v -0.10775046583937742 0.5643898564772336 -0.8184460440475015
v -0.05606017290050056 0.5847668738068243 -0.8553129555960445
v -1.6370305024657213e-16 0.604061197245385 -0.8911578988083126
v 0.06067114963708048 0.6220357536489558 -0.9256628659994398
v 0.12618256418237905 0.638415128605881 -0.9584517308425134
v 0.19674086852441025 0.6528817154495056 -0.9890831380479067
v 0.2725160235859102 0.6650723164134482 -1.0170436458992576
v 0.3536236607508244 0.6745756423528562 -1.0417417119316559
v 0.44010330069422926 0.6809313176739705 -1.062503357381172
v 0.5318921771912161 0.6836311802978041 -1.0785706388310956
v 0.6287947067727786 0.6821238576432368 -1.0891043796608262
v 0.7304481649788859 0.6758237695413024 -1.0931929330358334
v 0.8362858946832129 0.6641258093433261 -1.0898689969003716
v 0.9455004030487139 0.6464269145655457 -1.0781365782863916
v 1.0570099705547185 0.6221554669483342 -1.0570099705547187
v 1.1694337790245326 0.5908088584700906 -1.0255658992331893
v 1.2810818214455963 0.5519985417087732 -0.9830086554044504
v 1.389966597060853 0.5055004286197594 -0.9287459875774438
v 1.4938433174752845 0.451306708955924 -0.8624708414714803
v 1.5902835379385316 0.3896732983364303 -0.7842410528272671
v 1.6767834477485477 0.3211556559900393 -0.6945464452201677
v 1.7509026023655228 0.2466252228410222 -0.5943513452279451
v 1.8104224024304152 0.16725977864615332 -0.48510122069044265
v 1.8535075465260498 0.08450388175409054 -0.36868557403555907
v 1.8788498298702425 2.3800349055805044e-16 -0.2473552726940714
v 1.8857736566261565 -0.08450388175409007 -0.1236001355410318
v 1.7454046735519226 -0.20782656086077203 0
v 1.7145274543747386 -0.2714192961016896 0.11237606645151574
v 1.6702348983877136 -0.3305044987270162 0.21989059593037277
v 1.6140238413161798 -0.38436590570760315 0.3210493032834108
v 1.5475912358656838 -0.43250139091378476 0.41467582186369306
v 1.4727320707189402 -0.47461887354354626 0.4999251735702226
v 1.3912469556560503 -0.5106190819784903 0.576273357643016
v 1.3048656793409703 -0.5405692062474339 0.64348854135223
v 1.2151898257681761 -0.5646715900218368 0.7015901730237508
v 1.1236547236061192 -0.58323112554451 0.7508020827107228
v 1.0315089440009375 -0.5966241802871951 0.7915046510735975
v 0.9398083437432663 -0.6052709429693076 0.8241897971870507
v 0.8494211750170595 -0.6096122052384069 0.8494211750170593
v 0.7610408593636109 -0.6100908935808914 0.8678007808402222
v 0.6752034424245672 -0.6071381676599182 0.8799422579974222
v 0.5923073264031938 -0.6011635948101294 0.8864505579640086
v 0.5126334868025209 -0.5925487603746555 0.8879072448031553
v 0.4363649368592333 -0.5816436368808642 0.8848605580122192
v 0.36360466651840573 -0.5687650713630348 0.8778193172508815
v 0.29439164122998607 -0.5541968267939923 0.8672498091958635
v 0.22871470541390135 -0.538190706914863 0.8535749010428284
v 0.16652441106460256 -0.5209683882759056 0.8371747481480747
v 0.10774290140256942 -0.5027236700464948 0.8183885864455064
v 0.05227203979391641 -0.48362492680460945 0.7975172129868561
v 4.744440017400082e-17 -0.46381761081211315 0.7748258552103914
v -0.04919346314516259 -0.4434266987640824 0.7505472099305305
v -0.09543285452789368 -0.4225590151389229 0.7248844972693508
v -0.13884370166735352 -0.40130539189849707 0.698014424625226
v -0.1795500726205488 -0.37974264423800297 0.6700899935225696
v -0.21767270467797742 -0.3579353560431804 0.6412431100638714
v -0.253327621594052 -0.33593747811388336 0.6115869797760798
v -0.28662513714076215 -0.31379374823427714 0.5812182816891173
v -0.31766916049735316 -0.2915409457431651 0.5502191259791681
v -0.346556734294962 -0.26920899510311624 0.5186588056363731
v -0.37337774911621385 -0.24682193362787835 0.486595356302588
v -0.39821478910245917 -0.22439875840667312 0.454076940381635
v -0.4211430722892547 -0.20195416685395107 0.4211430722892548
v -0.44223045662872906 -0.1794992044226638 0.3878257016819347
v -0.4615374886110415 -0.15704183199384145 0.3541501709752844
v -0.47911747619097766 -0.13458742439479657 0.32013606264461947
v -0.49501657155917744 -0.11213921046871196 0.28579795084301673
v -0.5092738523434256 -0.08969866416211017 0.2511460708805021
v -0.5219213922315888 -0.06726585523968674 0.21618691915497187
v -0.5329843138992445 -0.04483976749299239 0.18092379526047303
v -0.5424808186072264 -0.02241859168802484 0.14535729725518085
v -0.5504221879963295 -9.702919176275152e-17 0.10948578047264128
v -0.5568127545241097 0.022418591688024802 0.07330578982161659
v -0.5616498377278795 0.04483976749299236 0.03681247525430188
v -0.564923644117219 0.0672658552396867 6.918319325308107e-17
v -0.5666171290528228 0.08969866416211014 -0.037138048728550616
v -0.5667058195089476 0.11213921046871207 -0.07460823653566502
v -0.5651575971979963 0.13458742439479668 -0.11241683560125268
v -0.5619324422159077 0.1570418319938413 -0.1505693440926007
v -0.5569821382114453 0.17949920442266382 -0.18906995892670447
v -0.5502499411673948 0.2019541668539509 -0.22792098832653251
v -0.5416702152981431 0.22439875840667312 -0.26712218909167085
v -0.5311680414263925 0.24682193362787855 -0.30667001170245406
v -0.5186588056363731 0.2692089951031162 -0.346556734294962
v -0.5040477791761755 0.29154094574316486 -0.3867694641927386
v -0.487229704697722 0.3137937482342771 -0.42728898309081353
v -0.46808840922101796 0.3359374781138834 -0.4680884092210178
v -0.44649647097806466 0.3579353560431802 -0.5091316469935319
v -0.422314975869758 0.37974264423800297 -0.5503715918842897
v -0.39539341004449596 0.4013053918984972 -0.5917480559925514
v -0.3655697485107261 0.4225590151389228 -0.6331853781307538
v -0.3326708161814211 0.4434266987640826 -0.6745896821119529
v -0.296513017757129 0.46381761081211303 -0.715845748889434
v -0.25690355674783577 0.4836249268046095 -0.7568134735090615
v -0.2136422918901649 0.5027236700464949 -0.7973238879795561
v -0.16652441106460286 0.5209683882759056 -0.8371747481480747
v -0.11534413779550963 0.5381907069148631 -0.8761257090389785
v -0.059899721826252104 0.5541968267939925 -0.9138931520158604
v -1.745387649478868e-16 0.5687650713630348 -0.9501447822583485
v 0.06452715836522027 0.5816436368808641 -0.9844941904750724
v 0.13382419407364182 0.5925487603746554 -1.0164956725169962
v 0.20799067367677707 0.6011635948101293 -1.0456397277691212
v 0.2870673171636793 0.6071381676599182 -1.0713498128473424
v 0.37101709194979926 0.6100908935808914 -1.0929811079469387
v 0.45970342730083325 0.6096122052384068 -1.109822248859065
v 0.5528659127599074 0.6052709429693076 -1.1211011672747682
v 0.6500942843590205 0.596624180287195 -1.1259963302199525
v 0.7508020827107224 0.5832311255445101 -1.1236547236061192
v 0.8542020726168281 0.5646715900218366 -1.1132178145677967
v 0.9592862901272824 0.5405692062474335 -1.093856369706475
v 1.064814320515878 0.5106190819784902 -1.0648143205158787
v 1.169313935662627 0.47461887354354654 -1.025460799425552
v 1.271098300680539 0.43250139091378476 -0.9753480304863735
v 1.3683033426383473 0.3843659057076029 -0.9142710637445146
v 1.4589473491110367 0.3305044987270163 -0.842323644742749
v 1.5410123642001465 0.27141929610168947 -0.7599431988629887
v 1.6125436538441646 0.20782656086077234 -0.6679374513409198
v 1.6717599080647458 0.1406445248516267 -0.5674860205896242
v 1.7171636974564024 0.0709635999547597 -0.4601126260054836
v 1.7476398794120884 1.9977875787658158e-16 -0.3476271857409594
v 1.762529873045667 -0.07096359995476029 -0.232041459858858
v 1.7616722605124124 -0.14064452485162726 -0.11546610029953151
v 1.6198184885907576 -0.2242892286848354 0
v 1.590173806731235 -0.2740441163616468 0.10422549777125452
v 1.5495018689728541 -0.31996983252144995 0.203995791066614
v 1.4989935925856008 -0.36164087090866115 0.2981683641881404
v 1.4399634082407469 -0.3987709542069576 0.38583703236847516
v 1.373784314340359 -0.4312066222522769 0.4663369362625375
v 1.3018297135481058 -0.45891451788101995 0.5392355232519068
v 1.2254250800941848 -0.4819644759520868 0.6043127731924919
v 1.145810914424396 -0.5005104627242857 0.6615342398833362
v 1.0641170749861566 -0.5147711295803558 0.7110202977509185
v 0.981347563677683 -0.5250113396641255 0.7530144701972876
v 0.898374212231911 -0.5315255890338473 0.7878530390870456
v 0.8159374319423697 -0.5346238412566029 0.8159374319423697
v 0.7346521711843348 -0.5346199640437814 0.8377102490040285
v 0.655017386214566 -0.5318227127190582 0.8536352773669497
v 0.5774275907745428 -0.5265290451941569 0.8641814598752303
v 0.502185346366788 -0.5190194640730852 0.8698105347238512
v 0.42951384459979586 -0.5095550469287744 0.8709679172255589
v 0.3595689902041333 -0.49837582914293593 0.8680763327596168
v 0.2924506064138679 -0.4857002306726249 0.8615317050170632
v 0.22821255102529425 -0.4717252575561547 0.8517008353513031
v 0.16687165494408754 -0.45662725292950745 0.8389204610168085
v 0.10841548164433983 -0.4405630155835024 0.8234973405830716
v 0.05280896286434726 -0.4236711436039255 0.8057090760250418
v 4.8116705730772536e-17 -0.40607349491456934 0.7858054381765136
v -0.05007586187082122 -0.387876685143988 0.7640100128975639
v -0.0974915745691558 -0.36917356635912496 0.7405220284897172
v -0.1423254311192955 -0.35004464840057503 0.7155182605998716
v -0.18465850953914895 -0.33055943851486574 0.6891549396500459
v -0.2245726211576448 -0.3107776854363803 0.6615696085522714
v -0.26214867893543237 -0.29075052170929055 0.632882896044111
v -0.2974654118774296 -0.2705215034625982 0.6032001843175304
v -0.33059836180125846 -0.25012755057125957 0.5726131595388179
v -0.36161910811119174 -0.2295997925739623 0.5412012410891645
v -0.3905946746494783 -0.20896432721032232 0.5090328904998557
v -0.41758708010137235 -0.1882428992515204 0.4761668046099217
v -0.4426529998378056 -0.16745350763263972 0.4426529998378056
v -0.4658435125557928 -0.14661094890703466 0.4085337959493012
v -0.48720390971031213 -0.1257273048487578 0.37384470856958735
v -0.5067735496211231 -0.10481238171381417 0.33861526011937015
v -0.52458574138344 -0.08387410829688073 0.3028697190007685
v -0.5406676464080795 -0.0629188995315753 0.2666277768292549
v -0.5550401876535037 -0.04195199201074404 0.22990517338818905
v -0.5677179584702863 -0.02097775747023646 0.19271427883595996
v -0.5787091245315572 -2.3313929343616525e-16 0.15506464257075295
v -0.5880153136378868 0.020977757470236 0.11696351809120438
v -0.5956314893233107 0.04195199201074371 0.07841637321111415
v -0.6015458052083666 0.06291889953157498 0.03942739511533715
v -0.605739438001537 0.0838741082968804 7.418168638658988e-17
v -0.6081863979975912 0.10481238171381384 -0.03986264256188868
v -0.6088533169170238 0.12572730484875747 -0.08015705983649656
v -0.6076992140361422 0.1466109489070344 -0.1208788893186866
v -0.6046752428398314 0.16745350763263933 -0.16202224300202556
v -0.5997244219649165 0.18824289925152018 -0.20357900918036714
v -0.5927813560792935 0.20896432721032193 -0.24553807720995824
v -0.5837719546627455 0.22959979257396188 -0.2878844692872866
v -0.5726131595388176 0.2501275505712593 -0.33059836180125857
v -0.5592126955918206 0.2705215034625978 -0.373653977247722
v -0.5434688635486704 0.29075052170929 -0.41701832612714956
v -0.5252703991931149 0.3107776854363799 -0.4606497767991713
v -0.504496430110897 0.3305594385148655 -0.504496430110897
v -0.4810165692538179 0.35004464840057453 -0.5484942749914948
v -0.45469119447669254 0.36917356635912457 -0.5925651014495005
v -0.4253719749453134 0.3878766851439878 -0.6366141489795563
v -0.392902719088257 0.40607349491456907 -0.6805274718928226
v -0.35712063462448707 0.4236711436039253 -0.7241690093295471
v -0.31785810902401235 0.440563015583502 -0.7673773577160351
v -0.27494513815527344 0.4566272529295072 -0.8099622584671523
v -0.22821255102529409 0.4717252575561546 -0.8517008353513029
v -0.17749619800195818 0.48570023067262474 -0.8923336459174315
v -0.12264228644991114 0.4983758291429358 -0.9315606516959282
v -0.06351405791223426 0.5095550469287744 -0.969037264498454
v -1.8449990310203738e-16 0.5190194640730851 -1.0043706927335752
v 0.06797623251918297 0.5265290451941567 -1.0371168931187427
v 0.14044405769882176 0.5318227127190581 -1.0667785288736364
v 0.2173723186890136 0.5346199640437815 -1.0928044422402434
v 0.2986538279895431 0.534623841256603 -1.114591259931913
v 0.38408837035414467 0.5315255890338475 -1.131487852414111
v 0.47336468498819695 0.5250113396641255 -1.1428034424469722
v 0.5660422706633422 0.514771129580356 -1.147820177951749
v 0.6615342398833363 0.5005104627242859 -1.1458109144243955
v 0.7590928631998977 0.4819644759520872 -1.1360627534632137
v 0.8577998417081246 0.45891451788102017 -1.117906518533198
v 0.956563647408069 0.43120662225227707 -1.090751790696541
v 1.0541263758722712 0.3987709542069582 -1.0541263758722714
v 1.1490823491951598 0.36164087090866204 -1.0077181742845807
v 1.2399100862086505 0.3199698325214506 -0.9514164718152174
v 1.3250181641762284 0.2740441163616474 -0.8853488321576022
v 1.402803960639309 0.22428922868483633 -0.8099092442953791
v 1.4717224335394965 0.1712681654791417 -0.725773186487663
v 1.5303602459812162 0.1156702924240213 -0.6338959692020467
v 1.5775090354658394 0.058290567454087346 -0.5354921604843359
v 1.6122308467962332 1.6403306281612927e-16 -0.43199595341159563
v 1.6339089796550716 -0.05829056745408623 -0.3250047032260726
v 1.642278834562559 -0.11567029242402024 -0.21621011030507872
v 1.6374356080084909 -0.17126816547914142 -0.1073231998858511
v 1.518076379435255 -0.23043075462024926 0
v 1.4902015047137083 -0.26987529809902955 0.097672966911415
v 1.4529503258875274 -0.3060804962888474 0.19128453927351372
v 1.407286752487247 -0.3387866485609708 0.27992673951926905
v 1.3542568778028092 -0.36782721808240115 0.3628720367515564
v 1.294945490579836 -0.39312286341930663 0.4395747617732489
v 1.230437294787099 -0.41467229135391503 0.5096638151504784
v 1.1617844432115925 -0.4325410760877377 0.5729286842041224
v 1.0899811441885399 -0.4468495161566609 0.6293009070088696
v 1.015945379821219 -0.4577604366681326 0.6788330000893469
v 0.9405072318681075 -0.4654676346863391 0.7216765814017846
v 0.8644029602434772 -0.47018544704413046 0.7580610506747932
v 0.7882738012596588 -0.47213971940447963 0.7882738012596587
v 0.7126684139491006 -0.4715602887992458 0.8126425782478343
v 0.6380479629014914 -0.4686749653840081 0.8315202943428678
v 0.5647929469859113 -0.4637049120626839 0.8452723791719389
v 0.49321103357633034 -0.45686126799924276 0.8542665690077633
v 0.4235453141084978 -0.44834283691177607 0.8588649346645503
v 0.35598254354724446 -0.4383346561626711 0.8594178845998283
v 0.2906610548802385 -0.42700727141262584 0.8562598561982521
v 0.22767814634459746 -0.41451655855379205 0.84970640993114
v 0.16709682342481086 -0.4010039556332808 0.8400524594123309
v 0.10895184149808483 -0.3865969895891512 0.8275713981480557
v 0.053255041168282856 -0.3714100039317073 0.812514915765201
v 4.8686649672498184e-17 -0.3555450128896835 0.7951133291067387
v -0.050833955365333784 -0.3390926244551123 0.77557628452788
v -0.09927832108945417 -0.32213298904501575 0.7540937157196709
v -0.14537251104268686 -0.304736742242038 0.7308369658344008
v -0.1891614128161598 -0.2869659195094903 0.7059600034614186
v -0.230693344902756 -0.2688748281947799 0.6796006792644367
v -0.27001835890822695 -0.25051086785208926 0.6518819841659675
v -0.30718683546236536 -0.23191529423152316 0.6229132812495471
v -0.342248327746179 -0.21312392547051232 0.5927914924618675
v -0.375250611846934 -0.19416779132132372 0.5616022281338724
v -0.4062389082489485 -0.17507372785635045 0.5294208526653402
v -0.43525524351478817 -0.15586492117557804 0.49631348375011414
v -0.46233792553126485 -0.13656140433183567 0.4623379255312649
v -0.48752110955885897 -0.11718051209547849 0.4275445382952326
v -0.5108344357362912 -0.09773729838444568 0.3919770489294602
v -0.5323027216793579 -0.07824492125286146 0.3556733075324489
v -0.5519456964129108 -0.058715000310950054 0.31866599640204946
v -0.5697777641321022 -0.03915795137840602 0.28098329823608953
v -0.5858077882521248 -0.01958330308035219 0.24264953083781646
v -0.600038887924251 -8.476573154991403e-17 0.20368575598953098
v -0.6124682407195684 0.01958330308035202 0.16411037049051902
v -0.6230868865596603 0.03915795137840585 0.12393968768880265
v -0.6318795292547542 0.058715000310950005 0.08318851820073636
v -0.638824333244146 0.07824492125286144 0.04187075893145707
v -0.6438927143720943 0.09773729838444553 7.885411516500862e-17
v -0.6470491248284893 0.1171805120954783 -0.042409840252828394
v -0.6482508337948895 0.13656140433183556 -0.08534384133220915
v -0.647447706925748 0.15586492117557807 -0.1287853561391316
v -0.6445819896311357 0.1750737278563503 -0.1727152235773088
v -0.6395881012883525 0.1941677913213236 -0.21711090490067142
v -0.6323924500818192 0.21312392547051207 -0.26194552956623995
v -0.6229132812495471 0.23191529423152307 -0.30718683546236536
v -0.6110605752057141 0.2505108678520893 -0.3527959875861867
v -0.5967360164258754 0.2688748281947798 -0.3987262586528295
v -0.5798330592420842 0.28696591950949013 -0.44492155487885426
v -0.5602371229159875 0.3047367422420379 -0.4913147704921011
v -0.5378259556428273 0.32213298904501564 -0.5378259556428271
v -0.5124702155637694 0.3390926244551121 -0.5843602846704927
v -0.4840343264508995 0.35554501288968343 -0.6308058155569151
v -0.45237767641391946 0.3714100039317073 -0.6770310374222959
v -0.41735623955996887 0.386596989589151 -0.7228822117737531
v -0.37882471261801254 0.4010039556332808 -0.7681805257055456
v -0.336639270433748 0.414516558553792 -0.812719092308537
v -0.2906610548802386 0.42700727141262573 -0.8562598561982518
v -0.2407605195360667 0.4383346561626711 -0.8985304913652806
v -0.18682275523919628 0.448342836911776 -0.9392214154417705
v -0.1287539163472688 0.4568612679992427 -0.9779830896242366
v -0.06648885038210711 0.463704912062684 -1.0144238269731674
v -1.9253438824356108e-16 0.4686749653840081 -1.0481083927088801
v 0.07069240951909203 0.4715602887992459 -1.0785577460008335
v 0.14550896758845305 0.4721397194044797 -1.1052503389983857
v 0.22429864738215505 0.47018544704413046 -1.1276254480147179
v 0.306825686994347 0.46546763468633917 -1.1450890529301305
v 0.3927563134419438 0.45776043666813254 -1.1570227893355762
v 0.48164606216923717 0.44684951615666085 -1.1627964555525665
v 0.5729286842041219 0.43254107608773784 -1.1617844432115927
v 0.6659078654132147 0.41467229135391503 -1.1533862560554253
v 0.7597531703133338 0.3931228634193068 -1.1370509728943112
v 0.8535017179770552 0.36782721808240115 -1.1123050946312576
v 0.9460670438658603 0.3387866485609707 -1.0787827083036248
v 1.0362563448446893 0.3060804962888475 -1.0362563448446898
v 1.1227968065591298 0.26987529809903 -0.9846663720757897
v 1.2043709664421838 0.23043075462024948 -0.924146346089391
v 1.279660113739543 0.18810143317338043 -0.8550415517981428
v 1.3473936694168624 0.14333333919067187 -0.777918097742224
v 1.4064014764350907 0.09665487862035163 -0.6935604552676381
v 1.4556651495310051 0.04866226154457178 -0.6029562472096028
v 1.4943642623689646 1.3689521578327753e-16 -0.5072683131543727
v 1.5219133154070161 -0.04866226154457151 -0.4077954438134824
v 1.53798616297297 -0.09665487862035137 -0.30592446867411077
v 1.5425258011524337 -0.14333333919067162 -0.20307737431471679
v 1.5357389426071992 -0.18810143317338074 -0.10065764827868784
v 1.4492735166848276 -0.2398094144322892 0
v 1.4221030311839682 -0.2725486045638895 0.09320955714384398
v 1.3866042520858384 -0.3023640665733044 0.18254991295240364
v 1.3436186799266736 -0.32909196143993175 0.2672623724797456
v 1.2940449283747706 -0.3526378431701105 0.34673829352760976
v 1.2388062108311155 -0.37297086240344784 0.4205180441730232
v 1.1788216802090756 -0.39011619766250444 0.4882839275620387
v 1.1149825465587928 -0.404146454068736 0.5498485429402042
v 1.0481333614304755 -0.41517269127158424 0.6051400783685121
v 0.9790584131907261 -0.42333562337467034 0.6541859169692095
v 0.908472847838399 -0.42879739737904715 0.6970957339925071
v 0.8370179175929533 -0.43173422200400935 0.734045012832231
v 0.7652596520105384 -0.4323299986459669 0.7652596520105382
v 0.6936902227202927 -0.4307710078554652 0.7910020986800667
v 0.6227313095542896 -0.42724163043996666 0.8115592430737814
v 0.5527388507100498 -0.4219210311267445 0.8272321492217599
v 0.4840086540900713 -0.4149807015923452 0.8383275801870332
v 0.4167824470565463 -0.40658274460018995 0.8451511969008705
v 0.3512540378876914 -0.3968787778773021 0.8480022621067773
v 0.287575348392501 -0.38600934146803756 0.8471696580134664
v 0.22586215056190007 -0.3741037025128245 0.8429290214037827
v 0.16619940004490588 -0.3612799642960751 0.8355408074133776
v 0.10864610624382673 -0.3476454002335112 0.8252491083331198
v 0.053239714307217384 -0.3332969470364644 0.8122810730537061
v 4.879279375951163e-17 -0.31832180386317294 0.7968467935976818
v -0.051067503850202596 -0.30279809544800224 0.7791395458332395
v -0.09996851919802767 -0.28679556683217433 0.7593362908414633
v -0.14671743614224464 -0.2703762854065362 0.7375983609013591
v -0.19133508792161155 -0.25359533261807454 0.7140722693941123
v -0.23384684706581937 -0.23650147303980526 0.6888905970684511
v -0.2742810033365868 -0.21913779273255085 0.662172918156488
v -0.3126673863046734 -0.20154230211283594 0.6340267389701509
v -0.34903619826051363 -0.1837485010491491 0.6045484290678937
v -0.38341702632084484 -0.16578590578780675 0.5738241310958422
v -0.41583800584235875 -0.14768053868876269 0.5419306402054515
v -0.44632511043350626 -0.12945538274037696 0.5089362477419107
v -0.47490154687182246 -0.11113080351122732 0.4749015468718225
v -0.5015872360330852 -0.09272494166066426 0.4398802001386083
v -0.5263983634970039 -0.07425407942758 0.40391967073921015
v -0.5493469858098261 -0.05573298469608151 0.3670619207234819
v -0.5704406804697751 -0.0371752363343972 0.3293440804259379
v -0.5896822295789399 -0.018593534547888674 0.29079909432879564
v -0.6070693288041801 4.5689702069232267e-17 0.2514563492914233
v -0.6225943148432688 0.018593534547888764 0.21134229171767321
v -0.6362439060376748 0.037175236334397295 0.1704810408120183
v -0.6479989521494511 0.0557329846960816 0.1288950056315853
v -0.6578341906685655 0.07425407942758008 0.08660551419989981
v -0.6657180083833176 0.09272494166066436 0.043633463527906466
v -0.6716122083780934 0.11113080351122741 8.224877412585173e-17
v -0.6754717841713087 0.12945538274037696 -0.044272759768574664
v -0.6772447044282648 0.14768053868876282 -0.08916095681581887
v -0.6768717136401988 0.1657859057878069 -0.13463815497249798
v -0.6742861564191638 0.1837485010491491 -0.1806744310800003
v -0.6694138356912954 0.20154230211283614 -0.2272353774674783
v -0.662172918156488 0.21913779273255085 -0.2742810033365867
v -0.6524739040020858 0.23650147303980534 -0.3217645213634167
v -0.6402196820941398 0.2535953326180748 -0.3696310057975483
v -0.6253056967999191 0.2703762854065363 -0.4178159087709478
v -0.6076202582851423 0.2867955668321743 -0.4662434226249358
v -0.587045034620039 0.3027980954480023 -0.5148246780785422
v -0.5634557713196782 0.318321803863173 -0.563455771319678
v -0.5367232919706934 0.3332969470364644 -0.6120156180008287
v -0.5067148421959772 0.3476454002335113 -0.6603636391450246
v -0.47329584807919367 0.36127996429607523 -0.7083372936809712
v -0.4363321688178591 0.37410370251282454 -0.7557494853692517
v -0.39569293104638953 0.38600934146803767 -0.8023858889472321
v -0.35125403788769183 0.3968787778773021 -0.8480022621067771
v -0.30290244786332565 0.40658274460019006 -0.8923218370497398
v -0.250541315345897 0.41498070159234535 -0.9350329182660242
v -0.1940960727678939 0.42192103112674445 -0.9757868518925633
v -0.13352151226907527 0.42724163043996666 -1.01419657595511
v -0.06880988738114016 0.4307710078554652 -1.0498360084377916
v -1.988043690753576e-16 0.43232999864596694 -1.082240578610219
v 0.07281283923478246 0.43173422200400935 -1.110909251774457
v 0.1494661905880707 0.42879739737904715 -1.1353084318727023
v 0.2297195450992355 0.42333562337467023 -1.1548781411905713
v 0.31324355447320534 0.41517269127158424 -1.1690408604374738
v 0.39961008623780686 0.40414645406873584 -1.1772133529149291
v 0.4882839275620391 0.3901161976625042 -1.1788216802090759
v 0.5786171116086446 0.3729708624034478 -1.173319432900743
v 0.6698469453634363 0.3526378431701102 -1.160208942664285
v 0.7610988439686347 0.32909196143993164 -1.1390649158415016
v 0.8513949881183385 0.30236406657330395 -1.1095595508256557
v 0.9396695869683216 0.2725486045638891 -1.071487806823935
v 1.0247911314419162 0.23980941443228884 -1.024791131441917
v 1.105591466889543 0.20438300041012047 -0.9695776941477665
v 1.1809008359458169 0.16657860386550266 -0.9061370815481407
v 1.2495873126293695 0.12677457485003743 -0.8349475485139293
v 1.3105983674395538 0.08541081608856652 -0.7566743202407112
v 1.363001786108259 0.042977419918069984 -0.6721580964917862
v 1.4060229204374788 1.2088025768675563e-16 -0.582393762652632
v 1.4390753537853098 -0.04297741991807033 -0.48850025766774313
v 1.461782536020455 -0.08541081608856685 -0.3916834500365993
v 1.4739887359341848 -0.1267745748500378 -0.293194588955619
v 1.4757586640534277 -0.16657860386550297 -0.19428731395887253
v 1.4673661858786795 -0.20438300041012072 -0.0961762610404768
v 1.414044823952765 -0.2635863619738608 0
v 1.3855456798722914 -0.29260088341289553 0.0908134617475235
v 1.3493528731026918 -0.3186763732123248 0.17764567587069777
v 1.306285149496053 -0.3417158343521617 0.25983627155915034
v 1.2571979838783236 -0.361682151309026 0.3368651845062324
v 1.2029558585259883 -0.3785913473070373 0.4083484894012953
v 1.1444085515024474 -0.3925048164304748 0.4740295429280624
v 1.0823719485467052 -0.4035211322685979 0.5337667756903978
v 1.017613474073996 -0.4117679347838262 0.5875194131876117
v 0.950841912152099 -0.417394279029845 0.6353322537383711
v 0.8827011647336984 -0.42056371009262644 0.6773204260206288
v 0.8137673652582906 -0.42144822017718025 0.7136548256831505
v 0.7445487155238232 -0.42022315314907593 0.7445487155238231
v 0.6754874232412542 -0.4170630518764215 0.7702457839473771
v 0.6069631676845784 -0.41213839410568787 0.7910098005066138
v 0.539297594436125 -0.4056131310735517 0.8071158876247404
v 0.4727594239779965 -0.3976429263465502 0.8188433420868858
v 0.407569843076734 -0.3883739869719854 0.8264698840598436
v 0.3439079262035111 -0.3779423816165388 0.8302671796481218
v 0.2819159030389962 -0.36647374814099903 0.8304974696236235
v 0.22170414591034793 -0.35408330376533953 0.8274111367860822
v 0.16335579769946731 -0.3408760829444072 0.8212450530422525
v 0.10693099713360686 -0.32694734013256427 0.8122215612553948
v 0.05247068568375543 -0.3123830660118142 0.8005479635957914
v 4.815411669894187e-17 -0.2972605760567331 0.7864164056521218
v -0.05046873265057031 -0.28164913930686775 0.7700040626910049
v -0.09893336978135991 -0.26561062286753406 0.751473550402524
v -0.14539966874422625 -0.24920013401871244 0.7309734968198653
v -0.1898793079771162 -0.23246664699312372 0.7086392246766158
v -0.23238818061031472 -0.21545360563102212 0.6845935042572169
v -0.27294492756163263 -0.19819949638134654 0.6589473459002355
v -0.31156967906451205 -0.18073838864254632 0.6318008088849926
v -0.34828297588939355 -0.16310044135559087 0.6032438096517163
v -0.3831048440848031 -0.14531237619484713 0.5733569173623804
v -0.41605399970356033 -0.12739791875143386 0.5422121288857473
v -0.4471471625727343 -0.10937820985395744 0.5098736185539193
v -0.47639846063909796 -0.09127218969384271 0.4763984606390981
v -0.503818908733117 -0.07309695777422753 0.44183732456963964
v -0.5294159477260629 -0.05486811192856718 0.4062351445566668
v -0.5531930320058583 -0.03660006979400334 0.36963176663212144
v -0.5751492549790871 -0.018306376203381016 0.3320625771863886
v -0.595279003939246 -7.924190278238089e-17 0.2935591180051099
v -0.6135716371509076 0.018306376203380853 0.2541496935953696
v -0.630011177416897 0.03660006979400319 0.2138599773056957
v -0.6445760177554485 0.05486811192856691 0.1727136234180416
v -0.6572386361546526 0.07309695777422724 0.13073289305089986
v -0.6679653177338429 0.09127218969384254 0.08793930238141885
v -0.6767158840711034 0.1093782098539573 0.04435430238409547
v -0.6834434310022626 0.12739791875143375 8.369768101752058e-17
v -0.6880940779137579 0.1453123761948468 -0.04510006860912589
v -0.6906067334990361 0.16310044135559068 -0.09092010131582132
v -0.6909128851907139 0.1807383886425462 -0.13743111764639482
v -0.6889364220890971 0.19819949638134635 -0.18459995793516035
v -0.6845935042572168 0.21545360563102192 -0.23238818061031477
v -0.6777924948219203 0.2324666469931235 -0.2807508438299351
v -0.6684339754885346 0.24920013401871227 -0.32963515761609147
v -0.6564108709171049 0.26561062286753395 -0.3789789930229874
v -0.6416087129823507 0.28164913930686764 -0.4287092359177012
v -0.6239060822839377 0.2972605760567328 -0.478739974900687
v -0.6031752713841569 0.312383066011814 -0.5289705160631741
v -0.5792832220581478 0.3269473401325641 -0.5792832220581475
v -0.5520927971843363 0.3408760829444069 -0.6295411798171554
v -0.5214644564818652 0.3540833037653395 -0.6795857107220151
v -0.4872584136350171 0.366473748140999 -0.7292337497534112
v -0.44933735970494576 0.3779423816165387 -0.7782751367478175
v -0.407569843076734 0.3883739869719853 -0.8264698840598432
v -0.3618343981016851 0.3976429263465501 -0.8735455112301924
v -0.31202451119931224 0.4056131310735516 -0.9191945690830063
v -0.25805450211970193 0.41213839410568787 -0.9630725130326186
v -0.1998663764901288 0.41706305187642156 -1.0047961276769155
v -0.1374376704414837 0.42022315314907593 -1.0439427504992633
v -0.07079025561538776 0.42144822017718025 -1.0800505889495065
v -2.0438506421324257e-16 0.42056371009262644 -1.1126204679615566
v 0.07479291550499999 0.417394279029845 -1.1411193777758741
v 0.15337334371747582 0.4117679347838263 -1.164986206324428
v 0.23544063968578624 0.403521132268598 -1.1836400259437252
v 0.3205988639037236 0.3925048164304749 -1.1964912489375585
v 0.4083484894012951 0.3785913473070374 -1.202955858525988
v 0.49808052185680834 0.36168215130902603 -1.2024727510205746
v 0.5890740403298145 0.3417158343521618 -1.1945239867081754
v 0.6804981929267054 0.3186763732123249 -1.1786574446078615
v 0.7714196048151067 0.29260088341289586 -1.154511025999424
v 0.8608159477118699 0.263586361973861 -1.1218371844044575
v 0.9475960642254327 0.23179474196657554 -1.0805262218688059
v 1.0306265413004285 0.19745559432515428 -1.030626541300429
v 1.1087640156792689 0.16086588857787984 -0.9723599447640521
v 1.1808918319520973 0.12238638728088443 -0.90613017254076
v 1.2459590477475084 0.08243449477784782 -0.8325232194271568
v 1.3030192924640023 0.04147368906698287 -0.7522985392633683
v 1.3512667323748833 1.1664504531028321e-16 -0.6663710084189403
v 1.3900664455271277 -0.04147368906698209 -0.5757843743370985
v 1.4189768873956659 -0.08243449477784759 -0.4816777476551561
v 1.43776279824777 -0.12238638728088422 -0.3852473806980011
v 1.446397776762321 -0.16086588857787915 -0.2877064059484681
v 1.445056695189862 -0.19745559432515405 -0.19024532307713365
v 1.4340990215727993 -0.23179474196657585 -0.09399581589382591
v 1.406459355053592 -0.3101253233812446 0
v 1.3739987560054556 -0.3373620309229818 0.09005663637242717
v 1.334284181730307 -0.36129914908113514 0.17566184501614968
v 1.2881995849141656 -0.38191130070297113 0.25623882909276946
v 1.2366405266003566 -0.3992314431523 0.3313568304301639
v 1.1804882354740283 -0.4133415696135698 0.4007217590697706
v 1.120588742535252 -0.4243630905254091 0.4641630550007138
v 1.057737167087942 -0.4324474709424694 0.521618245892728
v 0.992666861492266 -0.4377675477417599 0.5731164796981807
v 0.9260428752475875 -0.44050980298112463 0.6187620670378043
v 0.8584590631362872 -0.4408677400598176 0.6587188072196074
v 0.7904381170174705 -0.43903640479005346 0.693195624076636
v 0.722433822457634 -0.43520801600403436 0.7224338224576339
v 0.6548349065887603 -0.42956861822138986 0.7466961021440418
v 0.5879699326884159 -0.4222956384343362 0.7662573347472795
v 0.5221127948033005 -0.4135562156259056 0.7813970174640036
v 0.45748846167823726 -0.40350617061591576 0.792393259503234
v 0.39427870669305737 -0.3922894911369052 0.7995181256492668
v 0.3326276359907776 -0.3800382193338021 0.8030341500290362
v 0.27264688932181264 -0.3668726436106128 0.8031918357269688
v 0.21442043765402471 -0.35290171210393806 0.8002279675059751
v 0.15800893951368575 -0.33822359985225275 0.7943645817260765
v 0.10345364596214111 -0.3229263752391692 0.7858084567933442
v 0.05077986382960389 -0.30708872316005487 0.7747510071713524
v 4.6620373776492415e-17 -0.29078069248111216 0.7613684828793303
v -0.04888378233066364 -0.2740644437731929 0.745822393736856
v -0.0958772601391235 -0.2569949801471098 0.7282600930185676
v -0.14099216288142538 -0.23962084947767318 0.7088154685340301
v -0.18424446395500602 -0.22198481058045216 0.6876097004933749
v -0.2256529161590626 -0.20412445919463942 0.664752055003334
v -0.26523779827833266 -0.186072812108452 0.6403406898575299
v -0.3030198426201507 -0.16785884960035385 0.6144634556560109
v -0.33901931621306747 -0.14950801769747524 0.5871986804282924
v -0.3732552312575761 -0.13104269268711524 0.5586159300451286
v -0.4057446631954798 -0.11248261095284413 0.5287767399712586
v -0.4365021573680932 -0.09384526762009837 0.49773531649697006
v -0.46553920763091855 -0.07514628774839323 0.46553920763091866
v -0.49286379247259937 -0.056399773946469965 0.4322299454598165
v -0.518479956153871 -0.037618634350182034 0.39784366308301344
v -0.5423874241539726 -0.018814894919289334 0.3624116902957584
v -0.5645812438113468 4.623331381343205e-17 0.32596113309389474
v -0.5850514425015714 0.018814894919289425 0.28851544286266645
v -0.6037826970414822 0.037618634350182006 0.25009498184078766
v -0.6207540092808631 0.05639977394646993 0.21071759215690464
v -0.6359383840815132 0.07514628774839319 0.17039917645059477
v -0.6493025071311105 0.09384526762009836 0.12915429883899668
v -0.6608064213431682 0.1124826109528442 0.08699681579161714
v -0.6704032020065401 0.1310426926871151 0.04394054734193234
v -0.6780386324261353 0.14950801769747524 8.303578408989153e-17
v -0.6836508836053535 0.16785884960035372 -0.044808846268192114
v -0.6871702036326396 0.186072812108452 -0.09046767357587653
v -0.688518624930329 0.2041244591946395 -0.13695486966987863
v -0.687609700493375 0.22198481058045222 -0.18424446395500568
v -0.6843482837865522 0.23962084947767326 -0.23230493947718725
v -0.6786303711860596 0.25699498014710964 -0.2810979035835534
v -0.6703430308527691 0.27406444377319295 -0.3305765995370043
v -0.6593644478143176 0.29078069248111227 -0.3806842414396653
v -0.6455641219031693 0.30708872316005487 -0.4313521556628276
v -0.6288032631106121 0.32292637523916906 -0.48249771391400725
v -0.6089354378845394 0.3382235998522527 -0.5340220465069289
v -0.5858075298519506 0.3529017121039381 -0.5858075298519504
v -0.5592610891909067 0.3668726436106128 -0.6377150502789781
v -0.529134156036201 0.3800382193338021 -0.6895810577832943
v -0.49526365425185526 0.39228949113690526 -0.7412144389920948
v -0.45748846167823753 0.40350617061591576 -0.7923932595032338
v -0.4156532701635696 0.4135562156259057 -0.8428614526725521
v -0.3696133513830931 0.4222956384343362 -0.8923255657432342
v -0.3192403400691805 0.42956861822138986 -0.9404517154626972
v -0.26442913157259085 0.43520801600403436 -0.9868629540302251
v -0.2051059617338399 0.43903640479005346 -1.0311373014949843
v -0.1412376894346208 0.4408677400598176 -1.0728067603948181
v -0.07284223132911424 0.4405098029811246 -1.1113576884768972
v -2.1055957872029282e-16 0.43776754774175985 -1.1462329593963614
v 0.0771339315233899 0.4324474709424694 -1.1768363801715072
v 0.15831737413881392 0.4243630905254091 -1.2025398457307452
v 0.24320889453340566 0.4133415696135697 -1.2226936803240602
v 0.3313568304301633 0.39923144315230014 -1.2366405266003568
v 0.42219045702676533 0.381911300702971 -1.2437329802266215
v 0.5150144706055234 0.3612991490811349 -1.2433549197542535
v 0.6090080431248279 0.3373620309229816 -1.2349461456551551
v 0.7032296775267963 0.3101253233812443 -1.2180295308666884
v 0.7966289173735375 0.2796810055503566 -1.1922394284472069
v 0.888065607027166 0.24619409011847454 -1.1573496318254304
v 0.9763368529989095 0.20990639269574565 -1.1132988104003114
v 1.06021112947134 0.17113688665395016 -1.0602111294713406
v 1.1384681670022678 0.13027807732041857 -0.9984097863274974
v 1.2099424663036564 0.0877881250459114 -0.92842150829662
v 1.2735676167093646 0.04417882829487228 -0.850970675430991
v 1.328418200606413 1.242642880626014e-16 -0.7669626057165116
v 1.3737460311535228 -0.04417882829487264 -0.6774565717920173
v 1.4090078447565657 -0.08778812504591116 -0.583630158788255
v 1.4338823218477394 -0.13027807732041838 -0.4867374608601214
v 1.4482753362328429 -0.17113688665395047 -0.3880642067615029
v 1.4523134783091196 -0.20990639269574596 -0.2888831121478533
v 1.4463269857349723 -0.24619409011847482 -0.1904125600000591
v 1.4308240911154892 -0.27968100555035685 -0.09378116561117472
v 1.4146500107902762 -0.38368431179187823 0
v 1.3754152386002447 -0.40963577714226945 0.09014947754670714
v 1.3294371869763026 -0.43161703473112856 0.175023726050992
v 1.277728117331572 -0.4497131437810515 0.25415592468597636
v 1.221273011183022 -0.4640666555903977 0.3272391170844162
v 1.1610058815648745 -0.47486395519248653 0.39410839106262474
v 1.0977929057194904 -0.4823224999651636 0.4547207102259815
v 1.0324217391694641 -0.4866794558374192 0.5091340584067053
v 0.9655961017526467 -0.48818200089807207 0.5574871692753437
v 0.8979346154334418 -0.48707937981666793 0.5999807282809066
v 0.8299728816917964 -0.48361665556257954 0.6368605914127841
v 0.7621678727014538 -0.4780300146610533 0.6684032852084347
v 0.6949038404498139 -0.4705434314220085 0.6949038404498138
v 0.6284990945286135 -0.4613664762468958 0.7166658639660711
v 0.5632131439187821 -0.45069305438833357 0.7339936594726224
v 0.49925382932376494 -0.4387008766809235 0.747186157998759
v 0.436784184734096 -0.4255514866420918 0.7565323999020044
v 0.3759288581772448 -0.4113906944502473 0.7623083138023091
v 0.31677999280614594 -0.3963492945805508 0.764774554921049
v 0.2594025228086031 -0.3805439684188577 0.7641751901336662
v 0.2038388768962374 -0.3640782949577959 0.7607370451345358
v 0.1501131082719365 -0.3470438112920709 0.7546695575012694
v 0.09823448668944033 -0.3295210800569821 0.7461650062827597
v 0.04820059786229453 -0.3115807334151322 0.7353990129903294
v 4.4242277910405596e-17 -0.29328447303344934 0.7225312300854221
v -0.046385511801869 -0.2746860130931752 0.7077061511477657
v -0.09097898401763077 -0.2558319591240741 0.6910539920234758
v -0.13380667960123008 -0.23676261970568743 0.6726916046694945
v -0.17489670669525678 -0.21751275114507576 0.6527233954631699
v -0.21427786259439496 -0.19811223738714126 0.6312422277802031
v -0.25197865858829394 -0.17858670885950165 0.608330294992439
v -0.28802649533695796 -0.15895810487647324 0.5840599550013358
v -0.32244696219593955 -0.1392451847671944 0.5584945212696086
v -0.3552632373433859 -0.11946399316193396 0.531689008271309
v -0.38649556864021833 -0.09962828495365461 0.5036908315426224
v -0.41616081787861725 -0.07974991541419997 0.4745404642428293
v -0.4442720534600025 -0.05983920083521665 0.4442720534600026
v -0.4708381786198809 -0.03990525491972267 0.4129140005280152
v -0.4958635841176911 -0.019956305997938913 0.38048951044948
v -0.519347815872966 -8.637920924195255e-17 0.3470171162163612
v -0.5412852493945273 0.019956305997938604 0.312511184446304
v -0.561664764057971 0.039905254919722355 0.27698240935814006
v -0.580469411380417 0.05983920083521634 0.2404383027364962
v -0.5976760724640063 0.07974991541419967 0.20288368821864272
v -0.6132551007769551 0.0996282849536543 0.16432120900745206
v -0.6271699474627871 0.11946399316193351 0.12475185899919894
v -0.6393767674695192 0.13924518476719416 0.08417554833671782
v -0.6498240060328319 0.15895810487647288 0.04259171557586209
v -0.658451966501387 0.1785867088595014 8.063710931682038e-17
v -0.6651923622404353 0.19811223738714082 -0.043599010859486316
v -0.6699678574871843 0.21751275114507557 -0.08820294174146442
v -0.6726916046694944 0.23676261970568724 -0.1338066796012302
v -0.6732667889676629 0.2558319591240737 -0.18040129239458005
v -0.6715861949461104 0.27468601309317503 -0.22797279406830648
v -0.6675318150761245 0.29328447303344896 -0.2765007311200596
v -0.6609745260987747 0.311580733415132 -0.32595656426881947
v -0.6517738666378594 0.3295210800569819 -0.3763018173541315
v -0.6397779584682755 0.3470438112920706 -0.42748596486012175
v -0.6248236245628153 0.36407829495779553 -0.4794440298538814
v -0.6067367696248555 0.38054396841885735 -0.5320938661932568
v -0.5853331033253416 0.39634929458055057 -0.5853331033253414
v -0.5604193028127874 0.411390694450247 -0.639035739796606
v -0.5317947289342745 0.4255514866420915 -0.6930483838903573
v -0.4992538293237648 0.4387008766809234 -0.7471861579987589
v -0.4625893799118424 0.4506930543883334 -0.8012283090490918
v -0.4215967326352105 0.46136647624689575 -0.8549136023182908
v -0.3760792484280547 0.47054343142200833 -0.9079356220820886
v -0.3258550971035858 0.4780300146610532 -0.9599381613142062
v -0.27076559433354314 0.4836166555625794 -1.0105109549943672
v -0.21068521408644927 0.4870793798166678 -1.0591860971837932
v -0.14553335483409194 0.4881820008980721 -1.1054355785197423
v -0.0752878410726547 0.4866794558374192 -1.14867048274342
v -2.1827660222026101e-16 0.4823224999651637 -1.1882424786870995
v 0.08018903965958903 0.47486395519248675 -1.2234483229187383
v 0.16503142526301032 0.4640666555903979 -1.2535381271704071
v 0.25415592468597636 0.4497131437810517 -1.2777281173315715
v 0.34705274762350635 0.431617034731129 -1.2952184870373074
v 0.4430613672628017 0.4096357771422698 -1.305216699140387
v 0.5413631217245343 0.3836843117918783 -1.3069661906360064
v 0.6409805057116036 0.35374886720571136 -1.2997798861687417
v 0.740784993093798 0.3198998760404804 -1.2830772455230175
v 0.8395148901406179 0.2823027843946648 -1.2564228224279348
v 0.9358040619903312 0.24122541450287274 -1.2195635975936645
v 1.0282214060469967 0.19704058295856888 -1.1724618042063557
v 1.115319738490159 0.15022291253123451 -1.1153197384901594
v 1.195691462992906 0.10133921759685759 -1.048593270046155
v 1.2680272151753391 0.051032461205594994 -0.9729915036958428
v 1.3311728576743433 1.4357414845943635e-16 -0.8894612668759835
v 1.3841799426076138 -0.05103246120559402 -0.7991566624713875
v 1.4263451732324843 -0.10133921759685664 -0.7033955981214279
v 1.4572354643068468 -0.15022291253123357 -0.6036066928869513
v 1.4766967604548313 -0.19704058295856863 -0.5012710043861432
v 1.484846556876271 -0.24122541450287247 -0.3978634357991298
v 1.4820517695018447 -0.282302784394664 -0.2947984260508239
v 1.4688949495713588 -0.3198998760404802 -0.1933836888045814
v 1.446132653605978 -0.35374886720571114 -0.09478454180752482
v 1.422206512244866 -0.48120042860569545 0
v 1.3740716946834322 -0.5046261090405326 0.09006141702595491
v 1.32004612455305 -0.5232650848225031 0.17378736922797164
v 1.2612756399963592 -0.5373751753042041 0.25088332346996906
v 1.1988231081047667 -0.5472606184558345 0.32122368368444065
v 1.1336517433975963 -0.5532536929212196 0.384822912364205
v 1.0666166473288252 -0.555699310859021 0.44180708117651996
v 0.9984628925936483 -0.5549427013426842 0.492387408544543
v 0.9298284881203943 -0.5513200373969466 0.5368367279164923
v 0.8612507210847381 -0.5451516950110681 0.5754693337214143
v 0.7931746096721588 -0.5367377505970578 0.6086242841811252
v 0.7259624615727859 -0.5263553022568196 0.6366519918156169
v 0.6599037835460331 -0.5142572192575031 0.659903783546033
v 0.5952250073499645 -0.5006719663562146 0.6787240393188072
v 0.532098678661213 -0.4858042024632374 0.6934444988865721
v 0.47065189749088554 -0.46983590802195196 0.7043803419943063
v 0.41097390448341903 -0.45292784715198575 0.7118276831502403
v 0.35312278283742127 -0.4352212162508518 0.7160621678664939
v 0.2971312964176623 -0.4168393692727666 0.7173384056170204
v 0.24301191662091867 -0.39788954126627624 0.7158900213378276
v 0.19076110865249055 -0.3784645165284572 0.7119301495992618
v 0.14036295610752642 -0.358644206787267 0.7056522324708943
v 0.0917922042970273 -0.33849711910656766 0.6972310133052516
v 0.0450167999998554 -0.3180817036387607 0.6868236444381063
v 4.1305551469884185e-17 -0.297447578750584 0.6745708476704094
v -0.043297885889553925 -0.27663663612015355 0.6605980830095466
v -0.08491805877365431 -0.2556840317254006 0.6450166941746219
v -0.12490205016533026 -0.23461907067822999 0.6279250094436488
v -0.16329075233093576 -0.21346599496729474 0.6094093841051982
v -0.20012362097604378 -0.19224468363355116 0.5895451765611521
v -0.2354380172822437 -0.17097127492698388 0.568397654421024
v -0.26926866115770176 -0.14965871973631484 0.5460228300700272
v -0.3016471717656448 -0.1283172751605111 0.5224682274575532
v -0.3326016749888793 -0.106954946583866 0.4977735834605513
v -0.36215646053171835 -0.085577886083691 0.47197148830330005
v -0.3903316739147866 -0.06419075448182703 0.445087970300533
v -0.417143030745076 -0.0427970538759258 0.41714303074507614
v -0.4426015424028759 -0.0213994370721966 0.388151135171613
v -0.46671324373490564 -9.262130909083984e-17 0.35812166756499575
v -0.48947891453129533 0.021399437072196558 0.3270593544017378
v -0.510893787541776 0.04279705387592577 0.29496466576455177
v -0.5309472365997602 0.06419075448182697 0.2618342011931324
v -0.5496224391167746 0.08557788608369096 0.22766106846674877
v -0.5668960078291241 0.10695494658386584 0.1924352641902419
v -0.5827375872709821 0.12831727516051092 0.1561440659085207
v -0.597109411064957 0.14965871973631473 0.11877244653960416
v -0.6099658168212169 0.17097127492698394 0.08030352322744919
v -0.6212527162880438 0.19224468363355096 0.040719054308891174
v -0.6309070194824906 0.21346599496729474 7.72638261968829e-17
v -0.6388560129495654 0.2346190706782298 -0.04187283532905107
v -0.6450166941746217 0.2556840317254005 -0.08491805877365455
v -0.6492950666568631 0.27663663612015366 -0.12915281883664956
v -0.6515854034265576 0.29744757875058386 -0.17459178264805306
v -0.6517694910792133 0.3180817036387607 -0.22124592954405395
v -0.6497158719772274 0.3384971191065675 -0.269121125862029
v -0.6452791094546573 0.3586442067872669 -0.31821644134111726
v -0.6382991100276311 0.37846451652845725 -0.3685221629979515
v -0.6286005481844805 0.3978895412662761 -0.4200174580812305
v -0.6159924537656098 0.4168393692727663 -0.472667634165734
v -0.6002680397128582 0.4352212162508517 -0.5264209423149782
v -0.5812048695018761 0.45292784715198575 -0.5812048695018759
v -0.5585654891783464 0.46983590802195185 -0.6369218704823545
v -0.5320986786612132 0.4858042024632374 -0.693444498886572
v -0.5015415104778144 0.5006719663562147 -0.7506099147970507
v -0.46662244027606 0.5142572192575032 -0.8082137745099089
v -0.4270656901685372 0.5263553022568196 -0.8660035511338751
v -0.3825972195223338 0.5367377505970576 -0.9236713962970529
v -0.3329526024538676 0.5451516950110681 -0.9808467378453918
v -0.2778871385906165 0.5513200373969466 -1.0370889199901152
v -0.2171885020213323 0.5549427013426842 -1.0918803334474962
v -0.15069216779369282 0.5556993108590211 -1.1446206532744103
v -0.07829972789538622 0.5532536929212195 -1.194622995677041
v -2.2798876095766926e-16 0.5472606184558346 -1.2411130083460469
v 0.08410747523005004 0.5373751753042042 -1.2832320969544009
v 0.17378736922797117 0.5232650848225031 -1.3200461245530497
v 0.26864327526280857 0.5046261090405325 -1.3505609470227522
v 0.36809413143780195 0.48120042860569556 -1.373746000493816
v 0.47135490239667815 0.45279749411100256 -1.3885667658875658
v 0.5774245765558694 0.41931637535658156 -1.3940262439687203
v 0.6850848062815565 0.38076809450488264 -1.3892145604896453
v 0.7929123807143006 0.3372959061367885 -1.373364529347565
v 0.8993080211482944 0.28919109131838877 -1.3459095668618364
v 1.0025426404891609 0.23690169645423192 -1.3065390064406939
v 1.100820251806795 0.1810318947567117 -1.2552449219106196
v 1.192354358127902 0.1223303518048697 -1.1923543581279026
v 1.2754522913679056 0.061667116882463145 -1.1185416391998346
v 1.3486000900989354 1.7355409099285795e-16 -1.0348172451237714
v 1.4105396012084919 -0.061667116882462805 -0.9424924294667212
v 1.4603298849985582 -0.12233035180486938 -0.8431218522095738
v 1.4973867347938237 -0.1810318947567122 -0.7384294192635239
v 1.5214968982610895 -0.23690169645423162 -0.6302246503683416
v 1.53280685376802 -0.2891910913183885 -0.5203178145265266
v 1.5317890930325855 -0.33729590613678884 -0.41044165045288306
v 1.5191912176098035 -0.3807680945048824 -0.3021859215971519
v 1.4959744290970496 -0.41931637535658184 -0.19694876991750535
v 1.4632481264401858 -0.45279749411100284 -0.09590634916479893
v 1.4129071378030977 -0.5889782532197017 0
v 1.355709249835615 -0.6073720497921078 0.08885787880487514
v 1.2939129069592137 -0.6203462793846659 0.17034686586174821
v 1.2287178391067097 -0.6283726374446587 0.24440717421833338
v 1.1611816078677648 -0.6319389706930038 0.31113767409404014
v 1.0922164514392405 -0.6315297249108558 0.3707575260416937
v 1.022593694761309 -0.6276116202204919 0.42357217716734713
v 0.9529532043523175 -0.620623880376897 0.46994451394822007
v 0.8838158156035135 -0.6109722128049372 0.510271299052737
v 0.8155971403840673 -0.5990257303241777 0.5449645863527013
v 0.748621607952143 -0.5851160747262065 0.574437563565884
v 0.6831359689211388 -0.5695381089408755 0.5990941657675902
v 0.6193217899304142 -0.5525516624921923 0.6193217899304141
v 0.5573066890936489 -0.5343839283092173 0.6354864840862344
v 0.49717421959134733 -0.5152322092202185 0.6479300576939692
v 0.4389724136981427 -0.4952667962172978 0.6569686439918194
v 0.38272106459888783 -0.47463382758083306 0.6628923290121239
v 0.3284178594773177 -0.4534580296686814 0.6659655390506862
v 0.2760434934286628 -0.43184527884282425 0.666427945640326
v 0.22556589657897116 -0.40988495204672476 0.6644957035868483
v 0.17694370141693797 -0.38765205323790464 0.6603628837673097
v 0.1301290673201109 -0.3652091162041491 0.6542029992118964
v 0.08506996701317292 -0.34260789288629817 0.6461705518097004
v 0.04171202681567932 -0.31989084149969127 0.6364025491491379
v 3.82714345353657e-17 -0.2970924314980933 0.6250199577872046
v -0.04012105905217536 -0.27424028351904506 0.6121290717469927
v -0.07870486265553014 -0.2513561624499101 0.5978227842072122
v -0.11580315151845226 -0.22845684106616287 0.5821817569413487
v -0.15146511016443173 -0.20555485060630965 0.5652754867076761
v -0.18573690262625567 -0.1826591333616475 0.5471632709755205
v -0.2186613006028476 -0.15977561100971063 0.527895077481535
v -0.2502773809583546 -0.13690768109703577 0.507512323438781
v -0.2806202733051718 -0.11405665283628474 0.4860485709984222
v -0.3097209415634496 -0.09122213225859062 0.4635301459620402
v -0.3376059859349474 -0.06840236577269489 0.4399766868934947
v -0.3642974537623552 -0.04559455033658913 0.41540163178286343
v -0.38981264934781235 -0.022795117747380265 0.3898126493478124
v -0.414163934046478 5.600651068368375e-17 0.3632120219792458
v -0.43735850889297967 0.022795117747380373 0.3355969872958196
v -0.45939817271247635 0.04559455033658941 0.30696004530563725
v -0.4802790491596142 0.06840236577269515 0.2772892383184407
v -0.4999912764590031 0.09122213225859076 0.24656841104131066
v -0.5185186538287436 0.11405665283628487 0.21477745875930562
v -0.535838238692564 0.13690768109703588 0.1818925721860411
v -0.5519198888671711 0.15977561100971066 0.14788648850863365
v -0.5667257439957173 0.18265913336164766 0.11272875939318634
v -0.5802096406408592 0.20555485060631004 0.07638604831465452
v -0.592316455719862 0.22845684106616299 0.03882247159032851
v -0.6029813734460534 0.25135616244991027 7.384392089361842e-17
v -0.6121290717469928 0.2742402835190452 -0.0401210590521752
v -0.6196728254042 0.29709243149809345 -0.08158147515150133
v -0.6255135250890754 0.3198908414996916 -0.12442237610346316
v -0.6295386142962923 0.34260789288629834 -0.16868436330489928
v -0.6316209502095289 0.3652091162041493 -0.2144064215359568
v -0.6316176001698155 0.3876520532379047 -0.2616245762238844
v -0.6293685931510007 0.4098849520467249 -0.3103702430001726
v -0.6246956560966422 0.43184527884282453 -0.3606682052089864
v -0.6174009788892086 0.45345802966868165 -0.4125341451242329
v -0.6072660699986905 0.47463382758083306 -0.46597164439391525
v -0.5940507885197459 0.4952667962172978 -0.5209685593541049
v -0.5774926684770882 0.5152322092202188 -0.5774926684770881
v -0.5573066890936491 0.5343839283092174 -0.6354864840862345
v -0.5331856911648163 0.5525516624921925 -0.6948611211618632
v -0.5048016953374757 0.5695381089408759 -0.7554891262453746
v -0.4718084426778423 0.5851160747262066 -0.8171961941579701
v -0.43384554965019506 0.5990257303241779 -0.8797517461363519
v -0.3905447443177899 0.6109722128049372 -0.9428584184455394
v -0.3415387203567714 0.6206238803768971 -1.0061406255451761
v -0.2864731973080562 0.627611620220492 -1.06913252736037
v -0.22502278952324348 0.6315297249108559 -1.1312659563985221
v -0.15691123440939914 0.6319389706930035 -1.191859154097973
v -0.08193637611021108 0.6283726374446585 -1.2501075254626626
v -2.397389448900884e-16 0.6203462793846658 -1.305078030427516
v 0.08885787880487422 0.6073720497921079 -1.3557092498356156
v 0.18442138865796967 0.5889782532197017 -1.4008195213732602
v 0.2862599050345724 0.5647344892654108 -1.4391257255925005
v 0.393691094297574 0.534282211827659 -1.469275166405939
v 0.5057503088324807 0.4973697299917591 -1.489892365840183
v 0.6211717773421127 0.45388964573611107 -1.4996413294227278
v 0.7383875677606951 0.4039155646663026 -1.497301868341417
v 0.855549949654202 0.3477338342041005 -1.4818559812140724
v 0.9705812073715807 0.2858653561480758 -1.452577428087137
v 1.0812520071293974 0.2190725234900804 -1.4091150501265113
v 1.1852853025221741 0.14834731846443336 -1.3515588531045477
v 1.280478113994962 0.07487866140386533 -1.2804781139949624
v 1.3648293577552093 2.1082763475385866e-16 -1.196923222752841
v 1.4366593786628086 -0.07487866140386594 -1.1023875137810584
v 1.4947068569873956 -0.1483473184644349 -0.9987311917904743
v 1.5381915828533166 -0.219072523490081 -0.88807532442558
v 1.5668366960631297 -0.28586535614807634 -0.7726783500015334
v 1.5808501750531567 -0.3477338342041009 -0.6548095825869003
v 1.580871160894931 -0.4039155646663029 -0.5366334482800739
v 1.5678908767709798 -0.4538896457361121 -0.42011509425090887
v 1.543159792138337 -0.4973697299917595 -0.30695356749933833
v 1.5080923131269253 -0.5342822118276593 -0.1985441196155129
v 1.464178220898976 -0.5647344892654115 -0.0959673107763733
v 1.3784919399095634 -0.6841519802114173 0
v 1.314783669110886 -0.6953025582272588 0.08617547452645184
v 1.2479526056242836 -0.7009056092893763 0.16429607740113536
v 1.1791246301724205 -0.7016095771417432 0.23454247162325986
v 1.1092463309511496 -0.6980366241449547 0.29722165858554633
v 1.0390968114623522 -0.6907680735590391 0.3527258380222497
v 0.969304082845631 -0.6803359135524537 0.40149889717827447
v 0.9003635328061305 -0.6672189340099391 0.44401015796872934
v 0.8326567038910888 -0.651842217041879 0.48073457213406656
v 0.766469231052422 -0.6345789153104981 0.5121383668116597
v 0.7020072650616169 -0.6157534775725282 0.5386691202390783
v 0.6394120536010837 -0.5956456888469716 0.5607493211620134
v 0.5787725870195448 -0.5744950696301991 0.5787725870195447
v 0.5201363652752576 -0.5525053208209368 0.5931018530420392
v 0.46351842932874937 -0.5298486103147295 0.6040689778807294
v 0.40890884327127486 -0.5066695780661604 0.6119753312446692
v 0.35627882763161783 -0.48308899411484185 0.6170930311190362
v 0.30558574052858856 -0.45920704376876553 0.6196665819003064
v 0.25677708932500015 -0.4351062403234838 0.6199147315551029
v 0.2097937363762709 -0.4108539820444006 0.6180324179132157
v 0.16457244168940866 -0.3865047795334309 0.6141927139105396
v 0.12104786484506029 -0.3621021842230436 0.6085487113730835
v 0.07915412952511924 -0.33768045019795756 0.6012353048796031
v 0.03882603698507374 -0.31326596099289816 0.5923708531317796
v 3.5640816594320707e-17 -0.28887845126487466 0.5820587065451889
v -0.03738524383730984 -0.2645320508460134 0.5703885976042462
v -0.07338809123193826 -0.24023617601851616 0.5574378958000445
v -0.10806366533125626 -0.21599629015562039 0.5432727323836957
v -0.14146350879633834 -0.19181455328869626 0.5279490022449013
v -0.17363535163941166 -0.16769037777551207 0.5115132513606108
v -0.20462293247151697 -0.14362090510142037 0.49400345874529034
v -0.2344658556574582 -0.11960141696018027 0.47544972188908585
v -0.2631994699344914 -0.09562569213434623 0.4558748544517364
v -0.2908547564517355 -0.0716863193172639 0.4352949046043349
v -0.3174582160416865 -0.04777497487572791 0.41371960196243085
v -0.3430317469366381 -0.02388267362886749 0.3911527405946713
v -0.36759250516769204 -1.033608877626189e-16 0.3675925051676921
v -0.3911527405946712 0.02388267362886728 0.34303174693663824
v -0.41371960196243085 0.0477749748757277 0.3174582160416866
v -0.4352949046043349 0.07168631931726369 0.2908547564517356
v -0.4558748544517364 0.09562569213434603 0.26319946993449145
v -0.47544972188908574 0.11960141696018008 0.23446585565745828
v -0.4940034587452903 0.14362090510142014 0.20462293247151705
v -0.5115132513606107 0.16769037777551185 0.17363535163941185
v -0.5279490022449012 0.19181455328869595 0.1414635087963384
v -0.5432727323836956 0.21599629015562016 0.10806366533125647
v -0.5574378958000444 0.24023617601851596 0.07338809123193837
v -0.5703885976042461 0.26453205084601317 0.03738524383730982
v -0.5820587065451888 0.28887845126487455 7.12816331886414e-17
v -0.5923708531317794 0.31326596099289783 -0.038826036985073614
v -0.6012353048796031 0.3376804501979574 -0.07915412952511926
v -0.6085487113730835 0.3621021842230436 -0.12104786484506032
v -0.6141927139105394 0.3865047795334307 -0.16457244168940835
v -0.6180324179132158 0.41085398204440055 -0.20979373637627083
v -0.6199147315551029 0.43510624032348355 -0.256777089325
v -0.6196665819003063 0.4592070437687654 -0.30558574052858845
v -0.6170930311190362 0.48308899411484185 -0.35627882763161783
v -0.6119753312446691 0.5066695780661601 -0.40890884327127447
v -0.6040689778807293 0.5298486103147292 -0.4635184293287489
v -0.5931018530420392 0.5525053208209367 -0.5201363652752573
v -0.5787725870195448 0.574495069630199 -0.5787725870195446
v -0.5607493211620134 0.5956456888469713 -0.6394120536010833
v -0.5386691202390783 0.6157534775725281 -0.7020072650616167
v -0.5121383668116597 0.6345789153104981 -0.766469231052422
v -0.4807345721340669 0.6518422170418788 -0.8326567038910883
v -0.4440101579687292 0.667218934009939 -0.9003635328061301
v -0.4014988971782748 0.6803359135524535 -0.9693040828456302
v -0.3527258380222499 0.6907680735590391 -1.0390968114623518
v -0.29722165858554617 0.6980366241449548 -1.1092463309511496
v -0.2345424716232603 0.7016095771417432 -1.1791246301724199
v -0.1642960774011354 0.7009056092893762 -1.2479526056242833
v -0.08617547452645144 0.695302558227259 -1.3147836691108865
v -2.532248612791008e-16 0.6841519802114175 -1.3784919399095632
v 0.09423631510530213 0.666801206579233 -1.4377683304732887
v 0.19631079976663982 0.6426240968446103 -1.4911285646998216
v 0.305715898054527 0.6110610779206294 -1.536937607660243
v 0.4216059504431092 0.5716679710279793 -1.5734548278270526
v 0.5427544658613283 0.524171492500228 -1.5989030972204632
v 0.6675311032063745 0.4685272567833717 -1.6115626426667027
v 0.7939082492464331 0.40497389813965007 -1.6098866730562307
v 0.919505877767598 0.3340750876322459 -1.5926308981516968
v 1.0416797034594973 0.2567404596008446 -1.558983847049163
v 1.1576514547242276 0.17421747609467228 -1.508680748703146
v 1.2646722020151584 0.08804944066535018 -1.4420822626178083
v 1.3602018348331253 2.48018353466707e-16 -1.3602018348331262
v 1.442082262617808 -0.0880494406653497 -1.2646722020151588
v 1.5086807487031457 -0.17421747609467178 -1.1576514547242283
v 1.5589838470491628 -0.2567404596008441 -1.041679703459498
v 1.592630898151697 -0.3340750876322456 -0.9195058777675988
v 1.609886673056231 -0.40497389813964974 -0.793908249246434
v 1.6115626426667025 -0.46852725678337137 -0.6675311032063753
v 1.5989030972204634 -0.5241714925002278 -0.542754465861329
v 1.5734548278270526 -0.5716679710279788 -0.4216059504431098
v 1.5369376076602435 -0.6110610779206294 -0.30571589805452776
v 1.4911285646998218 -0.6426240968446101 -0.19631079976664048
v 1.4377683304732891 -0.6668012065792329 -0.09423631510530278
v 1.3233913399323136 -0.7438484117208927 0
v 1.2576181936848079 -0.747510256753661 0.08242865131354726
v 1.1898995370195893 -0.74603455942102 0.15665324592671492
v 1.1212027655230818 -0.7401362712782997 0.22302109640281578
v 1.0523135418912717 -0.7304711045910176 0.2819665637341006
v 0.983856307063152 -0.7176288998146132 0.33397421354218015
v 0.9163161959651381 -0.7021320333509351 0.37955059579088296
v 0.8500605361672389 -0.684437258633589 0.4192034652605919
v 0.7853588244687466 -0.6649397117154519 0.4534271287174788
v 0.7224006025596363 -0.6439781309013907 0.4826926506503786
v 0.6613110146264458 -0.6218406120600013 0.5074417889706209
v 0.6021640619180464 -0.5987704390263524 0.5280837091622398
v 0.544993705929312 -0.5749716943143043 0.544993705929312
v 0.48980304200306946 -0.5506144763931728 0.5585133269501609
v 0.4365717914698189 -0.5258396347512135 0.5689514357102079
v 0.3852623596159364 -0.5007629912511634 0.5765858675393144
v 0.3358246904574641 -0.4754790531180884 0.5816654263084187
v 0.28820012528792827 -0.4500642451284921 0.5844120417120807
v 0.24232444522303487 -0.4245797006912133 0.5850229621519868
v 0.19813025146029334 -0.3990736568684853 0.5836728993287932
v 0.15554881235388268 -0.3735834993915164 0.5805160707616877
v 0.11451148446004908 -0.3481375020733545 0.5756881081279599
v 0.07495079568968503 -0.32275630187221055 0.569307814611947
v 0.03680126255564137 -0.2974541469828282 0.5614787650048515
v 3.3818054920555956e-17 -0.27223995122921973 0.5522907493671056
v -0.03551282886668101 -0.2471181840062086 0.5418210656154799
v -0.0697936849039444 -0.2220896212476985 0.5301356691513799
v -0.10289541614454811 -0.19715197947909335 0.5172901891422105
v -0.13486708720009288 -0.17230045197769425 0.5033308216995688
v -0.16575385475793886 -0.1475281634222565 0.488295110254168
v -0.19559687281828178 -0.12282655714576153 0.4722126231156613
v -0.22443321426578217 -0.0981857271881719 0.4551055376746728
v -0.2522957976467379 -0.07359470574882836 0.43698914006026657
v -0.27921330974941655 -0.04904171533137257 0.4178722483838814
v -0.30521011585798363 -0.024514393829958955 0.39775756703392834
v -0.3303061504463652 -2.7241268738199817e-16 0.37664197887269096
v -0.3545167816583537 0.024514393829958417 0.3545167816583538
v -0.3778526432321703 0.04904171533137186 0.3313678745942129
v -0.4003194276089621 0.07359470574882764 0.3071759006166465
v -0.4219176338444999 0.09818572718817135 0.2819163498963514
v -0.4426422636447501 0.122826557145761 0.2555596300700017
v -0.4624824583881036 0.14752816342225586 0.22807110897380622
v -0.481421069397057 0.17230045197769359 0.19941113615642003
v -0.4994341529978853 0.19715197947909277 0.1695350502569551
v -0.5164903810795838 0.22208962124769768 0.13839318050871743
v -0.5325503569616195 0.24711818400620814 0.10593085225211785
v -0.5475658254443078 0.27223995122921923 0.07208840851324713
v -0.5614787650048512 0.29745414698282746 0.03680126255564138
v -0.5742203493022061 0.32275630187221 7.032171127782219e-17
v -0.5857097645895117 0.34813750207335376 -0.03838944617589449
v -0.5958528694824937 0.37358349939151586 -0.07844551846198702
v -0.6045406840493985 0.39907365686848484 -0.12025061864158376
v -0.6116476967280713 0.42457970069121265 -0.1638905063906427
v -0.6170299806315941 0.4500642451284916 -0.20945345477178084
v -0.6205231160511784 0.47547905311808775 -0.25702909043441197
v -0.6219399243189937 0.5007629912511627 -0.306706828944167
v -0.6210680308773789 0.5258396347512132 -0.35857379481212565
v -0.6176672940239863 0.5506144763931723 -0.412712091208246
v -0.611467162443533 0.5749716943143035 -0.46919525600583756
v -0.6021640619180458 0.5987704390263517 -0.5280837091622392
v -0.5894189627336239 0.6218406120600009 -0.5894189627336237
v -0.5728553480198014 0.64397813090139 -0.6532163315590973
v -0.5520578936587468 0.6649397117154515 -0.7194558542933505
v -0.5265722864451532 0.6844372586335886 -0.7880711183537589
v -0.49590675175713106 0.7021320333509348 -0.8589356898597967
v -0.45953603530038883 0.7176288998146128 -0.9318468975746276
v -0.4169087803380685 0.7304711045910173 -1.0065068317645889
v -0.36745944769684397 0.7401362712782996 -1.0825006259377628
v -0.3106261113831382 0.7460345594210199 -1.1592724298394217
v -0.24587557686312755 0.7475102567536611 -1.236099997713223
v -0.17273723241835665 0.7438484117208926 -1.3120695435624923
v -0.09084674410125075 0.7342884155658554 -1.3860534704634224
v -2.675904810130768e-16 0.7180466141684481 -1.4566947313537464
v 0.09978355174637882 0.6943499261583758 -1.5224028066332371
v 0.2081909606328782 0.6624818800982575 -1.5813673454593884
v 0.3245446255339478 0.621841261261171 -1.6315960129040104
v 0.44773840358044353 0.5720115330304901 -1.6709824706619973
v 0.5761924095653363 0.512836386732341 -1.6974081029198214
v 0.7078398861931071 0.4444934879522301 -1.708876653236026
v 0.8401592471560623 0.36755543026797877 -1.703674418958782
v 0.9702607581890839 0.28302514613637186 -1.6805409297737932
v 1.0950298282243816 0.1923337435573452 -1.6388279512112116
v 1.2113182785267878 0.09729275600763741 -1.5786207151624407
v 1.3161635146741433 2.7413818904503845e-16 -1.500796851699557
v 1.407006633643402 -0.0972927560076356 -1.4070066336434026
v 1.4818774770586187 -0.19233374355734215 -1.2995716684194993
v 1.5395192269256321 -0.2830251461363702 -1.1813146513325437
v 1.579436460740951 -0.36755543026797727 -1.0553457030179667
v 1.6018653315262732 -0.4444934879522288 -0.924837380362224
v 1.6076783400874657 -0.5128363867323398 -0.7928192199437334
v 1.5982453950535125 -0.5720115330304882 -0.6620149186315113
v 1.575275908655251 -0.6218412612611702 -0.5347341160778997
v 1.540664155254011 -0.6624818800982567 -0.41281971620788993
v 1.4963540725219437 -0.6943499261583748 -0.2976433310035331
v 1.4442325059909766 -0.7180466141684478 -0.19013681651061587
v 1.3860534704634226 -0.7342884155658552 -0.09084674410125088
v 1.2604240416176302 -0.7562842621767653 0
v 1.1970289910340133 -0.7543686560921575 0.07845742516259997
v 1.1322497390141693 -0.7480076247432723 0.14906350603389248
v 1.0668950966214747 -0.7378708177461529 0.21221862941472652
v 1.0016137444727444 -0.7245586963141939 0.26838159395938477
v 0.9369152491747766 -0.708601451516536 0.3180398715264189
v 0.873190920056864 -0.6904613503069691 0.36168752162859413
v 0.8107333436186779 -0.6705372045321395 0.39980944013661657
v 0.7497539695840225 -0.6491699951128431 0.4328706561653257
v 0.690398493498069 -0.626648967895304 0.46130952500707567
v 0.6327600209224473 -0.6032177427738326 0.4855338409679255
v 0.5768901415251708 -0.5790801473789791 0.5059190758501352
v 0.5228081168591925 -0.5544056092907971 0.5228081168591924
v 0.4705084162235428 -0.5293340259580361 0.5365120229314851
v 0.41996683755632547 -0.503980088276273 0.5473114384552843
v 0.37114543664413663 -0.4784370697375982 0.555458399268614
v 0.32399646597837783 -0.45278011429813536 0.5611783405473114
v 0.27846549942257126 -0.4270690672561695 0.5646721732037209
v 0.23449389355254338 -0.40135089790760725 0.566118338108223
v 0.19202071282017907 -0.3756617629879633 0.5656747788734147
v 0.15098422442231643 -0.350028757620071 0.5634807966854667
v 0.11132305023519257 -0.3244713968157726 0.5596587668312931
v 0.07297704738640393 -0.2990028662858987 0.5543157078198153
v 0.03588797579059717 -0.2736310768774773 0.5475447016243634
v 3.3030326535731016e-17 -0.24835955267200244 0.5394261685692237
v -0.034739936281326 -0.2231881788079659 0.5300290034912416
v -0.0683818319911134 -0.1981138315155293 0.5194115815821808
v -0.10097242168817604 -0.1731309096991886 0.5076226431685521
v -0.1325550193231067 -0.14823178467166276 0.49470206691210833
v -0.1631693961588168 -0.12340718230710092 0.48068154073297287
v -0.19285167914753804 -0.098646509913379 0.465585139324411
v -0.22163425835621253 -0.07393813848811065 0.4494298165550533
v -0.2495456937704185 -0.04926964968812296 0.4322258204203894
v -0.2766106130916776 -0.024628055777596608 0.41397703756743903
v -0.30284959304895875 -1.0658419920938585e-16 0.3946812738160367
v -0.3282790173314182 0.024628055777596226 0.37433047656847945
v -0.35291090456192914 0.04926964968812258 0.35291090456192925
v -0.3767526998051239 0.07393813848811029 0.33040325009806953
v -0.39980702296645915 0.09864650991337862 0.30678271870568824
v -0.4220713671106194 0.12340718230710061 0.28201907118070996
v -0.4435377392242355 0.14823178467166254 0.25607663313687035
v -0.4641922352826016 0.17313090969918835 0.22891427762886193
v -0.48401454066557864 0.19811383151552883 0.20048538712946665
v -0.5029773460191936 0.2231881788079657 0.17073780221801318
v -0.5210456675971733 0.24835955267200197 0.13961376585239793
v -0.5381760599714992 0.27363107687747695 0.10704987415598789
v -0.5543157078198151 0.29900286628589845 0.07297704738640381
v -0.5694013823512101 0.3244713968157722 0.037320538331081815
v -0.5833582469269605 0.35002875762007085 7.144078098553134e-17
v -0.5960984957262129 0.3756617629879627 -0.039070359588850356
v -0.6075198091262206 0.4013508979076069 -0.07998150020528505
v -0.6175036101387943 0.4270690672561693 -0.12282910495819302
v -0.6259131082298048 0.452780114298135 -0.1677129118822298
v -0.6325911207891324 0.4784370697375979 -0.21473575007102713
v -0.6373576692984324 0.5039800882762727 -0.26400219070591663
v -0.6400073580637908 0.5293340259580358 -0.3156167012555374
v -0.6403065598451902 0.554405609290797 -0.36968116469050394
v -0.6379904569345464 0.5790801473789788 -0.426291594520036
v -0.632760020922447 0.603217742773832 -0.4855338409679248
v -0.6242790629448661 0.6266489678953039 -0.5474780445418213
v -0.6121715527023442 0.6491699951128427 -0.6121715527023441
v -0.5960194936502909 0.6705372045321393 -0.6796299773158374
v -0.5753617583088539 0.6904613503069686 -0.7498260419906274
v -0.5496944358304312 0.7086014515165359 -0.8226758603689782
v -0.518473425811992 0.7245586963141935 -0.898022315880662
v -0.48112022510348484 0.7378708177461529 -0.9756153047497677
v -0.43703208650455905 0.7480076247432721 -1.0550887904315163
v -0.38559795364815436 0.7543686560921574 -1.1359349413947117
v -0.32622174687573474 0.7562842621767654 -1.2174761338741162
v -0.2583546120265548 0.753021783547504 -1.2988363440139474
v -0.18153753249587742 0.7437988312589582 -1.3789144590695361
v -0.09545509306394094 0.7278058829768137 -1.4563632887847517
v -2.8097918721917575e-16 0.7042403407911378 -1.529579453247551
v 0.10465394347664402 0.6723536525937673 -1.596710625003995
v 0.2179753811249006 0.6315118602894972 -1.6556873976523
v 0.33900371220640774 0.5812678363499141 -1.7042867503525387
v 0.4662937580843585 0.5214405029327508 -1.7402319964230604
v 0.5978908643105378 0.4521928047089465 -1.76132968934462
v 0.7313508470932442 0.3740968650459513 -1.7656371339055603
v 0.8638160696396127 0.2881727430540921 -1.7516457094438904
v 0.9921516380737943 0.19588782682166894 -1.7184570459564994
v 1.113134796690323 0.09910807670921473 -1.6659239513502164
v 1.2236783074984348 2.7926980015733923e-16 -1.5947286185273433
v 1.3210584840929291 -0.09910807670921418 -1.5063784945660956
v 1.4031143024946415 -0.1958878268216684 -1.4031143024946422
v 1.4683877789719533 -0.2881727430540904 -1.2877415207046154
v 1.516186979614798 -0.3740968650459509 -1.163411188280741
v 1.5465682929712958 -0.4521928047089461 -1.0333838954467356
v 1.56024932387496 -0.5214405029327495 -0.9008103671421407
v 1.5584739704883153 -0.5812678363499139 -0.7685543101351585
v 1.5428550376550911 -0.6315118602894964 -0.6390714813723922
v 1.5152175960846812 -0.6723536525937666 -0.5143470660956718
v 1.4774602972529227 -0.7042403407911377 -0.39588429349796705
v 1.4314445091334582 -0.7278058829768137 -0.2847320160843494
v 1.3789144590695368 -0.7437988312589582 -0.1815375324958776
v 1.3214466627884904 -0.753021783547504 -0.08661219020479773
v 1.2013681806203573 -0.7245451773254185 0
v 1.1434265877622227 -0.7198014815595869 0.07494413803694798
v 1.0840768700401826 -0.7113204594032274 0.14272142751751676
v 1.0240125493339973 -0.6996641937283268 0.2036887604145042
v 0.9637965845345078 -0.6853343554702825 0.25824851649389563
v 0.9038780057211017 -0.6687728363146868 0.3068252385349627
v 0.844608318314369 -0.6503646253831231 0.3498482203389438
v 0.7862568708157739 -0.6304420293241753 0.38773897952848485
v 0.7290247474934002 -0.6092895759728938 0.4209026342112135
v 0.673057003293295 -0.587149140061327 0.4497223117025589
v 0.618453225918342 -0.5642249843964455 0.4745558510497928
v 0.5652765120421605 -0.5406885258733856 0.49573419614361636
v 0.5135610002400699 -0.5166827192170976 0.5135610002400698
v 0.4633181275631467 -0.4923260092982295 0.5283130700931631
v 0.4145417810357479 -0.4677158414609843 0.54024136714857
v 0.367212507756897 -0.4429317437247997 0.5495723552318176
v 0.3213009332270061 -0.4180380090932687 0.5565095408684696
v 0.27677052061038415 -0.3930860136584497 0.5612350961819835
v 0.23357978613923086 -0.36811620904216485 0.5639114875935382
v 0.19168406909523986 -0.34315982763278613 0.5646830584393674
v 0.151036939480161 -0.3182403372236773 0.5636775319596665
v 0.11159131291848087 -0.2933746788361396 0.5610074144132521
v 0.07330033059101865 -0.2685743182463949 0.5567712875508426
v 0.03611805200343779 -0.243846138374416 0.5510549862959132
v 3.330626967222472e-17 -0.21919319644242463 0.5439326619791737
v -0.03509640953973847 -0.1946153667935064 0.535467734420325
v -0.06921152662113285 -0.17010988753781248 0.5257137379804568
v -0.10238319265102361 -0.14567182678901167 0.5147150677444201
v -0.13464651431253757 -0.12129448216751114 0.50250763247644
v -0.16603367058629173 -0.09696972546653078 0.48911942110326384
v -0.19657374009737205 -0.07268830288274063 0.4745709893494796
v -0.22629253782536957 -0.048440099982755835 0.4588758728769087
v -0.2552124516237392 -0.024214379588627457 0.44204093293653063
v -0.2833522700237115 -1.0479532791762322e-16 0.4240666401818347
v -0.310726993502573 0.024214379588627415 0.4049473019592176
v -0.33734762182060757 0.04844009998275579 0.3846712381189572
v -0.3632209102103106 0.07268830288274059 0.36322091021031067
v -0.38834908716293765 0.09696972546653064 0.340573008866619
v -0.4127295263225699 0.12129448216751111 0.31669850428308066
v -0.43635436458404026 0.14567182678901172 0.2915626649779051
v -0.4592100579135427 0.17010988753781234 0.26512505055096747
v -0.48127686568476974 0.19461536679350652 0.23733948496712653
v -0.5025282534669387 0.21919319644242446 0.20815401806167044
v -0.5229302032380981 0.243846138374416 0.17751088457746322
v -0.5424404189622463 0.26857431824639466 0.1453464722029339
v -0.5610074144132521 0.29337467883613955 0.11159131291848103
v -0.5785694691281991 0.3182403372236774 0.0761701156385411
v -0.5950534375390797 0.34315982763278596 0.03900186285642238
v -0.6103733958265268 0.3681162090421649 7.474918254836565e-17
v -0.6244291110941924 0.39308601365844964 -0.04092724622375434
v -0.6371043184050498 0.41803800909326866 -0.08387637474174041
v -0.6482647935085 0.4429317437247998 -0.12894788476566094
v -0.6577562133499769 0.4677158414609842 -0.17624524618367923
v -0.6654018035501057 0.4923260092982295 -0.22587347607045466
v -0.6709997831185429 0.5166827192170975 -0.27793721051710574
v -0.6743206332466829 0.5406885258733856 -0.33253813596413406
v -0.675104241070072 0.5642249843964458 -0.38977161531286425
v -0.6730570032932952 0.587149140061327 -0.4497223117025587
v -0.6678490215776923 0.6092895759728937 -0.5124585781519059
v -0.6591115851875954 0.6304420293241755 -0.5780253466953664
v -0.6464352205132983 0.6503646253831232 -0.6464352205132982
v -0.6293686956090088 0.6687728363146865 -0.7176574539540482
v -0.6074195037615296 0.6853343554702825 -0.7916045092606392
v -0.5800565139136156 0.6996641937283269 -0.8681159213947716
v -0.5467156633088076 0.7113204594032273 -0.9469393061445736
v -0.506809766476387 0.7198014815595869 -1.027708541383116
v -0.459743698894002 0.7245451773254185 -1.1099194730854702
v -0.4049363384020455 0.724931835724204 -1.1929039858210313
v -0.3418506424619887 0.7202917651249409 -1.2758039662682052
v -0.27003300536913777 0.7099194744952974 -1.3575475920696947
v -0.1891624512329848 0.6930961425150893 -1.4368314669261144
v -0.09910914111323404 0.6691219486523522 -1.5121132887442228
v -2.9053902015392615e-16 0.6373592434249459 -1.5816207598588736
v 0.10771301040292205 0.5972863692584414 -1.6433829672160831
v 0.2231891613248543 0.5485601168785235 -1.6952899900489433
v 0.34514965764190747 0.4910823724326971 -1.735184504556877
v 0.47185457853659407 0.42506378315235976 -1.7609852608825716
v 0.6011180021637738 0.3510748599183419 -1.770836530896827
v 0.7303706313031623 0.2700737221488736 -1.7632706836510925
v 0.8567733462441743 0.18340059709196155 -1.7373644791542449
v 0.9773764236187065 0.09273279407765737 -1.692865623827561
v 1.0893093737757085 2.6125062998719555e-16 -1.630266686118262
v 1.1899781366431124 -0.09273279407765812 -1.5508097007996036
v 1.2772425179030948 -0.18340059709196224 -1.4564159607481315
v 1.3495489548166766 -0.27007372214887426 -1.349548954816677
v 1.4060017259943898 -0.3510748599183415 -1.233030420624273
v 1.4463673098918892 -0.42506378315235943 -1.1098366714105756
v 1.471018393224795 -0.49108237243269764 -0.9829030663391792
v 1.4808329291550004 -0.5485601168785231 -0.8549592902725025
v 1.477067902957239 -0.597286369258441 -0.7284092802810129
v 1.461227048228562 -0.6373592434249454 -0.6052600610826762
v 1.4349379446090849 -0.6691219486523524 -0.48709579650221313
v 1.399848520073637 -0.6930961425150893 -0.37508828047963316
v 1.3575475920696947 -0.7099194744952971 -0.2700330053691379
v 1.3095097491454792 -0.7202917651249409 -0.17240022909004668
v 1.257062004620231 -0.7249318357242042 -0.0823921967562746
v 1.1515841322803424 -0.6621283301102748 0
v 1.1005577607083 -0.6567353392477611 0.0721343666650063
v 1.0477533588793306 -0.6482189274476716 0.13793934655204695
v 0.9937850068318842 -0.6370188776055455 0.19767612837533968
v 0.9391653105414104 -0.6235307978372372 0.2516485865188955
v 0.8843163570190951 -0.6081063363645723 0.3001849535726773
v 0.829580943198628 -0.5910549430379622 0.3436236777591359
v 0.7752334472804415 -0.5726466031672114 0.38230282863282994
v 0.7214899550478008 -0.5531151113045978 0.41655241976445867
v 0.6685174328772548 -0.5326615724626191 0.4466890677252304
v 0.6164418646373901 -0.511457914481283 0.47301247925634254
v 0.5653553530148095 -0.4896502695094536 0.49580333782094915
v 0.5153222376409828 -0.4673621378976518 0.5153222376409828
v 0.4663843116151252 -0.44469728770359745 0.5318093829149633
v 0.4185652316556815 -0.42174237082693317 0.5454848300828411
v 0.3718742204762508 -0.3985692554367219 0.5565491013514935
v 0.32630915693543305 -0.3752370862448677 0.5651840387871362
v 0.28185914277283564 -0.3517940912194083 0.5715538011599517
v 0.2385066261640589 -0.3282791569881385 0.5758059316011206
v 0.19622915311647623 -0.30472319654977825 0.5780724442036086
v 0.15500080864134236 -0.28115033278634294 0.5784708930637508
v 0.11479340111814373 -0.25757892022788337 0.5771053988766873
v 0.0755774355448598 -0.23402242595891248 0.5740676168690881
v 0.03732291453632506 -0.21049018874743455 0.5694376362374288
v 3.449124672715986e-17 -0.1869880736036562 0.5632848058913641
v -0.03642043665813071 -0.16351903715221416 0.5556684846023007
v -0.07196635223402036 -0.14008361749979364 0.5466387159593878
v -0.10666413735092745 -0.11668036073918787 0.5362368300978534
v -0.14053827298515043 -0.09330619487061491 0.5244959751885658
v -0.17361102327761466 -0.06995676074791497 0.5114415823178405
v -0.20590215195126269 -0.0466267086698151 0.4970917677625443
v -0.23742865117629347 -0.023309968429288973 0.4814576768703963
v -0.2682044728896878 -2.5903888817107773e-16 0.464543773862169
v -0.29824025342865584 0.02330996842928846 0.4463480819401425
v -0.32754302291884646 0.04662670866981474 0.42686237816494926
v -0.3561158912001527 0.06995676074791454 0.4060723476943462
v -0.3839577022034153 0.09330619487061452 0.38395770220341535
v -0.41106264863411707 0.11668036073918743 0.36049226766758247
v -0.4374198385959254 0.1400836174997931 0.3356440472320546
v -0.46301280541892914 0.16351903715221394 0.3093752656640134
v -0.4878189514677076 0.1869880736036558 0.28164240294568194
v -0.511808916120738 0.21049018874743425 0.25239622598698136
v -0.5349458574710523 0.23402242595891198 0.22158182929981457
v -0.5571846366474342 0.257578920227883 0.18913869788321425
v -0.5784708930637504 0.2811503327863424 0.15500080864134244
v -0.5987399984663253 0.30472319654977775 0.11909679053982979
v -0.6179158774983645 0.32827915698813825 0.08135016857156702
v -0.6359096828204955 0.3517940912194079 0.041679722649795116
v -0.6526183138708657 0.37523708624486735 7.992269291468984e-17
v -0.6679227704619185 0.3985692554367214 -0.043777971269221526
v -0.6816863360586188 0.4217423708269327 -0.08974570871331816
v -0.6937525913828466 0.4446972877035971 -0.13799597032773464
v -0.7039432677526237 0.4673621378976513 -0.18862103011164078
v -0.7120559623414644 0.4896502695094533 -0.24171042896586958
v -0.717861755661747 0.5114579144812823 -0.2973480751040565
v -0.7211027966814642 0.5326615724626189 -0.3556085458818454
v -0.7214899550478003 0.5531151113045976 -0.41655241976445867
v -0.7187006851749 0.572646603167211 -0.48022044489183124
v -0.7123773058805629 0.5910549430379618 -0.5466263324258984
v -0.7021259741373379 0.6081063363645721 -0.6157479533743064
v -0.6875167240225147 0.623530797837237 -0.6875167240225144
v -0.6680850523107398 0.6370188776055453 -0.7618049976288329
v -0.6433356577351632 0.6482189274476716 -0.8384113524139499
v -0.6127490743719466 0.6567353392477611 -0.9170437957729997
v -0.5757920661401712 0.6621283301102748 -0.9973011131498348
v -0.5319327438027363 0.6639160055444715 -1.078652899781676
v -0.48066138911318396 0.6615795885951004 -1.160419244506138
v -0.4215178679313103 0.65457283017796 -1.2417515966443162
v -0.3541262150744305 0.642336669655209 -1.3216170269498388
v -0.27823639972319686 0.6243201326096713 -1.398788840475338
v -0.19377236055266858 0.6000081581678482 -1.4718472046003925
v -0.10088410070217199 0.5689564617936813 -1.5391939389372318
v -2.9374726324831976e-16 0.5308326033717745 -1.5990856218181333
v 0.10812629040978058 0.4854611454720462 -1.6496884016424507
v 0.22238161771332302 0.43286925775309937 -1.6891560873404499
v 0.34127993640524457 0.37332759708917035 -1.7157301021602835
v 0.4629775883324075 0.3073801617174814 -1.7278558824222559
v 0.5853229690518532 0.23585656102459815 -1.724305863805454
v 0.7059422358060333 0.15986118967050364 -1.7042953199349098
v 0.8223571022274551 0.08073633066419703 -1.6675752401184265
v 0.9321246484312912 2.2736413820010745e-16 -1.6144872500702732
v 1.0329839695507639 -0.08073633066419547 -1.5459697615707466
v 1.1229919247115432 -0.15986118967050325 -1.4635115697798642
v 1.200631197424067 -0.23585656102459773 -1.3690574925201644
v 1.264878294089848 -0.3073801617174801 -1.2648782940898484
v 1.3152258863058537 -0.37332759708916924 -1.153422145809023
v 1.3516612737372946 -0.4328692577530984 -1.0371661739446438
v 1.3746089189460184 -0.48546114547204533 -0.9184843151330705
v 1.3848487713209396 -0.5308326033717737 -0.7995428109090679
v 1.3834231028217632 -0.5689564617936812 -0.6822287754225873
v 1.3715432499493874 -0.6000081581678477 -0.5681118155103091
v 1.3505048702434206 -0.6243201326096709 -0.45843462981986033
v 1.3216170269498388 -0.6423366696552087 -0.35412621507443054
v 1.2861473618495214 -0.6545728301779598 -0.2558306165445906
v 1.2452832393392546 -0.6615795885951004 -0.1639446486627358
v 1.20010718497805 -0.6639160055444715 -0.07865918065290874
v 1.1110914850369635 -0.5862481815971385 0
v 1.0671353967272648 -0.5812548514432211 0.06994374919421796
v 1.0209378923765096 -0.5736533796889328 0.13440902341297942
v 0.9730480009776609 -0.5637739022974704 0.1935512814485103
v 0.9239389255034043 -0.5519176592530056 0.24756868894431638
v 0.8740140831012694 -0.5383564566562493 0.29668780281529433
v 0.8236138511362361 -0.5233332224256485 0.3411520272989643
v 0.7730225197298598 -0.5070633083944798 0.3812125198239739
v 0.7224751047719978 -0.4897362650373701 0.41712119622291594
v 0.6721637965875953 -0.4715178803772477 0.4491254900625641
v 0.6222439113988394 -0.4525523297676686 0.4774645463219186
v 0.5728392798280224 -0.4329643279774244 0.5023665654868971
v 0.5240470537080114 -0.41286121011249804 0.5240470537080114
v 0.47594194389616146 -0.39233489467280824 0.5427077737890125
v 0.42857992152216134 -0.3714637018843737 0.5585362280179733
v 0.38200142634466183 -0.3503140147488503 0.5717055360138572
v 0.33623413117340945 -0.32894178023887904 0.5823745984311235
v 0.29129531256270325 -0.3073938547769066 0.590688460616914
v 0.24719387662965345 -0.28570920241210684 0.5967788094948909
v 0.2039320859306201 -0.2639199566233791 0.600764552530475
v 0.16150702956782778 -0.24205235794281565 0.6027524401266623
v 0.11991187459107672 -0.22012758000479465 0.6028377027065618
v 0.07913693263290227 -0.19816245647185746 0.60110468151482
v 0.039170571774129165 -0.1761701207822684 0.597627438216804
v 3.627834484709346e-17 -0.15416056995812735 0.5924703330356451
v -0.03838805666378856 -0.13214116291451455 0.5856885647314878
v -0.07600676112804697 -0.11011706289348326 0.5773286684332818
v -0.11286863961851462 -0.08809163286162264 0.5674289693766789
v -0.148985107869793 -0.06606679198898874 0.5560199921411971
v -0.18436603532937368 -0.04404334069093193 0.5431248261450677
v -0.2190193350304235 -0.02202126117504494 0.5287594490523851
v -0.25295056796923215 -9.531075706233817e-17 0.5129330104608439
v -0.28616255174260247 0.02202126117504475 0.49564807884174544
v -0.3186549638895038 0.044043340690931666 0.4769008552589951
v -0.3504239308660915 0.0660667919889887 0.4566813579554429
v -0.3814615938885638 0.08809163286162251 0.43497358251416884
v -0.4117556430288006 0.11011706289348307 0.41175564302880063
v -0.4412888109685894 0.13214116291451442 0.3869999006015129
v -0.47003831773728955 0.15416056995812724 0.36067308658405206
v -0.4979752576073028 0.17617012078226843 0.3327364293455595
v -0.5250639191414539 0.19816245647185726 0.3031457950580782
v -0.5512610292269238 0.22012758000479463 0.2718518551125665
v -0.5765149118578446 0.24205235794281546 0.23880029540184883
v -0.600764552530475 0.26391995662337897 0.20393208593062015
v -0.6239385595070716 0.2857092024121066 0.167183833146558
v -0.6459540140411296 0.3073938547769065 0.12848824215131416
v -0.6667152031407289 0.32894178023887904 0.08777472167296493
v -0.6861122308445303 0.35031401474885016 0.04497017148943866
v -0.7040195076420024 0.37146370188437366 8.621752365710738e-17
v -0.7202941230289484 0.39233489467280797 -0.04721057106878237
v -0.7347741138121299 0.412861210112498 -0.0967348472459325
v -0.7472766513600987 0.4329643279774244 -0.14864256780958063
v -0.7575961853902663 0.45255232976766846 -0.20299728606422063
v -0.7655026010896646 0.4715178803772476 -0.2598531181108785
v -0.7707394715339526 0.48973626503737006 -0.3192507421656351
v -0.7730225197298597 0.5070633083944797 -0.38121251982397364
v -0.7720384453738308 0.5233332224256485 -0.44573660426132156
v -0.7674443215896567 0.5383564566562493 -0.5127899014786768
v -0.7588678269317292 0.5519176592530054 -0.5822997639136623
v -0.7459086472240644 0.5637739022974703 -0.6541443271582718
v -0.7281414579822455 0.5736533796889328 -0.7281414579822453
v -0.7051209761132028 0.581254851443221 -0.8040363748268877
v -0.6763896401905235 0.5862481815971385 -0.8814881410232236
v -0.6414885273622253 0.5882763935882074 -0.9600554267341047
v -0.5999721206930867 0.5869597378045333 -1.0391821961652714
v -0.5514274749418357 0.5819023164534436 -1.1181843039274826
v -0.49549815625524335 0.5727018199259566 -1.1962383689622695
v -0.431913013513991 0.5589628687977338 -1.2723747080393173
v -0.3605193414436067 0.5403142941451211 -1.3454764993788129
v -0.28131929956834545 0.5164303938521858 -1.414287624617122
v -0.1945075715277139 0.4870557512647651 -1.4774316863878136
v -0.10050725470682657 0.4520325948596538 -1.5334443801077309
v -2.903920291220923e-16 0.4113289522022345 -1.58082057795099
v 0.10605430909398599 0.3650650997656362 -1.6180760756102517
v 0.21641326931576876 0.31353518074637626 -1.6438219804535503
v 0.3295674322873071 0.2572205472337308 -1.6568473676564899
v 0.44377838290998817 0.19679157556168456 -1.6562034723208348
v 0.5571397746087882 0.13309553932602416 -1.6412808502515415
v 0.6676584991551272 0.06712960836809741 -1.6118702036939725
v 0.7733498567175932 1.8896142288611868e-16 -1.568198376980389
v 0.8723378681810344 -0.06712960836809796 -1.510933509055873
v 0.962950439554656 -0.13309553932602383 -1.4411571769987652
v 1.0437993944242123 -0.1967915755616842 -1.3603058549699187
v 1.1138374524490606 -0.2572205472337312 -1.2700881944402418
v 1.1723876079518603 -0.31353518074637593 -1.172387607951861
v 1.2191442866741378 -0.3650650997656352 -1.0691608444053147
v 1.254149285918539 -0.4113289522022344 -0.9623425940398371
v 1.2777481611103623 -0.45203259485965425 -0.8537640258946106
v 1.2905340706441115 -0.4870557512647649 -0.7450901930847622
v 1.2932861499355086 -0.5164303938521856 -0.6377781493903316
v 1.2869085445480322 -0.5403142941451209 -0.5330549726856162
v 1.2723747080393175 -0.5589628687977337 -0.43191301351399114
v 1.250679871473884 -0.5727018199259566 -0.33511866155128744
v 1.2228030302223603 -0.5819023164534435 -0.2432306455805498
v 1.1896785520574158 -0.5869597378045331 -0.15662415270451566
v 1.1521766522739567 -0.5882763935882073 -0.07551764756490345
v 1.0778671383153309 -0.5130837165842111 0
v 1.0401803980515139 -0.508586829940593 0.06817702524082908
v 0.9998659981755491 -0.5019086336293633 0.1316348559125256
v 0.9574118163242958 -0.49329468677940774 0.19044105094232397
v 0.9132504081959953 -0.48297240488865856 0.2447047093635101
v 0.8677617030914371 -0.4711501613246578 0.29456540579292456
v 0.82127657109444 -0.45801715240130547 0.34018389420658846
v 0.7740808863311746 -0.4437438213220845 0.3817344484724766
v 0.7264198021627876 -0.4284826719523935 0.41939866832336004
v 0.6785020317753249 -0.4123693371653529 0.4533605634171134
v 0.6305039909322989 -0.39552379666539683 0.4838027282707947
v 0.5825737095462761 -0.3780516649887657 0.5109034312304629
v 0.5348344568292843 -0.36004549171026495 0.5348344568292842
v 0.48738805299111926 -0.34158603303475 0.5557595597581557
v 0.4403178606534934 -0.32274346740097937 0.5738334081187909
v 0.39369146305489877 -0.3035785380307755 0.5892009123201688
v 0.3475630452180993 -0.28414361307260977 0.601996853151107
v 0.30197549976669225 -0.2644836596266526 0.612345737842296
v 0.2569622819940875 -0.24463713194476444 0.6203618262084657
v 0.2125490398774942 -0.22463677685041392 0.6261492802865121
v 0.1687550445793874 -0.20451036122882346 0.6298024004038246
v 0.12559444602945005 -0.18428132754422397 0.6314059185155224
v 0.08307737675344332 -0.1639693839436786 0.6310353261493832
v 0.041210925442681276 -0.14359103575627305 0.6287572196002458
v 3.82475350343508e-17 -0.12316006520758238 0.6246296493157083
v -0.04055190193551097 -0.10268796602879969 0.6187024638875656
v -0.08044199862131428 -0.08218433941205677 0.6110176418636798
v -0.11966759113840736 -0.06165725749542235 0.6016096068576846
v -0.15822547808772378 -0.04111360028692985 0.5905055232752611
v -0.1961114056984339 -0.02055937168102236 0.5777255714955261
v -0.2333195419864004 -2.2849263082740057e-16 0.5632832026302467
v -0.2698419644319711 0.020559371681021836 0.547185374106749
v -0.3056681513237346 0.04111360028692939 0.5294327683483606
v -0.3407844674538145 0.061657257495421836 0.5100199978182689
v -0.3751736352690909 0.08218433941205633 0.4889358007037515
v -0.40881418290311083 0.10268796602879932 0.46616323260033415
v -0.44167986076131244 0.12316006520758191 0.4416798607613125
v -0.47373901853882594 0.14359103575627252 0.41545796885983977
v -0.5049539347540427 0.16396938394367813 0.38746478182294425
v -0.5352800911304385 0.1842813275442236 0.3576627221968546
v -0.5646653845146324 0.20451036122882302 0.32600971175158655
v -0.5930492695577347 0.22463677685041356 0.29245953469360286
v -0.6203618262084655 0.24463713194476394 0.25696228199408744
v -0.6465227472961919 0.2644836596266522 0.21946490002174254
v -0.6714402432796741 0.2841436130726092 0.17991187095254543
v -0.6950098638042636 0.3035785380307751 0.13824605736152001
v -0.7171132392978229 0.32274346740097903 0.09440974900654625
v -0.7376167507535707 0.3415860330347496 0.048345956074913536
v -0.7563701424724211 0.36004549171026456 9.262862739494779e-17
v -0.7732051013157087 0.3780516649887652 -0.05067853980663851
v -0.7879338374702411 0.3955237966653965 -0.10373345763657862
v -0.800347716431977 0.4123693371653528 -0.15919905900238784
v -0.8102160104895526 0.4284826719523931 -0.21709672570544125
v -0.8172848610390613 0.44374382132208434 -0.2774308267842716
v -0.8212765710944394 0.458017152401305 -0.34018389420658807
v -0.8218893806490865 0.47115016132465765 -0.4053109887707982
v -0.8187979159359918 0.4829724048886585 -0.4727331971775495
v -0.8116545462486485 0.49329468677940747 -0.5423302291734282
v -0.8000919268440473 0.5019086336293631 -0.613932128331525
v -0.7837270499884639 0.5085868299405929 -0.6873101762506304
v -0.7621671627209086 0.513083716584211 -0.7621671627209083
v -0.7350179309838806 0.5151374920114594 -0.8381273181215935
v -0.7018942238432787 0.5144732834950051 -0.9147263615632449
v -0.6624338437890497 0.5108078704047085 -0.991402307999342
v -0.6163144221408203 0.5038562330064739 -1.0674878925853524
v -0.5632735140339071 0.4933401566602338 -1.1422056949143258
v -0.5031316493878546 0.4789990295140495 -1.2146672516113013
v -0.4358177163509618 0.46060281971546174 -1.2838775916680136
v -0.36139557837470665 0.4379669980481193 -1.348746660125146
v -0.2800902845211826 0.4109688851344573 -1.4081089487341036
v -0.19231168403111662 0.37956456484342005 -1.460752264904453
v -0.09867279270169547 0.3438051524639261 -1.5054558984752864
v -2.8308399358715675e-16 0.30385089372953045 -1.5410374854434266
v 0.10266771778081224 0.25998137232864027 -1.5664066768981282
v 0.2080928913898333 0.21260009831092044 -1.5806224356031984
v 0.3148682548485173 0.16223200351609948 -1.5829496124166966
v 0.421459872390923 0.10951291119407497 -1.572909657114423
v 0.5262627745498423 0.05517084508839777 -1.550320141252532
v 0.627665424678668 1.5523809714495698e-16 -1.5153183808919075
v 0.7241179083195105 -0.05517084508839672 -1.4683658614599928
v 0.814197950973777 -0.10951291119407397 -1.4102322185050553
v 0.8966689270327023 -0.16223200351609846 -1.3419598834002244
v 0.9705249480921514 -0.21260009831091947 -1.264812737329086
v 1.0350197438787925 -0.2599813723286393 -1.1802138227823114
v 1.0896780560197126 -0.3038508937295296 -1.0896780560197132
v 1.1342902754271451 -0.34380515246392535 -0.9947458737511791
v 1.1688927280273542 -0.3795645648434194 -0.8969229362677406
v 1.193737125828743 -0.41096888513445656 -0.7976296467699482
v 1.2092531736367884 -0.43796699804811884 -0.6981626453176099
v 1.2160082138749069 -0.4606028197154614 -0.5996688886889063
v 1.2146672516113026 -0.478999029514049 -0.5031316493878552
v 1.205955913819965 -0.49334015666023356 -0.40936687094766167
v 1.1906280349204825 -0.5038562330064736 -0.31902782044279776
v 1.1694387579010368 -0.5108078704047084 -0.23261583183962253
v 1.1431233785467196 -0.514473283495005 -0.15049504783621792
v 1.1123816734338818 -0.5151374920114594 -0.0729093468490658
v 1.049660900775386 -0.45539039319555624 0
v 1.0167928473415724 -0.4509454657038823 0.06664412418053255
v 0.9810683822319874 -0.4446533430421648 0.12916010282486706
v 0.9429200646788594 -0.4367032392043083 0.18755846231505213
v 0.9027393425244739 -0.4272722093045251 0.24188827780523545
v 0.8608774703934977 -0.4165242740993746 0.2922285236846025
v 0.817647266337381 -0.40461007953997946 0.3386805869542294
v 0.7733254309003867 -0.39166696504717724 0.3813618990822131
v 0.7281552079619098 -0.3778193328535132 0.4204006053286365
v 0.6823492164459186 -0.3631792293144713 0.45593117003013484
v 0.6360923247894895 -0.3478470663826013 0.4880908076572536
v 0.5895444756658117 -0.33191242682397776 0.517016629046323
v 0.5428433972258407 -0.31545490997667264 0.5428433972258406
v 0.49610715976569864 -0.29854498589497486 0.5657017955449917
v 0.4494365541037183 -0.28124483473144835 0.5857171207902849
v 0.4029172809458274 -0.2636091554025292 0.603008324541035
v 0.35662194996362084 -0.2456859332154111 0.617687336431277
v 0.3106118939479548 -0.22751716045916673 0.6298586127984034
v 0.2649388078674304 -0.2091395072194527 0.63961886315251
v 0.21964622548336535 -0.19058494207586682 0.6470569148810382
v 0.1747708477784111 -0.17188130406665866 0.6522536835909165
v 0.13034373818428574 -0.15305282851021604 0.6552822225251713
v 0.08639139970959356 -0.13412063008236852 0.656207829648227
v 0.042936748773771585 -0.11510314706466808 0.6550881953675053
v 3.9921867743696624e-17 -0.09601655098222783 0.6519735775489193
v -0.04240052447932066 -0.0768751260038678 0.6469069935905628
v -0.08424764841528268 -0.05769162253139068 0.6399244219378071
v -0.12552464551701784 -0.03847758939640682 0.6310550076428018
v -0.16621458293521688 -0.019243689040633383 0.6203212684731001
v -0.20629969357242467 -1.48588129105047e-16 0.6077392997312687
v -0.2457607672634178 0.019243689040633217 0.5933189774265611
v -0.2845765514259417 0.03847758939640659 0.5770641608016807
v -0.3227231522744925 0.05769162253139038 0.5589728965182088
v -0.3601734281281569 0.07687512600386756 0.5390376280955843
v -0.39689636674460804 0.09601655098222765 0.5172454155300618
v -0.4328564389995837 0.1151031470646679 0.4935781714396578
v -0.4680129216354069 0.13412063008236835 0.468012921635407
v -0.5023191822629829 0.15305282851021573 0.4405220997544048
v -0.5357219203695416 0.17188130406665852 0.41107388755146507
v -0.5681603588225447 0.19058494207586674 0.37963261467778797
v -0.599565381348059 0.20913950721945251 0.3461592343180824
v -0.6298586127984033 0.22751716045916662 0.3106118939479548
v -0.6589514408313069 0.24568593321541085 0.27294662373761946
v -0.6867439800511886 0.263609155402529 0.23311816877716132
v -0.7131239828943342 0.28124483473144807 0.19108099531980283
v -0.7379657057912826 0.29854498589497475 0.1467905055839445
v -0.7611287446673138 0.3154549099766726 0.10020450022101116
v -0.7824568609392273 0.33191242682397754 0.05128493216949832
v -0.8017768281608091 0.34784706638260127 9.818934262376522e-17
v -0.8188973407096389 0.363179229314471 -0.053673367400299536
v -0.8336080397430317 0.377819332853513 -0.10974658044110343
v -0.8456787283917482 0.39166696504717724 -0.1682159579070215
v -0.8548588680205271 0.4046100795399793 -0.22905874332868356
v -0.8608774703934975 0.4165242740993745 -0.2922285236846024
v -0.8634435264612781 0.427272209304525 -0.3576500190035136
v -0.8622471404821899 0.4367032392043082 -0.42521323343736306
v -0.8569615668644449 0.4446533430421648 -0.4947669913143509
v -0.8472463740938482 0.45094546570388233 -0.5661119282240918
v -0.832751981803259 0.4553903931955562 -0.6389930699306042
v -0.8131258283830906 0.4577883063141047 -0.7130922129434581
v -0.7880204208152547 0.45793116795457 -0.7880204208152544
v -0.7571034872962389 0.45560610341249885 -0.863311068477891
v -0.7200703870950907 0.45059992375883456 -0.9384139986939103
v -0.6766588209996611 0.44270491422127495 -1.0126914908665285
v -0.626665720922271 0.43172595650548795 -1.085416867999151
v -0.5699659737680611 0.4174889707597013 -1.1557766607610804
v -0.5065323545304599 0.3998505461314578 -1.222877280088211
v -0.4364557195780766 0.37870847928942974 -1.2857570885676877
v -0.3599641703698141 0.3540127647540042 -1.3434045727245263
v -0.27743958387250284 0.3257763943546553 -1.3947829766811919
v -0.18942967752986964 0.294085149586767 -1.4388612521697057
v -0.09665370197628416 0.2591054420896628 -1.474650526914388
v -2.7577414895753317e-16 0.22108921024569958 -1.501244544683076
v 0.09948591686375385 0.18037494791465458 -1.5178617758447972
v 0.20062343201548338 0.13738414695845436 -1.5238862588406465
v 0.3021287597871201 0.09261277987324275 -1.5189038457847923
v 0.4026554264256075 0.046617906081550836 -1.502730509363682
v 0.500840927415673 1.3113530599467913e-16 -1.475429794555185
v 0.59535634475409 -0.04661790608155057 -1.437317361950195
v 0.6849552149116314 -0.0926127798732425 -1.3889517751872082
v 0.7685179066484096 -0.1373841469584541 -1.3311120608415203
v 0.8450882192451968 -0.1803749479146538 -1.264763898883079
v 0.9138997743128154 -0.22108921024569936 -1.191017374118313
v 0.9743908993672649 -0.2591054420896631 -1.1110798755556932
v 1.0262078994347208 -0.2940851495867669 -1.0262078994347215
v 1.0691976986357394 -0.3257763943546547 -0.9376612159895678
v 1.103391664376688 -0.3540127647540041 -0.8466622023872564
v 1.1289829256110393 -0.37870847928942947 -0.7543622734689294
v 1.1462996559611212 -0.3998505461314574 -0.6618164149411295
v 1.1557766607610807 -0.41748897075970115 -0.5699659737680614
v 1.1579272665730318 -0.43172595650548773 -0.4796291780561569
v 1.15331705500249 -0.44270491422127484 -0.3914983861403618
v 1.1425404936933856 -0.4505999237588345 -0.3061428026049988
v 1.1262010603182608 -0.4556061034124988 -0.2240153190533868
v 1.1048950705350347 -0.45793116795457 -0.14546219560793933
v 1.0791991265912528 -0.45778830631410466 -0.07073444782397106
v 1.0238323130701323 -0.4214554282587043 0
v 0.9940007341110444 -0.41636147726076944 0.06515025015452673
v 0.961264494261467 -0.40965847397173943 0.12655287151160705
v 0.9260118828361561 -0.40150486063788304 0.18419521583663429
v 0.8885979172210293 -0.3920491841550723 0.2380990943153524
v 0.8493446812843966 -0.3814294513346443 0.288313669304945
v 0.808542384212637 -0.36977287726389174 0.33490922129435213
v 0.7664509279853892 -0.35719593719184073 0.3779717694134432
v 0.7233018104282465 -0.3438046451262065 0.4175984949560917
v 0.6793002263075002 -0.3296949950292426 0.45389389995241697
v 0.6346272601918791 -0.31495351240071306 0.4869666240523745
v 0.5894420914211106 -0.2996578747153237 0.5169268404735388
v 0.5438841535655532 -0.28387756845491807 0.5438841535655532
v 0.49807520858324505 -0.2676745583169323 0.5679459251204083
v 0.45212130997037775 -0.25110395066416846 0.5892159627556
v 0.4061146400999887 -0.2342146385371833 0.607793510676464
v 0.36013521518727337 -0.21704991973545007 0.6237724902991081
v 0.31425245740436364 -0.19964808274828527 0.6372409451982131
v 0.26852663803177734 -0.18204295783565425 0.6482806513947676
v 0.22301019855420715 -0.16426443246266717 0.6569668599855882
v 0.17774895859885861 -0.14633893170294793 0.6633681444833973
v 0.13278322083170932 -0.1282898652502118 0.6675463299789196
v 0.08814878357662759 -0.11013804340224288 0.6695564853838877
v 0.04387787216648541 -0.09190206487920792 0.6694469636151759
v 4.08578591780318e-17 -0.07359867966729233 0.6672594776955877
v -0.04345722994114618 -0.05524313028557103 0.6630292034409073
v -0.08646737269191852 -0.03684947499546588 0.6567849017411796
v -0.1290044279894663 -0.018430896536414186 0.6485490554905492
v -0.1710421564306083 4.529029433753008e-17 0.6383380180351738
v -0.21255341590571633 0.01843089653641415 0.6261621716499524
v -0.25350950952089135 0.036849474995465856 0.6120260960758872
v -0.2938795366133193 0.05524313028557105 0.5959287486013596
v -0.3336297388477937 0.0735986796672923 0.577863658600315
v -0.37272283376777027 0.0919020648792079 0.5578191408938565
v -0.41111732858199973 0.11013804340224288 0.5357785338227572
v -0.4487668074260391 0.1282898652502118 0.5117204695489593
v -0.4856191858845386 0.146338931702948 0.4856191858845386
v -0.521615927243749 0.16426443246266706 0.4574448909149103
v -0.5566912158257316 0.18204295783565425 0.42716419387390414
v -0.5907710839129727 0.1996480827482854 0.3947406181710779
v -0.6237724902991082 0.21704991973545001 0.36013521518727326
v -0.6556023505135967 0.23421463853718347 0.3233073004511521
v -0.6861565214044456 0.25110395066416846 0.2842153370764664
v -0.7153187461885274 0.2676745583169324 0.2428179948385059
v -0.7429595704863423 0.28387756845491796 0.19907541692078942
v -0.7689352454672806 0.2996578747153237 0.15295073003755552
v -0.7930866412864714 0.3149535124007132 0.10441183712856304
v -0.8152382027550219 0.32969499502924254 0.053433534827835465
v -0.8351969899121835 0.3438046451262065 1.0228213203534597e-16
v -0.8527518590962258 0.3571959371918406 -0.05589230976729857
v -0.8676728554117578 0.36977287726389174 -0.11423129850374547
v -0.8797109052139576 0.38142945133464434 -0.17498537876581033
v -0.8885979172210294 0.3920491841550723 -0.23809909431535203
v -0.8940474226606877 0.40150486063788315 -0.303488205247995
v -0.8957559075422347 0.40965847397173943 -0.3710342454798137
v -0.893405012197809 0.41636147726076944 -0.44057859535879074
v -0.8866647923341173 0.4214554282587044 -0.5119161565350664
v -0.8751982486837347 0.4247731283969393 -0.5847887737148534
v -0.858667334533248 0.42614036609968053 -0.6588786194833189
v -0.8367406363735004 0.42537837801694967 -0.7338018437291407
v -0.8091028861027199 0.4223071373397037 -0.8091028861027197
v -0.7754663964965465 0.41674956230459304 -0.884249953357016
v -0.7355844082186591 0.4085367065816285 -0.9586322646569392
v -0.6892661913263584 0.3975139429045384 -1.0315597539495214
v -0.6363935554472328 0.3835480794571871 -1.1022659716440073
v -0.5769381949094546 0.36653525458264136 -1.1699149266221345
v -0.5109790408349992 0.3464093419834972 -1.2336125304722485
v -0.438718534679281 0.323150472835564 -1.2924231268986877
v -0.36049651111316805 0.29679315555370944 -1.3453912954256624
v -0.2768002260848273 0.2674333660776097 -1.3915687080256125
v -0.18826903648755008 0.2352339132841104 -1.4300453081991094
v -0.09569237534478574 0.20042737838366023 -1.4599835168083104
v -2.7199165653573913e-16 0.16331600336933733 -1.4806536149857539
v 0.09775597727121647 0.12426807221493091 -1.491467998063877
v 0.19642707041813234 0.08371058579049541 -1.4920117279790852
v 0.2948014186365929 0.04211835617086572 -1.4820668142464684
v 0.39164203437155154 1.1846067954113254e-16 -1.4616279706542699
v 0.4857278895122533 -0.04211835617086606 -1.4309082205616108
v 0.5758950310164851 -0.08371058579049573 -1.3903335943832715
v 0.6610748393432897 -0.12426807221493072 -1.3405271638904468
v 0.740326807492877 -0.16331600336933763 -1.2822836447829262
v 0.8128637864012151 -0.20042737838366056 -1.216536626990149
v 0.8780684224437922 -0.2352339132841107 -1.1443210472194008
v 0.9355003815755425 -0.26743336607761 -1.066733739219257
v 0.9848947843124939 -0.2967931555537098 -0.9848947843124942
v 1.0261529595926846 -0.3231504728355638 -0.8999119929931432
v 1.0593270954006389 -0.34640934198349704 -0.8128502693982735
v 1.0846005965161927 -0.36653525458264147 -0.7247069492666487
v 1.1022659716440073 -0.3835480794571869 -0.6363935554472328
v 1.1127019086331322 -0.3975139429045385 -0.5487238567787314
v 1.1163509164735712 -0.40853670658162844 -0.4624076899709882
v 1.1136985758256932 -0.4167495623045929 -0.3780497246541082
v 1.1052550966916221 -0.42230713733970365 -0.29615221058890245
v 1.0915395693427792 -0.42537837801694967 -0.21712071982654513
v 1.0730670348473232 -0.42614036609968053 -0.14127195521635136
v 1.0503383035651916 -0.42477312839693937 -0.06884280954314526
v 0.9965604612776982 -0.41439641995562515 0
v 0.9680198370550329 -0.4077763939646723 0.06344737219442952
v 0.9367080423055572 -0.3997083594171841 0.12331995327972665
v 0.9029804422198229 -0.3903397751570813 0.1796139774594754
v 0.8671616225935046 -0.37980774758434427 0.23235525648119154
v 0.8295459841672496 -0.3682387598160733 0.2815929172485834
v 0.7903989054464069 -0.3557487039767402 0.3273939463207513
v 0.7499582987088399 -0.34244314070132387 0.3698385047224829
v 0.7084364177131054 -0.32841772233580124 0.4090159564703955
v 0.6660218058875181 -0.3137587279846035 0.44502154308247355
v 0.6228812999476356 -0.2985436690566643 0.4779536317572386
v 0.5791620258736209 -0.2828419331066219 0.5079114649503677
v 0.5349933422015941 -0.2667154415205198 0.534993342201594
v 0.4904887000366067 -0.2502193030213678 0.559295170092447
v 0.44574740054808054 -0.23340245019187628 0.5809093222722704
v 0.4008562394450428 -0.2163082503791906 0.5999237579538681
v 0.35589103450849363 -0.1989750856158329 0.6164213537269593
v 0.3109180370977621 -0.18143689871271312 0.6304794096945058
v 0.26599523200903563 -0.16372370459132987 0.6421692966427918
v 0.22117353245428495 -0.14586206734408258 0.6515562161301478
v 0.1764978785016514 -0.12787554454753688 0.6586990499962818
v 0.13200824828040805 -0.10978510109036105 0.6636502798664492
v 0.08774059176971637 -0.09160949528697539 0.6664559607877609
v 0.04372769719010568 -0.07336564038768473 0.6671557362382663
v 4.0767443918416083e-17 -0.055068944812502005 0.665782884449622
v -0.04341365565732863 -0.03673363456550094 0.6623643883404237
v -0.08648529345206056 -0.01837306135763468 0.6569210234287316
v -0.12918710999200356 -1.4186970959064672e-16 0.6494674599364055
v -0.17149079955490334 0.018373061357634394 0.6400123769695093
v -0.21336688971321774 0.03673363456550066 0.6285585882105377
v -0.25478407943111125 0.055068944812501734 0.6151031800393327
v -0.2957085715035081 0.07336564038768444 0.5996376644579019
v -0.33610339150090307 0.09160949528697505 0.582148150675778
v -0.3759276856982822 0.1097851010903607 0.5626155407615503
v -0.4151359908275406 0.1278755445475366 0.5410157564260248
v -0.4536774689352298 0.14586206734408225 0.5173200058152265
v -0.4914951011974779 0.16372370459132954 0.491495101197478
v -0.5285248353006163 0.1814368987127128 0.46350384066576406
v -0.5646946820140328 0.19897508561583252 0.43330546947756493
v -0.5999237579538679 0.2163082503791903 0.4008562394450425
v -0.6341212733765124 0.23340245019187603 0.36611008788279764
v -0.6671854662880828 0.25021930302136747 0.329019461014531
v -0.6990024873760363 0.26671544152051946 0.2895363104036825
v -0.7294452444571979 0.2828419331066216 0.2476132948386323
v -0.758372220517864 0.29854366905666396 0.2032052240499592
v -0.7856262862488926 0.31375872798460325 0.15627078447345635
v -0.8110335365249353 0.328417722335801 0.10677459071064616
v -0.8344021908220548 0.34244314070132365 0.05468960896709871
v -0.8555216103748359 0.3557487039767399 1.0477118017469318e-16
v -0.87416150015144 0.3682387598160731 -0.05729557177968861
v -0.8900713815717086 0.37980774758434405 -0.11718012041497963
v -0.9029804422198224 0.39033977515708107 -0.17961397745947547
v -0.9125978912250089 0.39970835941718397 -0.24452986796808626
v -0.9186139726859649 0.407776393964672 -0.3118274252796555
v -0.9207018130844715 0.4143964199556251 -0.38136717788108637
v -0.9185202998738968 0.41941128837198843 -0.4529640845997139
v -0.911718204167738 0.422655313219814 -0.5263807506013258
v -0.8999397663915832 0.4239560234661022 -0.6013205273169399
v -0.8828319544062002 0.423136624668376 -0.6774207844660879
v -0.8600535723875318 0.4200192763370628 -0.7542467398967027
v -0.8312863384048857 0.4144292746994389 -0.8312863384048855
v -0.7962479520294239 0.4062001990547884 -0.9079467758030354
v -0.7547070347094844 0.3951800299040412 -0.9835533566951478
v -0.7064996426241482 0.3812381760631289 -1.0573514364724088
v -0.6515468274333304 0.3642732555775502 -1.1285122086248385
v -0.5898724660523554 0.344221364175497 -1.1961430339108752
v -0.5216203177965814 0.3210644423012139 -1.2593028456338686
v -0.44706902862016906 0.2948382296761806 -1.3170228887895787
v -0.3666436302172568 0.2656391921927762 -1.3683326562422988
v -0.28092202440822034 0.23362974094356317 -1.4122903875153845
v -0.19063504596317168 0.19904105947372 -1.4480169344043088
v -0.09665899196676439 0.1621729315870389 -1.4747312365725753
v -2.740364906760976e-16 0.1233901280954617 -1.4917851735803471
v 0.0982296769870004 0.08311516280519925 -1.498695259112309
v 0.1968426804615246 0.04181754494393402 -1.4951685996754716
v 0.29461324544463047 1.1761346814510887e-16 -1.4811208037271562
v 0.3903173280852513 -0.04181754494393323 -1.4566840994886914
v 0.48277345777290037 -0.0831151628051985 -1.422204745315062
v 0.5708814705770789 -0.1233901280954615 -1.3782297887746802
v 0.6536564757388729 -0.1621729315870387 -1.3254842106096718
v 0.7302559077253389 -0.19904105947371983 -1.2648403347076163
v 0.7999982415730003 -0.2336297409435625 -1.1972819784604112
v 0.8623727831914041 -0.26563919219277615 -1.123866091902726
v 0.9170407647472588 -0.2948382296761805 -1.0456845804250876
v 0.9638286707085876 -0.3210644423012134 -0.9638286707085879
v 1.0027152199943354 -0.3442213641754965 -0.8793576470196375
v 1.0338137038007786 -0.3642732555775497 -0.7932731554688252
v 1.0573514364724093 -0.38123817606312876 -0.7064996426241484
v 1.0736479568646826 -0.3951800299040409 -0.6198709369107169
v 1.0830933742531363 -0.4062001990547882 -0.5341225434777458
v 1.0861279429675148 -0.41442927469943874 -0.449888924449537
v 1.0832236236659047 -0.4200192763370627 -0.36770487235481036
v 1.0748680842777607 -0.4231366246683759 -0.2880100351522138
v 1.0615513340074056 -0.42395602346610234 -0.21115568894244763
v 1.0437549806195476 -0.42265531321981403 -0.1374129500678475
v 1.0219439558823524 -0.41941128837198843 -0.06698174567163215
v 0.9630378480659335 -0.4314699142154751 0
v 0.9344913919352101 -0.42229301880158415 0.061249801798465654
v 0.9034776957674382 -0.4118010655493682 0.1189450951622886
v 0.8703234106663031 -0.40014230385386795 0.17311809000157266
v 0.8353235390802028 -0.387452176212848 0.22382426771524766
v 0.7987428626801714 -0.3738536208805549 0.2711366664735087
v 0.7608177391268068 -0.3594575904941937 0.31514102604035876
v 0.7217581204953131 -0.3443637162079874 0.35593171582321453
v 0.6817496800629671 -0.3286610615704069 0.3936083613042952
v 0.6409559628208764 -0.3124289231131595 0.428273082203906
v 0.5995204986290249 -0.29573764533520447 0.46002825844465417
v 0.5575688358450915 -0.2786494265652678 0.4889747455344174
v 0.515210468111352 -0.26121909926158077 0.515210468111352
v 0.4725406384054268 -0.2434948738853944 0.5388293282043642
v 0.4296420130531739 -0.22551903979974802 0.5599203726494687
v 0.38658622471432885 -0.20732861991970497 0.5785671716745602
v 0.3434352878623352 -0.18895597827559474 0.5948473676896073
v 0.300242893394408 -0.17042938142122507 0.6088323596766952
v 0.25705559106099285 -0.15177351587208213 0.620587094223281
v 0.21391386966657713 -0.13300996461631137 0.6301699391925246
v 0.1708531456821682 -0.11415764630296779 0.637632620318819
v 0.12790467119288726 -0.09523322105704678 0.6430202047153732
v 0.08509637211279782 -0.07625146706184958 0.6463711184537733
v 0.0424536274327406 -0.05722563213516319 0.6477171880956915
v 3.9622449001085095e-17 -0.038167764544130914 0.6470836983964974
v -0.04224207098441373 -0.019089027283063116 0.6444894604285815
v -0.08425060588547141 -8.262760993366198e-17 0.6399468861541564
v -0.12600343940698297 0.01908902728306308 0.6334620670744121
v -0.16747758492038906 0.03816776454413088 0.625034856051823
v -0.2086485992763548 0.05722563213516308 0.6146589527996825
v -0.24948993920731008 0.07625146706184949 0.602321994909927
v -0.2899723005742814 0.09523322105704667 0.5880056576979678
v -0.3300629318342696 0.1141576463029677 0.5716857676320983
v -0.36972491322650314 0.13300996461631115 0.5533324357357828
v -0.408916393327632 0.15177351587208202 0.5329102191552842
v -0.4475897748484508 0.17042938142122493 0.5103783211250763
v -0.4856908418924222 0.18895597827559454 0.48569084189242223
v -0.5231578214396351 0.2073286199197048 0.4587970958331276
v -0.5599203726494685 0.22551903979974786 0.42964201305317395
v -0.5958984988060122 0.24349487388539431 0.3981666472703561
v -0.6310013785066383 0.26121909926158066 0.3643088157398324
v -0.6651261151951698 0.27864942656526764 0.3280039014424683
v -0.698156407586296 0.29573764533520436 0.2891858526799223
v -0.7299611481817885 0.3124289231131594 0.247788420555108
v -0.7603929632542747 0.3286610615704067 0.2037466804342915
v -0.789286715731346 0.3443637162079872 0.15699888916743748
v -0.8164580027538357 0.3594575904941935 0.10748873523775938
v -0.8417016927357943 0.3738536208805548 0.055168043599351645
v -0.8647905629455849 0.3874521762128479 1.0590629948441483e-16
v -0.8854741183307482 0.40014230385386784 -0.058037039948667074
v -0.903477695767438 0.4118010655493681 -0.11894509516228875
v -0.9185019851292368 0.4222930188015841 -0.182701404304972
v -0.9302231291407328 0.431469914215475 -0.2492525362340109
v -0.9382935969003986 0.4391706956519162 -0.3185077575320759
v -0.9423440593489916 0.44522190738989686 -0.39033168980406896
v -0.9419865257798254 0.4494386296793987 -0.46453634657143983
v -0.9368190242140099 0.45162607919242687 -0.5408727158119213
v -0.9264321188367827 0.45158202125425523 -0.619022151289051
v -0.9104175465980432 0.44910014272817056 -0.6985879538342706
v -0.8883792127341953 0.4439745234786813 -0.7790876597799243
v -0.85994670056223 0.4360053151817636 -0.8599467005622297
v -0.8247913139401697 0.4250056834208652 -0.9404942421436246
v -0.7826444732992075 0.4108099877587449 -1.0199621355174682
v -0.7333180257556433 0.39328306215388265 -1.0974879832123754
v -0.6767257135269883 0.37233031590801086 -1.1721233186170434
v -0.612904693019707 0.34790821031789304 -1.2428477699817508
v -0.542035646036963 0.3200344928794232 -1.308589807952096
v -0.4644597276730821 0.288797411966741 -1.3682542361621048
v -0.3806904184977106 0.2543630201965088 -1.4207559837881154
v -0.2914183609926249 0.21697963751957314 -1.4650590349488066
v -0.19750752012875103 0.17697861602845116 -1.5002185583121055
v -0.09998154446987552 0.13477074705107747 -1.5254235918495185
v -2.8290023005890447e-16 0.09083797731325681 -1.5400371233886683
v 0.10117486951415702 0.045720529309009175 -1.5436302137310316
v 0.20221916123221312 1.2860721788322882e-16 -1.536007025601417
v 0.30179347847411386 -0.045720529309008925 -1.5172182727989443
v 0.3985909376978874 -0.09083797731325656 -1.4875616309250397
v 0.49138343337507184 -0.13477074705107783 -1.447568915530516
v 0.5790627492860884 -0.17697861602845144 -1.3979811427915247
v 0.660673701581877 -0.21697963751957292 -1.3397137369777388
v 0.7354374140954649 -0.25436302019650914 -1.2738149670004166
v 0.8027639010915716 -0.28879741196674086 -1.201421080433476
v 0.8622541938014342 -0.32003449287942304 -1.1237115432007674
v 0.9136931450759822 -0.34790821031789326 -1.041867351784934
v 0.9570346820764759 -0.3723303159080107 -0.9570346820764765
v 0.9923816117872061 -0.39328306215388237 -0.8702953158441963
v 1.0199621355174686 -0.4108099877587447 -0.7826444732992078
v 1.0401050531097364 -0.42500568342086514 -0.6949759776798438
v 1.0532153111837093 -0.4360053151817634 -0.6080741434265508
v 1.059751149273707 -0.44397452347868116 -0.5226114319957467
v 1.060203688097291 -0.44910014272817045 -0.4391507464878735
v 1.0550794319820918 -0.4515820212542551 -0.35815120662547284
v 1.0448858498756848 -0.45162607919242687 -0.27997631965689695
v 1.0301199669020806 -0.4494386296793988 -0.20490360130154833
v 1.011259739403612 -0.445221907389897 -0.13313487040206468
v 0.9887578915499566 -0.4391706956519162 -0.06480661609807767
v 0.919475709426043 -0.46411637370267833 0
v 0.890420628993729 -0.4513812887116924 0.05836125138637151
v 0.8593282877979296 -0.4374991079765112 0.11313271533609791
v 0.8264908565398035 -0.42262011568666996 0.1643992528919736
v 0.7921673760015407 -0.40687836571428704 0.21226060866989435
v 0.7565862742911404 -0.3903927875369707 0.25682643300570185
v 0.7199479909036528 -0.3732683764463879 0.29821222203555464
v 0.6824276003484097 -0.3555974097379521 0.33653604970933704
v 0.6441773605079933 -0.33746064716316515 0.37191597249515246
v 0.6053291362593597 -0.3189284870675689 0.4044679977586446
v 0.5659966682685686 -0.3000620598127081 0.4343045186686475
v 0.5262776713298323 -0.28091424778506535 0.46153313075490093
v 0.4862557571332573 -0.26153062699518503 0.4862557571332572
v 0.44600218376650225 -0.24195032938112349 0.508568020451178
v 0.40557743930198076 -0.22220682780658138 0.5285588095503054
v 0.36503267008162843 -0.20232864767969047 0.5463099976053353
v 0.32441096625700305 -0.18234001035171613 0.5618962760896417
v 0.2837485181440564 -0.16226141417519382 0.5753850754078462
v 0.24307565729568498 -0.14211015945618785 0.5868365485259971
v 0.20241779609921656 -0.12190082363937016 0.5963035985378106
v 0.16179627933394491 -0.10164569300401388 0.6038319349498888
v 0.12122916059674259 -0.08135515698869454 0.6094601466652706
v 0.0807319159098519 -0.06103807105056263 0.613219782300438
v 0.0403181062273668 -0.04070209373662614 0.6151354306839161
v 3.767165387375546e-17 -0.02035400342485526 0.61522479624303
v -0.04021083352822848 1.190689370659359e-16 0.6134987655684222
v -0.08030295001295966 0.02035400342485536 0.6099614628249016
v -0.12026446470625926 0.04070209373662631 0.6046102929171526
v -0.1600824863553704 0.06103807105056279 0.5974359724801936
v -0.19974254057639262 0.08135515698869464 0.5884225499046855
v -0.23922797294491618 0.10164569300401405 0.5775474167826407
v -0.27851932191743456 0.12190082363937024 0.5647813144266184
v -0.317593651485524 0.14211015945618785 0.5500883405342506
v -0.35642383318959137 0.16226141417519385 0.5334259627028658
v -0.394977766809426 0.18234001035171624 0.514745047414201
v -0.4332175287451619 0.20232864767969055 0.49398991538127507
v -0.47109843686006214 0.22220682780658146 0.4710984368600622
v -0.508568020451178 0.2419503293811235 0.44600218376650225
v -0.5455648841468818 0.26153062699518503 0.41862665929951737
v -0.5820174550365741 0.2809142477850655 0.38889163035159474
v -0.6178426033953505 0.3000620598127082 0.3567115933871247
v -0.6529441292064936 0.31892848706756904 0.32199641077217517
v -0.6872111096046042 0.3374606471631652 0.2846521618116907
v -0.720516106738429 0.3555974097379523 0.24458226101201855
v -0.7527132418536068 0.3732683764463879 0.20168890528688652
v -0.7836361501935999 0.3903927875369707 0.15587492179929047
v -0.8130958432926946 0.4068783657142871 0.10704609854741305
v -0.840878521172638 0.4226201156866701 0.05511409008461136
v -0.8667433977187482 0.4374991079765113 1.0614545276983664e-16
v -0.8904206289937292 0.45138128871169253 -0.05836125138637135
v -0.9116094672684893 0.46411637370267844 -0.12001566319021217
v -0.9299768036970236 0.47553690552586003 -0.18498388763154253
v -0.9451563099444662 0.4854575767508034 -0.2532538699707992
v -0.9567484429641564 0.49367495064641465 -0.3247723336250865
v -0.9643216354613292 0.4999677418211537 -0.3994350998978861
v -0.9674150533986909 0.5040978514855564 -0.47707630865739403
v -0.9655433545817982 0.5058123822363423 -0.5574567156820557
v -0.958203918964497 0.5048468806012099 -0.6402513894226314
v -0.9448870280351548 0.5009300651713423 -0.7250373172026062
v -0.9250894297819573 0.49379028497343486 -0.8112816560821671
v -0.8983316165507619 0.48316390598895026 -0.8983316165507618
v -0.8641789441096018 0.46880573185940905 -0.9854072265069886
v -0.8222664133871859 0.4505014175470913 -1.0715984531613156
v -0.7723265134852679 0.4280816262437574 -1.1558683107413976
v -0.7142189956190547 0.4014374130355384 -1.2370635881430145
v -0.6479608494585678 0.3705360100239501 -1.3139346230445137
v -0.5737541563479225 0.33543587027338734 -1.3851650657230852
v -0.4920090027950451 0.2962995538658237 -1.4494117836155045
v -0.40335838203489316 0.25340287452650173 -1.5053539754129994
v -0.30866212333572934 0.20713873936628377 -1.551749282369128
v -0.20899746777657927 0.15801436326346074 -1.5874933754130935
v -0.10563498296299358 0.10664104494839219 -1.6116783951554507
v -2.982587452741256e-16 0.05371642334531593 -1.6236449860851578
v 0.10637852881343156 1.511384789768734e-16 -1.6230227126281878
v 0.21192819755087378 -0.053716423345316365 -1.609754478149482
v 0.3150975050429351 -0.10664104494839328 -1.5841021309726713
v 0.4144189309344552 -0.15801436326346116 -1.5466325058657673
v 0.5085654011897773 -0.20713873936628416 -1.4981853605038014
v 0.5963957175145255 -0.25340287452650273 -1.4398266297647995
v 0.6769859986450046 -0.2962995538658241 -1.3727918032074196
v 0.7496459316280845 -0.33543587027338756 -1.2984248412671466
v 0.8139203377391947 -0.3705360100239504 -1.218117867811121
v 0.8695779527964566 -0.40143741303553865 -1.1332560517476546
v 0.9165902424066176 -0.4280816262437579 -1.0451708581535641
v 0.955103475913042 -0.4505014175470912 -0.9551034759130423
v 0.9854072265069883 -0.4688057318594088 -0.8641789441096022
v 1.007902070298135 -0.48316390598895015 -0.7733904597796267
v 1.0230686668549325 -0.493790284973435 -0.6835926283170417
v 1.0314397487561235 -0.5009300651713424 -0.5955020165972286
v 1.033575927530531 -0.5048468806012099 -0.5097032411177441
v 1.030045699759229 -0.5058123822363423 -0.42665889870435864
v 1.0214096374752502 -0.5040978514855564 -0.3467218514850708
v 1.0082084728184304 -0.49996774182115367 -0.27014864609391387
v 0.9909546234507097 -0.49367495064641465 -0.19711313011639872
v 0.9701266300017539 -0.4854575767508034 -0.12771959381577447
v 0.9461659656968615 -0.4755369055258599 -0.06201499378969596
f 1 2 98 97
f 2 3 99 98
f 3 4 100 99
f 4 5 101 100
f 5 6 102 101
f 6 7 103 102
f 7 8 104 103
f 8 9 105 104
f 9 10 106 105
f 10 11 107 106
f 11 12 108 107
f 12 13 109 108
f 13 14 110 109
f 14 15 111 110
f 15 16 112 111
f 16 17 113 112
f 17 18 114 113
f 18 19 115 114
f 19 20 116 115
f 20 21 117 116
f 21 22 118 117
f 22 23 119 118
f 23 24 120 119
f 24 25 121 120
f 25 26 122 121
f 26 27 123 122
f 27 28 124 123
f 28 29 125 124
f 29 30 126 125
f 30 31 127 126
f 31 32 128 127
f 32 33 129 128
f 33 34 130 129
f 34 35 131 130
f 35 36 132 131
f 36 37 133 132
f 37 38 134 133
f 38 39 135 134
f 39 40 136 135
f 40 41 137 136
f 41 42 138 137
f 42 43 139 138
f 43 44 140 139
f 44 45 141 140
f 45 46 142 141
f 46 47 143 142
f 47 48 144 143
f 48 49 145 144
f 49 50 146 145
f 50 51 147 146
f 51 52 148 147
f 52 53 149 148
f 53 54 150 149
f 54 55 151 150
f 55 56 152 151
f 56 57 153 152
f 57 58 154 153
f 58 59 155 154
f 59 60 156 155
f 60 61 157 156
f 61 62 158 157
f 62 63 159 158
f 63 64 160 159
f 64 65 161 160
f 65 66 162 161
f 66 67 163 162
f 67 68 164 163
f 68 69 165 164
f 69 70 166 165
f 70 71 167 166
f 71 72 168 167
f 72 73 169 168
f 73 74 170 169
f 74 75 171 170
f 75 76 172 171
f 76 77 173 172
f 77 78 174 173
f 78 79 175 174
f 79 80 176 175
f 80 81 177 176
f 81 82 178 177
f 82 83 179 178
f 83 84 180 179
f 84 85 181 180
f 85 86 182 181
f 86 87 183 182
f 87 88 184 183
f 88 89 185 184
f 89 90 186 185
f 90 91 187 186
f 91 92 188 187
f 92 93 189 188
f 93 94 190 189
f 94 95 191 190
f 95 96 192 191
f 96 1 97 192
f 97 98 194 193
f 98 99 195 194
f 99 100 196 195
f 100 101 197 196
f 101 102 198 197
f 102 103 199 198
f 103 104 200 199
f 104 105 201 200
f 105 106 202 201
f 106 107 203 202
f 107 108 204 203
f 108 109 205 204
f 109 110 206 205
f 110 111 207 206
f 111 112 208 207
f 112 113 209 208
f 113 114 210 209
f 114 115 211 210
f 115 116 212 211
f 116 117 213 212
f 117 118 214 213
f 118 119 215 214
f 119 120 216 215
f 120 121 217 216
f 121 122 218 217
f 122 123 219 218
f 123 124 220 219
f 124 125 221 220
f 125 126 222 221
f 126 127 223 222
f 127 128 224 223
f 128 129 225 224
f 129 130 226 225
f 130 131 227 226
f 131 132 228 227
f 132 133 229 228
f 133 134 230 229
f 134 135 231 230
f 135 136 232 231
f 136 137 233 232
f 137 138 234 233
f 138 139 235 234
f 139 140 236 235
f 140 141 237 236
f 141 142 238 237
f 142 143 239 238
f 143 144 240 239
f 144 145 241 240
f 145 146 242 241
f 146 147 243 242
f 147 148 244 243
f 148 149 245 244
f 149 150 246 245
f 150 151 247 246
f 151 152 248 247
f 152 153 249 248
f 153 154 250 249
f 154 155 251 250
f 155 156 252 251
f 156 157 253 252
f 157 158 254 253
f 158 159 255 254
f 159 160 256 255
f 160 161 257 256
f 161 162 258 257
f 162 163 259 258
f 163 164 260 259
f 164 165 261 260
f 165 166 262 261
f 166 167 263 262
f 167 168 264 263
f 168 169 265 264
f 169 170 266 265
f 170 171 267 266
f 171 172 268 267
f 172 173 269 268
f 173 174 270 269
f 174 175 271 270
f 175 176 272 271
f 176 177 273 272
f 177 178 274 273
f 178 179 275 274
f 179 180 276 275
f 180 181 277 276
f 181 182 278 277
f 182 183 279 278
f 183 184 280 279
f 184 185 281 280
f 185 186 282 281
f 186 187 283 282
f 187 188 284 283
f 188 189 285 284
f 189 190 286 285
f 190 191 287 286
f 191 192 288 287
f 192 97 193 288
f 193 194 290 289
f 194 195 291 290
f 195 196 292 291
f 196 197 293 292
f 197 198 294 293
f 198 199 295 294
f 199 200 296 295
f 200 201 297 296
f 201 202 298 297
f 202 203 299 298
f 203 204 300 299
f 204 205 301 300
f 205 206 302 301
f 206 207 303 302
f 207 208 304 303
f 208 209 305 304
f 209 210 306 305
f 210 211 307 306
f 211 212 308 307
f 212 213 309 308
f 213 214 310 309
f 214 215 311 310
f 215 216 312 311
f 216 217 313 312
f 217 218 314 313
f 218 219 315 314
f 219 220 316 315
f 220 221 317 316
f 221 222 318 317
f 222 223 319 318
f 223 224 320 319
f 224 225 321 320
f 225 226 322 321
f 226 227 323 322
f 227 228 324 323
f 228 229 325 324
f 229 230 326 325
f 230 231 327 326
f 231 232 328 327
f 232 233 329 328
f 233 234 330 329
f 234 235 331 330
f 235 236 332 331
f 236 237 333 332
f 237 238 334 333
f 238 239 335 334
f 239 240 336 335
f 240 241 337 336
f 241 242 338 337
f 242 243 339 338
f 243 244 340 339
f 244 245 341 340
f 245 246 342 341
f 246 247 343 342
f 247 248 344 343
f 248 249 345 344
f 249 250 346 345
f 250 251 347 346
f 251 252 348 347
f 252 253 349 348
f 253 254 350 349
f 254 255 351 350
f 255 256 352 351
f 256 257 353 352
f 257 258 354 353
f 258 259 355 354
f 259 260 356 355
f 260 261 357 356
f 261 262 358 357
f 262 263 359 358
f 263 264 360 359
f 264 265 361 360
f 265 266 362 361
f 266 267 363 362
f 267 268 364 363
f 268 269 365 364
f 269 270 366 365
f 270 271 367 366
f 271 272 368 367
f 272 273 369 368
f 273 274 370 369
f 274 275 371 370
f 275 276 372 371
f 276 277 373 372
f 277 278 374 373
f 278 279 375 374
f 279 280 376 375
f 280 281 377 376
f 281 282 378 377
f 282 283 379 378
f 283 284 380 379
f 284 285 381 380
f 285 286 382 381
f 286 287 383 382
f 287 288 384 383
f 288 193 289 384
f 289 290 386 385
f 290 291 387 386
f 291 292 388 387
f 292 293 389 388
f 293 294 390 389
f 294 295 391 390
f 295 296 392 391
f 296 297 393 392
f 297 298 394 393
f 298 299 395 394
f 299 300 396 395
f 300 301 397 396
f 301 302 398 397
f 302 303 399 398
f 303 304 400 399
f 304 305 401 400
f 305 306 402 401
f 306 307 403 402
f 307 308 404 403
f 308 309 405 404
f 309 310 406 405
f 310 311 407 406
f 311 312 408 407
f 312 313 409 408
f 313 314 410 409
f 314 315 411 410
f 315 316 412 411
f 316 317 413 412
f 317 318 414 413
f 318 319 415 414
f 319 320 416 415
f 320 321 417 416
f 321 322 418 417
f 322 323 419 418
f 323 324 420 419
f 324 325 421 420
f 325 326 422 421
f 326 327 423 422
f 327 328 424 423
f 328 329 425 424
f 329 330 426 425
f 330 331 427 426
f 331 332 428 427
f 332 333 429 428
f 333 334 430 429
f 334 335 431 430
f 335 336 432 431
f 336 337 433 432
f 337 338 434 433
f 338 339 435 434
f 339 340 436 435
f 340 341 437 436
f 341 342 438 437
f 342 343 439 438
f 343 344 440 439
f 344 345 441 440
f 345 346 442 441
f 346 347 443 442
f 347 348 444 443
f 348 349 445 444
f 349 350 446 445
f 350 351 447 446
f 351 352 448 447
f 352 353 449 448
f 353 354 450 449
f 354 355 451 450
f 355 356 452 451
f 356 357 453 452
f 357 358 454 453
f 358 359 455 454
f 359 360 456 455
f 360 361 457 456
f 361 362 458 457
f 362 363 459 458
f 363 364 460 459
f 364 365 461 460
f 365 366 462 461
f 366 367 463 462
f 367 368 464 463
f 368 369 465 464
f 369 370 466 465
f 370 371 467 466
f 371 372 468 467
f 372 373 469 468
f 373 374 470 469
f 374 375 471 470
f 375 376 472 471
f 376 377 473 472
f 377 378 474 473
f 378 379 475 474
f 379 380 476 475
f 380 381 477 476
f 381 382 478 477
f 382 383 479 478
f 383 384 480 479
f 384 289 385 480
f 385 386 482 481
f 386 387 483 482
f 387 388 484 483
f 388 389 485 484
f 389 390 486 485
f 390 391 487 486
f 391 392 488 487
f 392 393 489 488
f 393 394 490 489
f 394 395 491 490
f 395 396 492 491
f 396 397 493 492
f 397 398 494 493
f 398 399 495 494
f 399 400 496 495
f 400 401 497 496
f 401 402 498 497
f 402 403 499 498
f 403 404 500 499
f 404 405 501 500
f 405 406 502 501
f 406 407 503 502
f 407 408 504 503
f 408 409 505 504
f 409 410 506 505
f 410 411 507 506
f 411 412 508 507
f 412 413 509 508
f 413 414 510 509
f 414 415 511 510
f 415 416 512 511
f 416 417 513 512
f 417 418 514 513
f 418 419 515 514
f 419 420 516 515
f 420 421 517 516
f 421 422 518 517
f 422 423 519 518
f 423 424 520 519
f 424 425 521 520
f 425 426 522 521
f 426 427 523 522
f 427 428 524 523
f 428 429 525 524
f 429 430 526 525
f 430 431 527 526
f 431 432 528 527
f 432 433 529 528
f 433 434 530 529
f 434 435 531 530
f 435 436 532 531
f 436 437 533 532
f 437 438 534 533
f 438 439 535 534
f 439 440 536 535
f 440 441 537 536
f 441 442 538 537
f 442 443 539 538
f 443 444 540 539
f 444 445 541 540
f 445 446 542 541
f 446 447 543 542
f 447 448 544 543
f 448 449 545 544
f 449 450 546 545
f 450 451 547 546
f 451 452 548 547
f 452 453 549 548
f 453 454 550 549
f 454 455 551 550
f 455 456 552 551
f 456 457 553 552
f 457 458 554 553
f 458 459 555 554
f 459 460 556 555
f 460 461 557 556
f 461 462 558 557
f 462 463 559 558
f 463 464 560 559
f 464 465 561 560
f 465 466 562 561
f 466 467 563 562
f 467 468 564 563
f 468 469 565 564
f 469 470 566 565
f 470 471 567 566
f 471 472 568 567
f 472 473 569 568
f 473 474 570 569
f 474 475 571 570
f 475 476 572 571
f 476 477 573 572
f 477 478 574 573
f 478 479 575 574
f 479 480 576 575
f 480 385 481 576
f 481 482 578 577
f 482 483 579 578
f 483 484 580 579
f 484 485 581 580
f 485 486 582 581
f 486 487 583 582
f 487 488 584 583
f 488 489 585 584
f 489 490 586 585
f 490 491 587 586
f 491 492 588 587
f 492 493 589 588
f 493 494 590 589
f 494 495 591 590
f 495 496 592 591
f 496 497 593 592
f 497 498 594 593
f 498 499 595 594
f 499 500 596 595
f 500 501 597 596
f 501 502 598 597
f 502 503 599 598
f 503 504 600 599
f 504 505 601 600
f 505 506 602 601
f 506 507 603 602
f 507 508 604 603
f 508 509 605 604
f 509 510 606 605
f 510 511 607 606
f 511 512 608 607
f 512 513 609 608
f 513 514 610 609
f 514 515 611 610
f 515 516 612 611
f 516 517 613 612
f 517 518 614 613
f 518 519 615 614
f 519 520 616 615
f 520 521 617 616
f 521 522 618 617
f 522 523 619 618
f 523 524 620 619
f 524 525 621 620
f 525 526 622 621
f 526 527 623 622
f 527 528 624 623
f 528 529 625 624
f 529 530 626 625
f 530 531 627 626
f 531 532 628 627
f 532 533 629 628
f 533 534 630 629
f 534 535 631 630
f 535 536 632 631
f 536 537 633 632
f 537 538 634 633
f 538 539 635 634
f 539 540 636 635
f 540 541 637 636
f 541 542 638 637
f 542 543 639 638
f 543 544 640 639
f 544 545 641 640
f 545 546 642 641
f 546 547 643 642
f 547 548 644 643
f 548 549 645 644
f 549 550 646 645
f 550 551 647 646
f 551 552 648 647
f 552 553 649 648
f 553 554 650 649
f 554 555 651 650
f 555 556 652 651
f 556 557 653 652
f 557 558 654 653
f 558 559 655 654
f 559 560 656 655
f 560 561 657 656
f 561 562 658 657
f 562 563 659 658
f 563 564 660 659
f 564 565 661 660
f 565 566 662 661
f 566 567 663 662
f 567 568 664 663
f 568 569 665 664
f 569 570 666 665
f 570 571 667 666
f 571 572 668 667
f 572 573 669 668
f 573 574 670 669
f 574 575 671 670
f 575 576 672 671
f 576 481 577 672
f 577 578 674 673
f 578 579 675 674
f 579 580 676 675
f 580 581 677 676
f 581 582 678 677
f 582 583 679 678
f 583 584 680 679
f 584 585 681 680
f 585 586 682 681
f 586 587 683 682
f 587 588 684 683
f 588 589 685 684
f 589 590 686 685
f 590 591 687 686
f 591 592 688 687
f 592 593 689 688
f 593 594 690 689
f 594 595 691 690
f 595 596 692 691
f 596 597 693 692
f 597 598 694 693
f 598 599 695 694
f 599 600 696 695
f 600 601 697 696
f 601 602 698 697
f 602 603 699 698
f 603 604 700 699
f 604 605 701 700
f 605 606 702 701
f 606 607 703 702
f 607 608 704 703
f 608 609 705 704
f 609 610 706 705
f 610 611 707 706
f 611 612 708 707
f 612 613 709 708
f 613 614 710 709
f 614 615 711 710
f 615 616 712 711
f 616 617 713 712
f 617 618 714 713
f 618 619 715 714
f 619 620 716 715
f 620 621 717 716
f 621 622 718 717
f 622 623 719 718
f 623 624 720 719
f 624 625 721 720
f 625 626 722 721
f 626 627 723 722
f 627 628 724 723
f 628 629 725 724
f 629 630 726 725
f 630 631 727 726
f 631 632 728 727
f 632 633 729 728
f 633 634 730 729
f 634 635 731 730
f 635 636 732 731
f 636 637 733 732
f 637 638 734 733
f 638 639 735 734
f 639 640 736 735
f 640 641 737 736
f 641 642 738 737
f 642 643 739 738
f 643 644 740 739
f 644 645 741 740
f 645 646 742 741
f 646 647 743 742
f 647 648 744 743
f 648 649 745 744
f 649 650 746 745
f 650 651 747 746
f 651 652 748 747
f 652 653 749 748
f 653 654 750 749
f 654 655 751 750
f 655 656 752 751
f 656 657 753 752
f 657 658 754 753
f 658 659 755 754
f 659 660 756 755
f 660 661 757 756
f 661 662 758 757
f 662 663 759 758
f 663 664 760 759
f 664 665 761 760
f 665 666 762 761
f 666 667 763 762
f 667 668 764 763
f 668 669 765 764
f 669 670 766 765
f 670 671 767 766
f 671 672 768 767
f 672 577 673 768
f 673 674 770 769
f 674 675 771 770
f 675 676 772 771
f 676 677 773 772
f 677 678 774 773
f 678 679 775 774
f 679 680 776 775
f 680 681 777 776
f 681 682 778 777
f 682 683 779 778
f 683 684 780 779
f 684 685 781 780
f 685 686 782 781
f 686 687 783 782
f 687 688 784 783
f 688 689 785 784
f 689 690 786 785
f 690 691 787 786
f 691 692 788 787
f 692 693 789 788
f 693 694 790 789
f 694 695 791 790
f 695 696 792 791
f 696 697 793 792
f 697 698 794 793
f 698 699 795 794
f 699 700 796 795
f 700 701 797 796
f 701 702 798 797
f 702 703 799 798
f 703 704 800 799
f 704 705 801 800
f 705 706 802 801
f 706 707 803 802
f 707 708 804 803
f 708 709 805 804
f 709 710 806 805
f 710 711 807 806
f 711 712 808 807
f 712 713 809 808
f 713 714 810 809
f 714 715 811 810
f 715 716 812 811
f 716 717 813 812
f 717 718 814 813
f 718 719 815 814
f 719 720 816 815
f 720 721 817 816
f 721 722 818 817
f 722 723 819 818
f 723 724 820 819
f 724 725 821 820
f 725 726 822 821
f 726 727 823 822
f 727 728 824 823
f 728 729 825 824
f 729 730 826 825
f 730 731 827 826
f 731 732 828 827
f 732 733 829 828
f 733 734 830 829
f 734 735 831 830
f 735 736 832 831
f 736 737 833 832
f 737 738 834 833
f 738 739 835 834
f 739 740 836 835
f 740 741 837 836
f 741 742 838 837
f 742 743 839 838
f 743 744 840 839
f 744 745 841 840
f 745 746 842 841
f 746 747 843 842
f 747 748 844 843
f 748 749 845 844
f 749 750 846 845
f 750 751 847 846
f 751 752 848 847
f 752 753 849 848
f 753 754 850 849
f 754 755 851 850
f 755 756 852 851
f 756 757 853 852
f 757 758 854 853
f 758 759 855 854
f 759 760 856 855
f 760 761 857 856
f 761 762 858 857
f 762 763 859 858
f 763 764 860 859
f 764 765 861 860
f 765 766 862 861
f 766 767 863 862
f 767 768 864 863
f 768 673 769 864
f 769 770 866 865
f 770 771 867 866
f 771 772 868 867
f 772 773 869 868
f 773 774 870 869
f 774 775 871 870
f 775 776 872 871
f 776 777 873 872
f 777 778 874 873
f 778 779 875 874
f 779 780 876 875
f 780 781 877 876
f 781 782 878 877
f 782 783 879 878
f 783 784 880 879
f 784 785 881 880
f 785 786 882 881
f 786 787 883 882
f 787 788 884 883
f 788 789 885 884
f 789 790 886 885
f 790 791 887 886
f 791 792 888 887
f 792 793 889 888
f 793 794 890 889
f 794 795 891 890
f 795 796 892 891
f 796 797 893 892
f 797 798 894 893
f 798 799 895 894
f 799 800 896 895
f 800 801 897 896
f 801 802 898 897
f 802 803 899 898
f 803 804 900 899
f 804 805 901 900
f 805 806 902 901
f 806 807 903 902
f 807 808 904 903
f 808 809 905 904
f 809 810 906 905
f 810 811 907 906
f 811 812 908 907
f 812 813 909 908
f 813 814 910 909
f 814 815 911 910
f 815 816 912 911
f 816 817 913 912
f 817 818 914 913
f 818 819 915 914
f 819 820 916 915
f 820 821 917 916
f 821 822 918 917
f 822 823 919 918
f 823 824 920 919
f 824 825 921 920
f 825 826 922 921
f 826 827 923 922
f 827 828 924 923
f 828 829 925 924
f 829 830 926 925
f 830 831 927 926
f 831 832 928 927
f 832 833 929 928
f 833 834 930 929
f 834 835 931 930
f 835 836 932 931
f 836 837 933 932
f 837 838 934 933
f 838 839 935 934
f 839 840 936 935
f 840 841 937 936
f 841 842 938 937
f 842 843 939 938
f 843 844 940 939
f 844 845 941 940
f 845 846 942 941
f 846 847 943 942
f 847 848 944 943
f 848 849 945 944
f 849 850 946 945
f 850 851 947 946
f 851 852 948 947
f 852 853 949 948
f 853 854 950 949
f 854 855 951 950
f 855 856 952 951
f 856 857 953 952
f 857 858 954 953
f 858 859 955 954
f 859 860 956 955
f 860 861 957 956
f 861 862 958 957
f 862 863 959 958
f 863 864 960 959
f 864 769 865 960
f 865 866 962 961
f 866 867 963 962
f 867 868 964 963
f 868 869 965 964
f 869 870 966 965
f 870 871 967 966
f 871 872 968 967
f 872 873 969 968
f 873 874 970 969
f 874 875 971 970
f 875 876 972 971
f 876 877 973 972
f 877 878 974 973
f 878 879 975 974
f 879 880 976 975
f 880 881 977 976
f 881 882 978 977
f 882 883 979 978
f 883 884 980 979
f 884 885 981 980
f 885 886 982 981
f 886 887 983 982
f 887 888 984 983
f 888 889 985 984
f 889 890 986 985
f 890 891 987 986
f 891 892 988 987
f 892 893 989 988
f 893 894 990 989
f 894 895 991 990
f 895 896 992 991
f 896 897 993 992
f 897 898 994 993
f 898 899 995 994
f 899 900 996 995
f 900 901 997 996
f 901 902 998 997
f 902 903 999 998
f 903 904 1000 999
f 904 905 1001 1000
f 905 906 1002 1001
f 906 907 1003 1002
f 907 908 1004 1003
f 908 909 1005 1004
f 909 910 1006 1005
f 910 911 1007 1006
f 911 912 1008 1007
f 912 913 1009 1008
f 913 914 1010 1009
f 914 915 1011 1010
f 915 916 1012 1011
f 916 917 1013 1012
f 917 918 1014 1013
f 918 919 1015 1014
f 919 920 1016 1015
f 920 921 1017 1016
f 921 922 1018 1017
f 922 923 1019 1018
f 923 924 1020 1019
f 924 925 1021 1020
f 925 926 1022 1021
f 926 927 1023 1022
f 927 928 1024 1023
f 928 929 1025 1024
f 929 930 1026 1025
f 930 931 1027 1026
f 931 932 1028 1027
f 932 933 1029 1028
f 933 934 1030 1029
f 934 935 1031 1030
f 935 936 1032 1031
f 936 937 1033 1032
f 937 938 1034 1033
f 938 939 1035 1034
f 939 940 1036 1035
f 940 941 1037 1036
f 941 942 1038 1037
f 942 943 1039 1038
f 943 944 1040 1039
f 944 945 1041 1040
f 945 946 1042 1041
f 946 947 1043 1042
f 947 948 1044 1043
f 948 949 1045 1044
f 949 950 1046 1045
f 950 951 1047 1046
f 951 952 1048 1047
f 952 953 1049 1048
f 953 954 1050 1049
f 954 955 1051 1050
f 955 956 1052 1051
f 956 957 1053 1052
f 957 958 1054 1053
f 958 959 1055 1054
f 959 960 1056 1055
f 960 865 961 1056
f 961 962 1058 1057
f 962 963 1059 1058
f 963 964 1060 1059
f 964 965 1061 1060
f 965 966 1062 1061
f 966 967 1063 1062
f 967 968 1064 1063
f 968 969 1065 1064
f 969 970 1066 1065
f 970 971 1067 1066
f 971 972 1068 1067
f 972 973 1069 1068
f 973 974 1070 1069
f 974 975 1071 1070
f 975 976 1072 1071
f 976 977 1073 1072
f 977 978 1074 1073
f 978 979 1075 1074
f 979 980 1076 1075
f 980 981 1077 1076
f 981 982 1078 1077
f 982 983 1079 1078
f 983 984 1080 1079
f 984 985 1081 1080
f 985 986 1082 1081
f 986 987 1083 1082
f 987 988 1084 1083
f 988 989 1085 1084
f 989 990 1086 1085
f 990 991 1087 1086
f 991 992 1088 1087
f 992 993 1089 1088
f 993 994 1090 1089
f 994 995 1091 1090
f 995 996 1092 1091
f 996 997 1093 1092
f 997 998 1094 1093
f 998 999 1095 1094
f 999 1000 1096 1095
f 1000 1001 1097 1096
f 1001 1002 1098 1097
f 1002 1003 1099 1098
f 1003 1004 1100 1099
f 1004 1005 1101 1100
f 1005 1006 1102 1101
f 1006 1007 1103 1102
f 1007 1008 1104 1103
f 1008 1009 1105 1104
f 1009 1010 1106 1105
f 1010 1011 1107 1106
f 1011 1012 1108 1107
f 1012 1013 1109 1108
f 1013 1014 1110 1109
f 1014 1015 1111 1110
f 1015 1016 1112 1111
f 1016 1017 1113 1112
f 1017 1018 1114 1113
f 1018 1019 1115 1114
f 1019 1020 1116 1115
f 1020 1021 1117 1116
f 1021 1022 1118 1117
f 1022 1023 1119 1118
f 1023 1024 1120 1119
f 1024 1025 1121 1120
f 1025 1026 1122 1121
f 1026 1027 1123 1122
f 1027 1028 1124 1123
f 1028 1029 1125 1124
f 1029 1030 1126 1125
f 1030 1031 1127 1126
f 1031 1032 1128 1127
f 1032 1033 1129 1128
f 1033 1034 1130 1129
f 1034 1035 1131 1130
f 1035 1036 1132 1131
f 1036 1037 1133 1132
f 1037 1038 1134 1133
f 1038 1039 1135 1134
f 1039 1040 1136 1135
f 1040 1041 1137 1136
f 1041 1042 1138 1137
f 1042 1043 1139 1138
f 1043 1044 1140 1139
f 1044 1045 1141 1140
f 1045 1046 1142 1141
f 1046 1047 1143 1142
f 1047 1048 1144 1143
f 1048 1049 1145 1144
f 1049 1050 1146 1145
f 1050 1051 1147 1146
f 1051 1052 1148 1147
f 1052 1053 1149 1148
f 1053 1054 1150 1149
f 1054 1055 1151 1150
f 1055 1056 1152 1151
f 1056 961 1057 1152
f 1057 1058 1154 1153
f 1058 1059 1155 1154
f 1059 1060 1156 1155
f 1060 1061 1157 1156
f 1061 1062 1158 1157
f 1062 1063 1159 1158
f 1063 1064 1160 1159
f 1064 1065 1161 1160
f 1065 1066 1162 1161
f 1066 1067 1163 1162
f 1067 1068 1164 1163
f 1068 1069 1165 1164
f 1069 1070 1166 1165
f 1070 1071 1167 1166
f 1071 1072 1168 1167
f 1072 1073 1169 1168
f 1073 1074 1170 1169
f 1074 1075 1171 1170
f 1075 1076 1172 1171
f 1076 1077 1173 1172
f 1077 1078 1174 1173
f 1078 1079 1175 1174
f 1079 1080 1176 1175
f 1080 1081 1177 1176
f 1081 1082 1178 1177
f 1082 1083 1179 1178
f 1083 1084 1180 1179
f 1084 1085 1181 1180
f 1085 1086 1182 1181
f 1086 1087 1183 1182
f 1087 1088 1184 1183
f 1088 1089 1185 1184
f 1089 1090 1186 1185
f 1090 1091 1187 1186
f 1091 1092 1188 1187
f 1092 1093 1189 1188
f 1093 1094 1190 1189
f 1094 1095 1191 1190
f 1095 1096 1192 1191
f 1096 1097 1193 1192
f 1097 1098 1194 1193
f 1098 1099 1195 1194
f 1099 1100 1196 1195
f 1100 1101 1197 1196
f 1101 1102 1198 1197
f 1102 1103 1199 1198
f 1103 1104 1200 1199
f 1104 1105 1201 1200
f 1105 1106 1202 1201
f 1106 1107 1203 1202
f 1107 1108 1204 1203
f 1108 1109 1205 1204
f 1109 1110 1206 1205
f 1110 1111 1207 1206
f 1111 1112 1208 1207
f 1112 1113 1209 1208
f 1113 1114 1210 1209
f 1114 1115 1211 1210
f 1115 1116 1212 1211
f 1116 1117 1213 1212
f 1117 1118 1214 1213
f 1118 1119 1215 1214
f 1119 1120 1216 1215
f 1120 1121 1217 1216
f 1121 1122 1218 1217
f 1122 1123 1219 1218
f 1123 1124 1220 1219
f 1124 1125 1221 1220
f 1125 1126 1222 1221
f 1126 1127 1223 1222
f 1127 1128 1224 1223
f 1128 1129 1225 1224
f 1129 1130 1226 1225
f 1130 1131 1227 1226
f 1131 1132 1228 1227
f 1132 1133 1229 1228
f 1133 1134 1230 1229
f 1134 1135 1231 1230
f 1135 1136 1232 1231
f 1136 1137 1233 1232
f 1137 1138 1234 1233
f 1138 1139 1235 1234
f 1139 1140 1236 1235
f 1140 1141 1237 1236
f 1141 1142 1238 1237
f 1142 1143 1239 1238
f 1143 1144 1240 1239
f 1144 1145 1241 1240
f 1145 1146 1242 1241
f 1146 1147 1243 1242
f 1147 1148 1244 1243
f 1148 1149 1245 1244
f 1149 1150 1246 1245
f 1150 1151 1247 1246
f 1151 1152 1248 1247
f 1152 1057 1153 1248
f 1153 1154 1250 1249
f 1154 1155 1251 1250
f 1155 1156 1252 1251
f 1156 1157 1253 1252
f 1157 1158 1254 1253
f 1158 1159 1255 1254
f 1159 1160 1256 1255
f 1160 1161 1257 1256
f 1161 1162 1258 1257
f 1162 1163 1259 1258
f 1163 1164 1260 1259
f 1164 1165 1261 1260
f 1165 1166 1262 1261
f 1166 1167 1263 1262
f 1167 1168 1264 1263
f 1168 1169 1265 1264
f 1169 1170 1266 1265
f 1170 1171 1267 1266
f 1171 1172 1268 1267
f 1172 1173 1269 1268
f 1173 1174 1270 1269
f 1174 1175 1271 1270
f 1175 1176 1272 1271
f 1176 1177 1273 1272
f 1177 1178 1274 1273
f 1178 1179 1275 1274
f 1179 1180 1276 1275
f 1180 1181 1277 1276
f 1181 1182 1278 1277
f 1182 1183 1279 1278
f 1183 1184 1280 1279
f 1184 1185 1281 1280
f 1185 1186 1282 1281
f 1186 1187 1283 1282
f 1187 1188 1284 1283
f 1188 1189 1285 1284
f 1189 1190 1286 1285
f 1190 1191 1287 1286
f 1191 1192 1288 1287
f 1192 1193 1289 1288
f 1193 1194 1290 1289
f 1194 1195 1291 1290
f 1195 1196 1292 1291
f 1196 1197 1293 1292
f 1197 1198 1294 1293
f 1198 1199 1295 1294
f 1199 1200 1296 1295
f 1200 1201 1297 1296
f 1201 1202 1298 1297
f 1202 1203 1299 1298
f 1203 1204 1300 1299
f 1204 1205 1301 1300
f 1205 1206 1302 1301
f 1206 1207 1303 1302
f 1207 1208 1304 1303
f 1208 1209 1305 1304
f 1209 1210 1306 1305
f 1210 1211 1307 1306
f 1211 1212 1308 1307
f 1212 1213 1309 1308
f 1213 1214 1310 1309
f 1214 1215 1311 1310
f 1215 1216 1312 1311
f 1216 1217 1313 1312
f 1217 1218 1314 1313
f 1218 1219 1315 1314
f 1219 1220 1316 1315
f 1220 1221 1317 1316
f 1221 1222 1318 1317
f 1222 1223 1319 1318
f 1223 1224 1320 1319
f 1224 1225 1321 1320
f 1225 1226 1322 1321
f 1226 1227 1323 1322
f 1227 1228 1324 1323
f 1228 1229 1325 1324
f 1229 1230 1326 1325
f 1230 1231 1327 1326
f 1231 1232 1328 1327
f 1232 1233 1329 1328
f 1233 1234 1330 1329
f 1234 1235 1331 1330
f 1235 1236 1332 1331
f 1236 1237 1333 1332
f 1237 1238 1334 1333
f 1238 1239 1335 1334
f 1239 1240 1336 1335
f 1240 1241 1337 1336
f 1241 1242 1338 1337
f 1242 1243 1339 1338
f 1243 1244 1340 1339
f 1244 1245 1341 1340
f 1245 1246 1342 1341
f 1246 1247 1343 1342
f 1247 1248 1344 1343
f 1248 1153 1249 1344
f 1249 1250 1346 1345
f 1250 1251 1347 1346
f 1251 1252 1348 1347
f 1252 1253 1349 1348
f 1253 1254 1350 1349
f 1254 1255 1351 1350
f 1255 1256 1352 1351
f 1256 1257 1353 1352
f 1257 1258 1354 1353
f 1258 1259 1355 1354
f 1259 1260 1356 1355
f 1260 1261 1357 1356
f 1261 1262 1358 1357
f 1262 1263 1359 1358
f 1263 1264 1360 1359
f 1264 1265 1361 1360
f 1265 1266 1362 1361
f 1266 1267 1363 1362
f 1267 1268 1364 1363
f 1268 1269 1365 1364
f 1269 1270 1366 1365
f 1270 1271 1367 1366
f 1271 1272 1368 1367
f 1272 1273 1369 1368
f 1273 1274 1370 1369
f 1274 1275 1371 1370
f 1275 1276 1372 1371
f 1276 1277 1373 1372
f 1277 1278 1374 1373
f 1278 1279 1375 1374
f 1279 1280 1376 1375
f 1280 1281 1377 1376
f 1281 1282 1378 1377
f 1282 1283 1379 1378
f 1283 1284 1380 1379
f 1284 1285 1381 1380
f 1285 1286 1382 1381
f 1286 1287 1383 1382
f 1287 1288 1384 1383
f 1288 1289 1385 1384
f 1289 1290 1386 1385
f 1290 1291 1387 1386
f 1291 1292 1388 1387
f 1292 1293 1389 1388
f 1293 1294 1390 1389
f 1294 1295 1391 1390
f 1295 1296 1392 1391
f 1296 1297 1393 1392
f 1297 1298 1394 1393
f 1298 1299 1395 1394
f 1299 1300 1396 1395
f 1300 1301 1397 1396
f 1301 1302 1398 1397
f 1302 1303 1399 1398
f 1303 1304 1400 1399
f 1304 1305 1401 1400
f 1305 1306 1402 1401
f 1306 1307 1403 1402
f 1307 1308 1404 1403
f 1308 1309 1405 1404
f 1309 1310 1406 1405
f 1310 1311 1407 1406
f 1311 1312 1408 1407
f 1312 1313 1409 1408
f 1313 1314 1410 1409
f 1314 1315 1411 1410
f 1315 1316 1412 1411
f 1316 1317 1413 1412
f 1317 1318 1414 1413
f 1318 1319 1415 1414
f 1319 1320 1416 1415
f 1320 1321 1417 1416
f 1321 1322 1418 1417
f 1322 1323 1419 1418
f 1323 1324 1420 1419
f 1324 1325 1421 1420
f 1325 1326 1422 1421
f 1326 1327 1423 1422
f 1327 1328 1424 1423
f 1328 1329 1425 1424
f 1329 1330 1426 1425
f 1330 1331 1427 1426
f 1331 1332 1428 1427
f 1332 1333 1429 1428
f 1333 1334 1430 1429
f 1334 1335 1431 1430
f 1335 1336 1432 1431
f 1336 1337 1433 1432
f 1337 1338 1434 1433
f 1338 1339 1435 1434
f 1339 1340 1436 1435
f 1340 1341 1437 1436
f 1341 1342 1438 1437
f 1342 1343 1439 1438
f 1343 1344 1440 1439
f 1344 1249 1345 1440
f 1345 1346 1442 1441
f 1346 1347 1443 1442
f 1347 1348 1444 1443
f 1348 1349 1445 1444
f 1349 1350 1446 1445
f 1350 1351 1447 1446
f 1351 1352 1448 1447
f 1352 1353 1449 1448
f 1353 1354 1450 1449
f 1354 1355 1451 1450
f 1355 1356 1452 1451
f 1356 1357 1453 1452
f 1357 1358 1454 1453
f 1358 1359 1455 1454
f 1359 1360 1456 1455
f 1360 1361 1457 1456
f 1361 1362 1458 1457
f 1362 1363 1459 1458
f 1363 1364 1460 1459
f 1364 1365 1461 1460
f 1365 1366 1462 1461
f 1366 1367 1463 1462
f 1367 1368 1464 1463
f 1368 1369 1465 1464
f 1369 1370 1466 1465
f 1370 1371 1467 1466
f 1371 1372 1468 1467
f 1372 1373 1469 1468
f 1373 1374 1470 1469
f 1374 1375 1471 1470
f 1375 1376 1472 1471
f 1376 1377 1473 1472
f 1377 1378 1474 1473
f 1378 1379 1475 1474
f 1379 1380 1476 1475
f 1380 1381 1477 1476
f 1381 1382 1478 1477
f 1382 1383 1479 1478
f 1383 1384 1480 1479
f 1384 1385 1481 1480
f 1385 1386 1482 1481
f 1386 1387 1483 1482
f 1387 1388 1484 1483
f 1388 1389 1485 1484
f 1389 1390 1486 1485
f 1390 1391 1487 1486
f 1391 1392 1488 1487
f 1392 1393 1489 1488
f 1393 1394 1490 1489
f 1394 1395 1491 1490
f 1395 1396 1492 1491
f 1396 1397 1493 1492
f 1397 1398 1494 1493
f 1398 1399 1495 1494
f 1399 1400 1496 1495
f 1400 1401 1497 1496
f 1401 1402 1498 1497
f 1402 1403 1499 1498
f 1403 1404 1500 1499
f 1404 1405 1501 1500
f 1405 1406 1502 1501
f 1406 1407 1503 1502
f 1407 1408 1504 1503
f 1408 1409 1505 1504
f 1409 1410 1506 1505
f 1410 1411 1507 1506
f 1411 1412 1508 1507
f 1412 1413 1509 1508
f 1413 1414 1510 1509
f 1414 1415 1511 1510
f 1415 1416 1512 1511
f 1416 1417 1513 1512
f 1417 1418 1514 1513
f 1418 1419 1515 1514
f 1419 1420 1516 1515
f 1420 1421 1517 1516
f 1421 1422 1518 1517
f 1422 1423 1519 1518
f 1423 1424 1520 1519
f 1424 1425 1521 1520
f 1425 1426 1522 1521
f 1426 1427 1523 1522
f 1427 1428 1524 1523
f 1428 1429 1525 1524
f 1429 1430 1526 1525
f 1430 1431 1527 1526
f 1431 1432 1528 1527
f 1432 1433 1529 1528
f 1433 1434 1530 1529
f 1434 1435 1531 1530
f 1435 1436 1532 1531
f 1436 1437 1533 1532
f 1437 1438 1534 1533
f 1438 1439 1535 1534
f 1439 1440 1536 1535
f 1440 1345 1441 1536
f 1441 1442 1538 1537
f 1442 1443 1539 1538
f 1443 1444 1540 1539
f 1444 1445 1541 1540
f 1445 1446 1542 1541
f 1446 1447 1543 1542
f 1447 1448 1544 1543
f 1448 1449 1545 1544
f 1449 1450 1546 1545
f 1450 1451 1547 1546
f 1451 1452 1548 1547
f 1452 1453 1549 1548
f 1453 1454 1550 1549
f 1454 1455 1551 1550
f 1455 1456 1552 1551
f 1456 1457 1553 1552
f 1457 1458 1554 1553
f 1458 1459 1555 1554
f 1459 1460 1556 1555
f 1460 1461 1557 1556
f 1461 1462 1558 1557
f 1462 1463 1559 1558
f 1463 1464 1560 1559
f 1464 1465 1561 1560
f 1465 1466 1562 1561
f 1466 1467 1563 1562
f 1467 1468 1564 1563
f 1468 1469 1565 1564
f 1469 1470 1566 1565
f 1470 1471 1567 1566
f 1471 1472 1568 1567
f 1472 1473 1569 1568
f 1473 1474 1570 1569
f 1474 1475 1571 1570
f 1475 1476 1572 1571
f 1476 1477 1573 1572
f 1477 1478 1574 1573
f 1478 1479 1575 1574
f 1479 1480 1576 1575
f 1480 1481 1577 1576
f 1481 1482 1578 1577
f 1482 1483 1579 1578
f 1483 1484 1580 1579
f 1484 1485 1581 1580
f 1485 1486 1582 1581
f 1486 1487 1583 1582
f 1487 1488 1584 1583
f 1488 1489 1585 1584
f 1489 1490 1586 1585
f 1490 1491 1587 1586
f 1491 1492 1588 1587
f 1492 1493 1589 1588
f 1493 1494 1590 1589
f 1494 1495 1591 1590
f 1495 1496 1592 1591
f 1496 1497 1593 1592
f 1497 1498 1594 1593
f 1498 1499 1595 1594
f 1499 1500 1596 1595
f 1500 1501 1597 1596
f 1501 1502 1598 1597
f 1502 1503 1599 1598
f 1503 1504 1600 1599
f 1504 1505 1601 1600
f 1505 1506 1602 1601
f 1506 1507 1603 1602
f 1507 1508 1604 1603
f 1508 1509 1605 1604
f 1509 1510 1606 1605
f 1510 1511 1607 1606
f 1511 1512 1608 1607
f 1512 1513 1609 1608
f 1513 1514 1610 1609
f 1514 1515 1611 1610
f 1515 1516 1612 1611
f 1516 1517 1613 1612
f 1517 1518 1614 1613
f 1518 1519 1615 1614
f 1519 1520 1616 1615
f 1520 1521 1617 1616
f 1521 1522 1618 1617
f 1522 1523 1619 1618
f 1523 1524 1620 1619
f 1524 1525 1621 1620
f 1525 1526 1622 1621
f 1526 1527 1623 1622
f 1527 1528 1624 1623
f 1528 1529 1625 1624
f 1529 1530 1626 1625
f 1530 1531 1627 1626
f 1531 1532 1628 1627
f 1532 1533 1629 1628
f 1533 1534 1630 1629
f 1534 1535 1631 1630
f 1535 1536 1632 1631
f 1536 1441 1537 1632
f 1537 1538 1634 1633
f 1538 1539 1635 1634
f 1539 1540 1636 1635
f 1540 1541 1637 1636
f 1541 1542 1638 1637
f 1542 1543 1639 1638
f 1543 1544 1640 1639
f 1544 1545 1641 1640
f 1545 1546 1642 1641
f 1546 1547 1643 1642
f 1547 1548 1644 1643
f 1548 1549 1645 1644
f 1549 1550 1646 1645
f 1550 1551 1647 1646
f 1551 1552 1648 1647
f 1552 1553 1649 1648
f 1553 1554 1650 1649
f 1554 1555 1651 1650
f 1555 1556 1652 1651
f 1556 1557 1653 1652
f 1557 1558 1654 1653
f 1558 1559 1655 1654
f 1559 1560 1656 1655
f 1560 1561 1657 1656
f 1561 1562 1658 1657
f 1562 1563 1659 1658
f 1563 1564 1660 1659
f 1564 1565 1661 1660
f 1565 1566 1662 1661
f 1566 1567 1663 1662
f 1567 1568 1664 1663
f 1568 1569 1665 1664
f 1569 1570 1666 1665
f 1570 1571 1667 1666
f 1571 1572 1668 1667
f 1572 1573 1669 1668
f 1573 1574 1670 1669
f 1574 1575 1671 1670
f 1575 1576 1672 1671
f 1576 1577 1673 1672
f 1577 1578 1674 1673
f 1578 1579 1675 1674
f 1579 1580 1676 1675
f 1580 1581 1677 1676
f 1581 1582 1678 1677
f 1582 1583 1679 1678
f 1583 1584 1680 1679
f 1584 1585 1681 1680
f 1585 1586 1682 1681
f 1586 1587 1683 1682
f 1587 1588 1684 1683
f 1588 1589 1685 1684
f 1589 1590 1686 1685
f 1590 1591 1687 1686
f 1591 1592 1688 1687
f 1592 1593 1689 1688
f 1593 1594 1690 1689
f 1594 1595 1691 1690
f 1595 1596 1692 1691
f 1596 1597 1693 1692
f 1597 1598 1694 1693
f 1598 1599 1695 1694
f 1599 1600 1696 1695
f 1600 1601 1697 1696
f 1601 1602 1698 1697
f 1602 1603 1699 1698
f 1603 1604 1700 1699
f 1604 1605 1701 1700
f 1605 1606 1702 1701
f 1606 1607 1703 1702
f 1607 1608 1704 1703
f 1608 1609 1705 1704
f 1609 1610 1706 1705
f 1610 1611 1707 1706
f 1611 1612 1708 1707
f 1612 1613 1709 1708
f 1613 1614 1710 1709
f 1614 1615 1711 1710
f 1615 1616 1712 1711
f 1616 1617 1713 1712
f 1617 1618 1714 1713
f 1618 1619 1715 1714
f 1619 1620 1716 1715
f 1620 1621 1717 1716
f 1621 1622 1718 1717
f 1622 1623 1719 1718
f 1623 1624 1720 1719
f 1624 1625 1721 1720
f 1625 1626 1722 1721
f 1626 1627 1723 1722
f 1627 1628 1724 1723
f 1628 1629 1725 1724
f 1629 1630 1726 1725
f 1630 1631 1727 1726
f 1631 1632 1728 1727
f 1632 1537 1633 1728
f 1633 1634 1730 1729
f 1634 1635 1731 1730
f 1635 1636 1732 1731
f 1636 1637 1733 1732
f 1637 1638 1734 1733
f 1638 1639 1735 1734
f 1639 1640 1736 1735
f 1640 1641 1737 1736
f 1641 1642 1738 1737
f 1642 1643 1739 1738
f 1643 1644 1740 1739
f 1644 1645 1741 1740
f 1645 1646 1742 1741
f 1646 1647 1743 1742
f 1647 1648 1744 1743
f 1648 1649 1745 1744
f 1649 1650 1746 1745
f 1650 1651 1747 1746
f 1651 1652 1748 1747
f 1652 1653 1749 1748
f 1653 1654 1750 1749
f 1654 1655 1751 1750
f 1655 1656 1752 1751
f 1656 1657 1753 1752
f 1657 1658 1754 1753
f 1658 1659 1755 1754
f 1659 1660 1756 1755
f 1660 1661 1757 1756
f 1661 1662 1758 1757
f 1662 1663 1759 1758
f 1663 1664 1760 1759
f 1664 1665 1761 1760
f 1665 1666 1762 1761
f 1666 1667 1763 1762
f 1667 1668 1764 1763
f 1668 1669 1765 1764
f 1669 1670 1766 1765
f 1670 1671 1767 1766
f 1671 1672 1768 1767
f 1672 1673 1769 1768
f 1673 1674 1770 1769
f 1674 1675 1771 1770
f 1675 1676 1772 1771
f 1676 1677 1773 1772
f 1677 1678 1774 1773
f 1678 1679 1775 1774
f 1679 1680 1776 1775
f 1680 1681 1777 1776
f 1681 1682 1778 1777
f 1682 1683 1779 1778
f 1683 1684 1780 1779
f 1684 1685 1781 1780
f 1685 1686 1782 1781
f 1686 1687 1783 1782
f 1687 1688 1784 1783
f 1688 1689 1785 1784
f 1689 1690 1786 1785
f 1690 1691 1787 1786
f 1691 1692 1788 1787
f 1692 1693 1789 1788
f 1693 1694 1790 1789
f 1694 1695 1791 1790
f 1695 1696 1792 1791
f 1696 1697 1793 1792
f 1697 1698 1794 1793
f 1698 1699 1795 1794
f 1699 1700 1796 1795
f 1700 1701 1797 1796
f 1701 1702 1798 1797
f 1702 1703 1799 1798
f 1703 1704 1800 1799
f 1704 1705 1801 1800
f 1705 1706 1802 1801
f 1706 1707 1803 1802
f 1707 1708 1804 1803
f 1708 1709 1805 1804
f 1709 1710 1806 1805
f 1710 1711 1807 1806
f 1711 1712 1808 1807
f 1712 1713 1809 1808
f 1713 1714 1810 1809
f 1714 1715 1811 1810
f 1715 1716 1812 1811
f 1716 1717 1813 1812
f 1717 1718 1814 1813
f 1718 1719 1815 1814
f 1719 1720 1816 1815
f 1720 1721 1817 1816
f 1721 1722 1818 1817
f 1722 1723 1819 1818
f 1723 1724 1820 1819
f 1724 1725 1821 1820
f 1725 1726 1822 1821
f 1726 1727 1823 1822
f 1727 1728 1824 1823
f 1728 1633 1729 1824
f 1729 1730 1826 1825
f 1730 1731 1827 1826
f 1731 1732 1828 1827
f 1732 1733 1829 1828
f 1733 1734 1830 1829
f 1734 1735 1831 1830
f 1735 1736 1832 1831
f 1736 1737 1833 1832
f 1737 1738 1834 1833
f 1738 1739 1835 1834
f 1739 1740 1836 1835
f 1740 1741 1837 1836
f 1741 1742 1838 1837
f 1742 1743 1839 1838
f 1743 1744 1840 1839
f 1744 1745 1841 1840
f 1745 1746 1842 1841
f 1746 1747 1843 1842
f 1747 1748 1844 1843
f 1748 1749 1845 1844
f 1749 1750 1846 1845
f 1750 1751 1847 1846
f 1751 1752 1848 1847
f 1752 1753 1849 1848
f 1753 1754 1850 1849
f 1754 1755 1851 1850
f 1755 1756 1852 1851
f 1756 1757 1853 1852
f 1757 1758 1854 1853
f 1758 1759 1855 1854
f 1759 1760 1856 1855
f 1760 1761 1857 1856
f 1761 1762 1858 1857
f 1762 1763 1859 1858
f 1763 1764 1860 1859
f 1764 1765 1861 1860
f 1765 1766 1862 1861
f 1766 1767 1863 1862
f 1767 1768 1864 1863
f 1768 1769 1865 1864
f 1769 1770 1866 1865
f 1770 1771 1867 1866
f 1771 1772 1868 1867
f 1772 1773 1869 1868
f 1773 1774 1870 1869
f 1774 1775 1871 1870
f 1775 1776 1872 1871
f 1776 1777 1873 1872
f 1777 1778 1874 1873
f 1778 1779 1875 1874
f 1779 1780 1876 1875
f 1780 1781 1877 1876
f 1781 1782 1878 1877
f 1782 1783 1879 1878
f 1783 1784 1880 1879
f 1784 1785 1881 1880
f 1785 1786 1882 1881
f 1786 1787 1883 1882
f 1787 1788 1884 1883
f 1788 1789 1885 1884
f 1789 1790 1886 1885
f 1790 1791 1887 1886
f 1791 1792 1888 1887
f 1792 1793 1889 1888
f 1793 1794 1890 1889
f 1794 1795 1891 1890
f 1795 1796 1892 1891
f 1796 1797 1893 1892
f 1797 1798 1894 1893
f 1798 1799 1895 1894
f 1799 1800 1896 1895
f 1800 1801 1897 1896
f 1801 1802 1898 1897
f 1802 1803 1899 1898
f 1803 1804 1900 1899
f 1804 1805 1901 1900
f 1805 1806 1902 1901
f 1806 1807 1903 1902
f 1807 1808 1904 1903
f 1808 1809 1905 1904
f 1809 1810 1906 1905
f 1810 1811 1907 1906
f 1811 1812 1908 1907
f 1812 1813 1909 1908
f 1813 1814 1910 1909
f 1814 1815 1911 1910
f 1815 1816 1912 1911
f 1816 1817 1913 1912
f 1817 1818 1914 1913
f 1818 1819 1915 1914
f 1819 1820 1916 1915
f 1820 1821 1917 1916
f 1821 1822 1918 1917
f 1822 1823 1919 1918
f 1823 1824 1920 1919
f 1824 1729 1825 1920
f 1825 1826 1922 1921
f 1826 1827 1923 1922
f 1827 1828 1924 1923
f 1828 1829 1925 1924
f 1829 1830 1926 1925
f 1830 1831 1927 1926
f 1831 1832 1928 1927
f 1832 1833 1929 1928
f 1833 1834 1930 1929
f 1834 1835 1931 1930
f 1835 1836 1932 1931
f 1836 1837 1933 1932
f 1837 1838 1934 1933
f 1838 1839 1935 1934
f 1839 1840 1936 1935
f 1840 1841 1937 1936
f 1841 1842 1938 1937
f 1842 1843 1939 1938
f 1843 1844 1940 1939
f 1844 1845 1941 1940
f 1845 1846 1942 1941
f 1846 1847 1943 1942
f 1847 1848 1944 1943
f 1848 1849 1945 1944
f 1849 1850 1946 1945
f 1850 1851 1947 1946
f 1851 1852 1948 1947
f 1852 1853 1949 1948
f 1853 1854 1950 1949
f 1854 1855 1951 1950
f 1855 1856 1952 1951
f 1856 1857 1953 1952
f 1857 1858 1954 1953
f 1858 1859 1955 1954
f 1859 1860 1956 1955
f 1860 1861 1957 1956
f 1861 1862 1958 1957
f 1862 1863 1959 1958
f 1863 1864 1960 1959
f 1864 1865 1961 1960
f 1865 1866 1962 1961
f 1866 1867 1963 1962
f 1867 1868 1964 1963
f 1868 1869 1965 1964
f 1869 1870 1966 1965
f 1870 1871 1967 1966
f 1871 1872 1968 1967
f 1872 1873 1969 1968
f 1873 1874 1970 1969
f 1874 1875 1971 1970
f 1875 1876 1972 1971
f 1876 1877 1973 1972
f 1877 1878 1974 1973
f 1878 1879 1975 1974
f 1879 1880 1976 1975
f 1880 1881 1977 1976
f 1881 1882 1978 1977
f 1882 1883 1979 1978
f 1883 1884 1980 1979
f 1884 1885 1981 1980
f 1885 1886 1982 1981
f 1886 1887 1983 1982
f 1887 1888 1984 1983
f 1888 1889 1985 1984
f 1889 1890 1986 1985
f 1890 1891 1987 1986
f 1891 1892 1988 1987
f 1892 1893 1989 1988
f 1893 1894 1990 1989
f 1894 1895 1991 1990
f 1895 1896 1992 1991
f 1896 1897 1993 1992
f 1897 1898 1994 1993
f 1898 1899 1995 1994
f 1899 1900 1996 1995
f 1900 1901 1997 1996
f 1901 1902 1998 1997
f 1902 1903 1999 1998
f 1903 1904 2000 1999
f 1904 1905 2001 2000
f 1905 1906 2002 2001
f 1906 1907 2003 2002
f 1907 1908 2004 2003
f 1908 1909 2005 2004
f 1909 1910 2006 2005
f 1910 1911 2007 2006
f 1911 1912 2008 2007
f 1912 1913 2009 2008
f 1913 1914 2010 2009
f 1914 1915 2011 2010
f 1915 1916 2012 2011
f 1916 1917 2013 2012
f 1917 1918 2014 2013
f 1918 1919 2015 2014
f 1919 1920 2016 2015
f 1920 1825 1921 2016
f 1921 1922 2018 2017
f 1922 1923 2019 2018
f 1923 1924 2020 2019
f 1924 1925 2021 2020
f 1925 1926 2022 2021
f 1926 1927 2023 2022
f 1927 1928 2024 2023
f 1928 1929 2025 2024
f 1929 1930 2026 2025
f 1930 1931 2027 2026
f 1931 1932 2028 2027
f 1932 1933 2029 2028
f 1933 1934 2030 2029
f 1934 1935 2031 2030
f 1935 1936 2032 2031
f 1936 1937 2033 2032
f 1937 1938 2034 2033
f 1938 1939 2035 2034
f 1939 1940 2036 2035
f 1940 1941 2037 2036
f 1941 1942 2038 2037
f 1942 1943 2039 2038
f 1943 1944 2040 2039
f 1944 1945 2041 2040
f 1945 1946 2042 2041
f 1946 1947 2043 2042
f 1947 1948 2044 2043
f 1948 1949 2045 2044
f 1949 1950 2046 2045
f 1950 1951 2047 2046
f 1951 1952 2048 2047
f 1952 1953 2049 2048
f 1953 1954 2050 2049
f 1954 1955 2051 2050
f 1955 1956 2052 2051
f 1956 1957 2053 2052
f 1957 1958 2054 2053
f 1958 1959 2055 2054
f 1959 1960 2056 2055
f 1960 1961 2057 2056
f 1961 1962 2058 2057
f 1962 1963 2059 2058
f 1963 1964 2060 2059
f 1964 1965 2061 2060
f 1965 1966 2062 2061
f 1966 1967 2063 2062
f 1967 1968 2064 2063
f 1968 1969 2065 2064
f 1969 1970 2066 2065
f 1970 1971 2067 2066
f 1971 1972 2068 2067
f 1972 1973 2069 2068
f 1973 1974 2070 2069
f 1974 1975 2071 2070
f 1975 1976 2072 2071
f 1976 1977 2073 2072
f 1977 1978 2074 2073
f 1978 1979 2075 2074
f 1979 1980 2076 2075
f 1980 1981 2077 2076
f 1981 1982 2078 2077
f 1982 1983 2079 2078
f 1983 1984 2080 2079
f 1984 1985 2081 2080
f 1985 1986 2082 2081
f 1986 1987 2083 2082
f 1987 1988 2084 2083
f 1988 1989 2085 2084
f 1989 1990 2086 2085
f 1990 1991 2087 2086
f 1991 1992 2088 2087
f 1992 1993 2089 2088
f 1993 1994 2090 2089
f 1994 1995 2091 2090
f 1995 1996 2092 2091
f 1996 1997 2093 2092
f 1997 1998 2094 2093
f 1998 1999 2095 2094
f 1999 2000 2096 2095
f 2000 2001 2097 2096
f 2001 2002 2098 2097
f 2002 2003 2099 2098
f 2003 2004 2100 2099
f 2004 2005 2101 2100
f 2005 2006 2102 2101
f 2006 2007 2103 2102
f 2007 2008 2104 2103
f 2008 2009 2105 2104
f 2009 2010 2106 2105
f 2010 2011 2107 2106
f 2011 2012 2108 2107
f 2012 2013 2109 2108
f 2013 2014 2110 2109
f 2014 2015 2111 2110
f 2015 2016 2112 2111
f 2016 1921 2017 2112
f 2017 2018 2114 2113
f 2018 2019 2115 2114
f 2019 2020 2116 2115
f 2020 2021 2117 2116
f 2021 2022 2118 2117
f 2022 2023 2119 2118
f 2023 2024 2120 2119
f 2024 2025 2121 2120
f 2025 2026 2122 2121
f 2026 2027 2123 2122
f 2027 2028 2124 2123
f 2028 2029 2125 2124
f 2029 2030 2126 2125
f 2030 2031 2127 2126
f 2031 2032 2128 2127
f 2032 2033 2129 2128
f 2033 2034 2130 2129
f 2034 2035 2131 2130
f 2035 2036 2132 2131
f 2036 2037 2133 2132
f 2037 2038 2134 2133
f 2038 2039 2135 2134
f 2039 2040 2136 2135
f 2040 2041 2137 2136
f 2041 2042 2138 2137
f 2042 2043 2139 2138
f 2043 2044 2140 2139
f 2044 2045 2141 2140
f 2045 2046 2142 2141
f 2046 2047 2143 2142
f 2047 2048 2144 2143
f 2048 2049 2145 2144
f 2049 2050 2146 2145
f 2050 2051 2147 2146
f 2051 2052 2148 2147
f 2052 2053 2149 2148
f 2053 2054 2150 2149
f 2054 2055 2151 2150
f 2055 2056 2152 2151
f 2056 2057 2153 2152
f 2057 2058 2154 2153
f 2058 2059 2155 2154
f 2059 2060 2156 2155
f 2060 2061 2157 2156
f 2061 2062 2158 2157
f 2062 2063 2159 2158
f 2063 2064 2160 2159
f 2064 2065 2161 2160
f 2065 2066 2162 2161
f 2066 2067 2163 2162
f 2067 2068 2164 2163
f 2068 2069 2165 2164
f 2069 2070 2166 2165
f 2070 2071 2167 2166
f 2071 2072 2168 2167
f 2072 2073 2169 2168
f 2073 2074 2170 2169
f 2074 2075 2171 2170
f 2075 2076 2172 2171
f 2076 2077 2173 2172
f 2077 2078 2174 2173
f 2078 2079 2175 2174
f 2079 2080 2176 2175
f 2080 2081 2177 2176
f 2081 2082 2178 2177
f 2082 2083 2179 2178
f 2083 2084 2180 2179
f 2084 2085 2181 2180
f 2085 2086 2182 2181
f 2086 2087 2183 2182
f 2087 2088 2184 2183
f 2088 2089 2185 2184
f 2089 2090 2186 2185
f 2090 2091 2187 2186
f 2091 2092 2188 2187
f 2092 2093 2189 2188
f 2093 2094 2190 2189
f 2094 2095 2191 2190
f 2095 2096 2192 2191
f 2096 2097 2193 2192
f 2097 2098 2194 2193
f 2098 2099 2195 2194
f 2099 2100 2196 2195
f 2100 2101 2197 2196
f 2101 2102 2198 2197
f 2102 2103 2199 2198
f 2103 2104 2200 2199
f 2104 2105 2201 2200
f 2105 2106 2202 2201
f 2106 2107 2203 2202
f 2107 2108 2204 2203
f 2108 2109 2205 2204
f 2109 2110 2206 2205
f 2110 2111 2207 2206
f 2111 2112 2208 2207
f 2112 2017 2113 2208
f 2113 2114 2210 2209
f 2114 2115 2211 2210
f 2115 2116 2212 2211
f 2116 2117 2213 2212
f 2117 2118 2214 2213
f 2118 2119 2215 2214
f 2119 2120 2216 2215
f 2120 2121 2217 2216
f 2121 2122 2218 2217
f 2122 2123 2219 2218
f 2123 2124 2220 2219
f 2124 2125 2221 2220
f 2125 2126 2222 2221
f 2126 2127 2223 2222
f 2127 2128 2224 2223
f 2128 2129 2225 2224
f 2129 2130 2226 2225
f 2130 2131 2227 2226
f 2131 2132 2228 2227
f 2132 2133 2229 2228
f 2133 2134 2230 2229
f 2134 2135 2231 2230
f 2135 2136 2232 2231
f 2136 2137 2233 2232
f 2137 2138 2234 2233
f 2138 2139 2235 2234
f 2139 2140 2236 2235
f 2140 2141 2237 2236
f 2141 2142 2238 2237
f 2142 2143 2239 2238
f 2143 2144 2240 2239
f 2144 2145 2241 2240
f 2145 2146 2242 2241
f 2146 2147 2243 2242
f 2147 2148 2244 2243
f 2148 2149 2245 2244
f 2149 2150 2246 2245
f 2150 2151 2247 2246
f 2151 2152 2248 2247
f 2152 2153 2249 2248
f 2153 2154 2250 2249
f 2154 2155 2251 2250
f 2155 2156 2252 2251
f 2156 2157 2253 2252
f 2157 2158 2254 2253
f 2158 2159 2255 2254
f 2159 2160 2256 2255
f 2160 2161 2257 2256
f 2161 2162 2258 2257
f 2162 2163 2259 2258
f 2163 2164 2260 2259
f 2164 2165 2261 2260
f 2165 2166 2262 2261
f 2166 2167 2263 2262
f 2167 2168 2264 2263
f 2168 2169 2265 2264
f 2169 2170 2266 2265
f 2170 2171 2267 2266
f 2171 2172 2268 2267
f 2172 2173 2269 2268
f 2173 2174 2270 2269
f 2174 2175 2271 2270
f 2175 2176 2272 2271
f 2176 2177 2273 2272
f 2177 2178 2274 2273
f 2178 2179 2275 2274
f 2179 2180 2276 2275
f 2180 2181 2277 2276
f 2181 2182 2278 2277
f 2182 2183 2279 2278
f 2183 2184 2280 2279
f 2184 2185 2281 2280
f 2185 2186 2282 2281
f 2186 2187 2283 2282
f 2187 2188 2284 2283
f 2188 2189 2285 2284
f 2189 2190 2286 2285
f 2190 2191 2287 2286
f 2191 2192 2288 2287
f 2192 2193 2289 2288
f 2193 2194 2290 2289
f 2194 2195 2291 2290
f 2195 2196 2292 2291
f 2196 2197 2293 2292
f 2197 2198 2294 2293
f 2198 2199 2295 2294
f 2199 2200 2296 2295
f 2200 2201 2297 2296
f 2201 2202 2298 2297
f 2202 2203 2299 2298
f 2203 2204 2300 2299
f 2204 2205 2301 2300
f 2205 2206 2302 2301
f 2206 2207 2303 2302
f 2207 2208 2304 2303
f 2208 2113 2209 2304
f 2209 2210 2306 2305
f 2210 2211 2307 2306
f 2211 2212 2308 2307
f 2212 2213 2309 2308
f 2213 2214 2310 2309
f 2214 2215 2311 2310
f 2215 2216 2312 2311
f 2216 2217 2313 2312
f 2217 2218 2314 2313
f 2218 2219 2315 2314
f 2219 2220 2316 2315
f 2220 2221 2317 2316
f 2221 2222 2318 2317
f 2222 2223 2319 2318
f 2223 2224 2320 2319
f 2224 2225 2321 2320
f 2225 2226 2322 2321
f 2226 2227 2323 2322
f 2227 2228 2324 2323
f 2228 2229 2325 2324
f 2229 2230 2326 2325
f 2230 2231 2327 2326
f 2231 2232 2328 2327
f 2232 2233 2329 2328
f 2233 2234 2330 2329
f 2234 2235 2331 2330
f 2235 2236 2332 2331
f 2236 2237 2333 2332
f 2237 2238 2334 2333
f 2238 2239 2335 2334
f 2239 2240 2336 2335
f 2240 2241 2337 2336
f 2241 2242 2338 2337
f 2242 2243 2339 2338
f 2243 2244 2340 2339
f 2244 2245 2341 2340
f 2245 2246 2342 2341
f 2246 2247 2343 2342
f 2247 2248 2344 2343
f 2248 2249 2345 2344
f 2249 2250 2346 2345
f 2250 2251 2347 2346
f 2251 2252 2348 2347
f 2252 2253 2349 2348
f 2253 2254 2350 2349
f 2254 2255 2351 2350
f 2255 2256 2352 2351
f 2256 2257 2353 2352
f 2257 2258 2354 2353
f 2258 2259 2355 2354
f 2259 2260 2356 2355
f 2260 2261 2357 2356
f 2261 2262 2358 2357
f 2262 2263 2359 2358
f 2263 2264 2360 2359
f 2264 2265 2361 2360
f 2265 2266 2362 2361
f 2266 2267 2363 2362
f 2267 2268 2364 2363
f 2268 2269 2365 2364
f 2269 2270 2366 2365
f 2270 2271 2367 2366
f 2271 2272 2368 2367
f 2272 2273 2369 2368
f 2273 2274 2370 2369
f 2274 2275 2371 2370
f 2275 2276 2372 2371
f 2276 2277 2373 2372
f 2277 2278 2374 2373
f 2278 2279 2375 2374
f 2279 2280 2376 2375
f 2280 2281 2377 2376
f 2281 2282 2378 2377
f 2282 2283 2379 2378
f 2283 2284 2380 2379
f 2284 2285 2381 2380
f 2285 2286 2382 2381
f 2286 2287 2383 2382
f 2287 2288 2384 2383
f 2288 2289 2385 2384
f 2289 2290 2386 2385
f 2290 2291 2387 2386
f 2291 2292 2388 2387
f 2292 2293 2389 2388
f 2293 2294 2390 2389
f 2294 2295 2391 2390
f 2295 2296 2392 2391
f 2296 2297 2393 2392
f 2297 2298 2394 2393
f 2298 2299 2395 2394
f 2299 2300 2396 2395
f 2300 2301 2397 2396
f 2301 2302 2398 2397
f 2302 2303 2399 2398
f 2303 2304 2400 2399
f 2304 2209 2305 2400
f 2305 2306 2402 2401
f 2306 2307 2403 2402
f 2307 2308 2404 2403
f 2308 2309 2405 2404
f 2309 2310 2406 2405
f 2310 2311 2407 2406
f 2311 2312 2408 2407
f 2312 2313 2409 2408
f 2313 2314 2410 2409
f 2314 2315 2411 2410
f 2315 2316 2412 2411
f 2316 2317 2413 2412
f 2317 2318 2414 2413
f 2318 2319 2415 2414
f 2319 2320 2416 2415
f 2320 2321 2417 2416
f 2321 2322 2418 2417
f 2322 2323 2419 2418
f 2323 2324 2420 2419
f 2324 2325 2421 2420
f 2325 2326 2422 2421
f 2326 2327 2423 2422
f 2327 2328 2424 2423
f 2328 2329 2425 2424
f 2329 2330 2426 2425
f 2330 2331 2427 2426
f 2331 2332 2428 2427
f 2332 2333 2429 2428
f 2333 2334 2430 2429
f 2334 2335 2431 2430
f 2335 2336 2432 2431
f 2336 2337 2433 2432
f 2337 2338 2434 2433
f 2338 2339 2435 2434
f 2339 2340 2436 2435
f 2340 2341 2437 2436
f 2341 2342 2438 2437
f 2342 2343 2439 2438
f 2343 2344 2440 2439
f 2344 2345 2441 2440
f 2345 2346 2442 2441
f 2346 2347 2443 2442
f 2347 2348 2444 2443
f 2348 2349 2445 2444
f 2349 2350 2446 2445
f 2350 2351 2447 2446
f 2351 2352 2448 2447
f 2352 2353 2449 2448
f 2353 2354 2450 2449
f 2354 2355 2451 2450
f 2355 2356 2452 2451
f 2356 2357 2453 2452
f 2357 2358 2454 2453
f 2358 2359 2455 2454
f 2359 2360 2456 2455
f 2360 2361 2457 2456
f 2361 2362 2458 2457
f 2362 2363 2459 2458
f 2363 2364 2460 2459
f 2364 2365 2461 2460
f 2365 2366 2462 2461
f 2366 2367 2463 2462
f 2367 2368 2464 2463
f 2368 2369 2465 2464
f 2369 2370 2466 2465
f 2370 2371 2467 2466
f 2371 2372 2468 2467
f 2372 2373 2469 2468
f 2373 2374 2470 2469
f 2374 2375 2471 2470
f 2375 2376 2472 2471
f 2376 2377 2473 2472
f 2377 2378 2474 2473
f 2378 2379 2475 2474
f 2379 2380 2476 2475
f 2380 2381 2477 2476
f 2381 2382 2478 2477
f 2382 2383 2479 2478
f 2383 2384 2480 2479
f 2384 2385 2481 2480
f 2385 2386 2482 2481
f 2386 2387 2483 2482
f 2387 2388 2484 2483
f 2388 2389 2485 2484
f 2389 2390 2486 2485
f 2390 2391 2487 2486
f 2391 2392 2488 2487
f 2392 2393 2489 2488
f 2393 2394 2490 2489
f 2394 2395 2491 2490
f 2395 2396 2492 2491
f 2396 2397 2493 2492
f 2397 2398 2494 2493
f 2398 2399 2495 2494
f 2399 2400 2496 2495
f 2400 2305 2401 2496
f 2401 2402 2498 2497
f 2402 2403 2499 2498
f 2403 2404 2500 2499
f 2404 2405 2501 2500
f 2405 2406 2502 2501
f 2406 2407 2503 2502
f 2407 2408 2504 2503
f 2408 2409 2505 2504
f 2409 2410 2506 2505
f 2410 2411 2507 2506
f 2411 2412 2508 2507
f 2412 2413 2509 2508
f 2413 2414 2510 2509
f 2414 2415 2511 2510
f 2415 2416 2512 2511
f 2416 2417 2513 2512
f 2417 2418 2514 2513
f 2418 2419 2515 2514
f 2419 2420 2516 2515
f 2420 2421 2517 2516
f 2421 2422 2518 2517
f 2422 2423 2519 2518
f 2423 2424 2520 2519
f 2424 2425 2521 2520
f 2425 2426 2522 2521
f 2426 2427 2523 2522
f 2427 2428 2524 2523
f 2428 2429 2525 2524
f 2429 2430 2526 2525
f 2430 2431 2527 2526
f 2431 2432 2528 2527
f 2432 2433 2529 2528
f 2433 2434 2530 2529
f 2434 2435 2531 2530
f 2435 2436 2532 2531
f 2436 2437 2533 2532
f 2437 2438 2534 2533
f 2438 2439 2535 2534
f 2439 2440 2536 2535
f 2440 2441 2537 2536
f 2441 2442 2538 2537
f 2442 2443 2539 2538
f 2443 2444 2540 2539
f 2444 2445 2541 2540
f 2445 2446 2542 2541
f 2446 2447 2543 2542
f 2447 2448 2544 2543
f 2448 2449 2545 2544
f 2449 2450 2546 2545
f 2450 2451 2547 2546
f 2451 2452 2548 2547
f 2452 2453 2549 2548
f 2453 2454 2550 2549
f 2454 2455 2551 2550
f 2455 2456 2552 2551
f 2456 2457 2553 2552
f 2457 2458 2554 2553
f 2458 2459 2555 2554
f 2459 2460 2556 2555
f 2460 2461 2557 2556
f 2461 2462 2558 2557
f 2462 2463 2559 2558
f 2463 2464 2560 2559
f 2464 2465 2561 2560
f 2465 2466 2562 2561
f 2466 2467 2563 2562
f 2467 2468 2564 2563
f 2468 2469 2565 2564
f 2469 2470 2566 2565
f 2470 2471 2567 2566
f 2471 2472 2568 2567
f 2472 2473 2569 2568
f 2473 2474 2570 2569
f 2474 2475 2571 2570
f 2475 2476 2572 2571
f 2476 2477 2573 2572
f 2477 2478 2574 2573
f 2478 2479 2575 2574
f 2479 2480 2576 2575
f 2480 2481 2577 2576
f 2481 2482 2578 2577
f 2482 2483 2579 2578
f 2483 2484 2580 2579
f 2484 2485 2581 2580
f 2485 2486 2582 2581
f 2486 2487 2583 2582
f 2487 2488 2584 2583
f 2488 2489 2585 2584
f 2489 2490 2586 2585
f 2490 2491 2587 2586
f 2491 2492 2588 2587
f 2492 2493 2589 2588
f 2493 2494 2590 2589
f 2494 2495 2591 2590
f 2495 2496 2592 2591
f 2496 2401 2497 2592
f 2497 2498 2594 2593
f 2498 2499 2595 2594
f 2499 2500 2596 2595
f 2500 2501 2597 2596
f 2501 2502 2598 2597
f 2502 2503 2599 2598
f 2503 2504 2600 2599
f 2504 2505 2601 2600
f 2505 2506 2602 2601
f 2506 2507 2603 2602
f 2507 2508 2604 2603
f 2508 2509 2605 2604
f 2509 2510 2606 2605
f 2510 2511 2607 2606
f 2511 2512 2608 2607
f 2512 2513 2609 2608
f 2513 2514 2610 2609
f 2514 2515 2611 2610
f 2515 2516 2612 2611
f 2516 2517 2613 2612
f 2517 2518 2614 2613
f 2518 2519 2615 2614
f 2519 2520 2616 2615
f 2520 2521 2617 2616
f 2521 2522 2618 2617
f 2522 2523 2619 2618
f 2523 2524 2620 2619
f 2524 2525 2621 2620
f 2525 2526 2622 2621
f 2526 2527 2623 2622
f 2527 2528 2624 2623
f 2528 2529 2625 2624
f 2529 2530 2626 2625
f 2530 2531 2627 2626
f 2531 2532 2628 2627
f 2532 2533 2629 2628
f 2533 2534 2630 2629
f 2534 2535 2631 2630
f 2535 2536 2632 2631
f 2536 2537 2633 2632
f 2537 2538 2634 2633
f 2538 2539 2635 2634
f 2539 2540 2636 2635
f 2540 2541 2637 2636
f 2541 2542 2638 2637
f 2542 2543 2639 2638
f 2543 2544 2640 2639
f 2544 2545 2641 2640
f 2545 2546 2642 2641
f 2546 2547 2643 2642
f 2547 2548 2644 2643
f 2548 2549 2645 2644
f 2549 2550 2646 2645
f 2550 2551 2647 2646
f 2551 2552 2648 2647
f 2552 2553 2649 2648
f 2553 2554 2650 2649
f 2554 2555 2651 2650
f 2555 2556 2652 2651
f 2556 2557 2653 2652
f 2557 2558 2654 2653
f 2558 2559 2655 2654
f 2559 2560 2656 2655
f 2560 2561 2657 2656
f 2561 2562 2658 2657
f 2562 2563 2659 2658
f 2563 2564 2660 2659
f 2564 2565 2661 2660
f 2565 2566 2662 2661
f 2566 2567 2663 2662
f 2567 2568 2664 2663
f 2568 2569 2665 2664
f 2569 2570 2666 2665
f 2570 2571 2667 2666
f 2571 2572 2668 2667
f 2572 2573 2669 2668
f 2573 2574 2670 2669
f 2574 2575 2671 2670
f 2575 2576 2672 2671
f 2576 2577 2673 2672
f 2577 2578 2674 2673
f 2578 2579 2675 2674
f 2579 2580 2676 2675
f 2580 2581 2677 2676
f 2581 2582 2678 2677
f 2582 2583 2679 2678
f 2583 2584 2680 2679
f 2584 2585 2681 2680
f 2585 2586 2682 2681
f 2586 2587 2683 2682
f 2587 2588 2684 2683
f 2588 2589 2685 2684
f 2589 2590 2686 2685
f 2590 2591 2687 2686
f 2591 2592 2688 2687
f 2592 2497 2593 2688
f 2593 2594 2690 2689
f 2594 2595 2691 2690
f 2595 2596 2692 2691
f 2596 2597 2693 2692
f 2597 2598 2694 2693
f 2598 2599 2695 2694
f 2599 2600 2696 2695
f 2600 2601 2697 2696
f 2601 2602 2698 2697
f 2602 2603 2699 2698
f 2603 2604 2700 2699
f 2604 2605 2701 2700
f 2605 2606 2702 2701
f 2606 2607 2703 2702
f 2607 2608 2704 2703
f 2608 2609 2705 2704
f 2609 2610 2706 2705
f 2610 2611 2707 2706
f 2611 2612 2708 2707
f 2612 2613 2709 2708
f 2613 2614 2710 2709
f 2614 2615 2711 2710
f 2615 2616 2712 2711
f 2616 2617 2713 2712
f 2617 2618 2714 2713
f 2618 2619 2715 2714
f 2619 2620 2716 2715
f 2620 2621 2717 2716
f 2621 2622 2718 2717
f 2622 2623 2719 2718
f 2623 2624 2720 2719
f 2624 2625 2721 2720
f 2625 2626 2722 2721
f 2626 2627 2723 2722
f 2627 2628 2724 2723
f 2628 2629 2725 2724
f 2629 2630 2726 2725
f 2630 2631 2727 2726
f 2631 2632 2728 2727
f 2632 2633 2729 2728
f 2633 2634 2730 2729
f 2634 2635 2731 2730
f 2635 2636 2732 2731
f 2636 2637 2733 2732
f 2637 2638 2734 2733
f 2638 2639 2735 2734
f 2639 2640 2736 2735
f 2640 2641 2737 2736
f 2641 2642 2738 2737
f 2642 2643 2739 2738
f 2643 2644 2740 2739
f 2644 2645 2741 2740
f 2645 2646 2742 2741
f 2646 2647 2743 2742
f 2647 2648 2744 2743
f 2648 2649 2745 2744
f 2649 2650 2746 2745
f 2650 2651 2747 2746
f 2651 2652 2748 2747
f 2652 2653 2749 2748
f 2653 2654 2750 2749
f 2654 2655 2751 2750
f 2655 2656 2752 2751
f 2656 2657 2753 2752
f 2657 2658 2754 2753
f 2658 2659 2755 2754
f 2659 2660 2756 2755
f 2660 2661 2757 2756
f 2661 2662 2758 2757
f 2662 2663 2759 2758
f 2663 2664 2760 2759
f 2664 2665 2761 2760
f 2665 2666 2762 2761
f 2666 2667 2763 2762
f 2667 2668 2764 2763
f 2668 2669 2765 2764
f 2669 2670 2766 2765
f 2670 2671 2767 2766
f 2671 2672 2768 2767
f 2672 2673 2769 2768
f 2673 2674 2770 2769
f 2674 2675 2771 2770
f 2675 2676 2772 2771
f 2676 2677 2773 2772
f 2677 2678 2774 2773
f 2678 2679 2775 2774
f 2679 2680 2776 2775
f 2680 2681 2777 2776
f 2681 2682 2778 2777
f 2682 2683 2779 2778
f 2683 2684 2780 2779
f 2684 2685 2781 2780
f 2685 2686 2782 2781
f 2686 2687 2783 2782
f 2687 2688 2784 2783
f 2688 2593 2689 2784
f 2689 2690 2786 2785
f 2690 2691 2787 2786
f 2691 2692 2788 2787
f 2692 2693 2789 2788
f 2693 2694 2790 2789
f 2694 2695 2791 2790
f 2695 2696 2792 2791
f 2696 2697 2793 2792
f 2697 2698 2794 2793
f 2698 2699 2795 2794
f 2699 2700 2796 2795
f 2700 2701 2797 2796
f 2701 2702 2798 2797
f 2702 2703 2799 2798
f 2703 2704 2800 2799
f 2704 2705 2801 2800
f 2705 2706 2802 2801
f 2706 2707 2803 2802
f 2707 2708 2804 2803
f 2708 2709 2805 2804
f 2709 2710 2806 2805
f 2710 2711 2807 2806
f 2711 2712 2808 2807
f 2712 2713 2809 2808
f 2713 2714 2810 2809
f 2714 2715 2811 2810
f 2715 2716 2812 2811
f 2716 2717 2813 2812
f 2717 2718 2814 2813
f 2718 2719 2815 2814
f 2719 2720 2816 2815
f 2720 2721 2817 2816
f 2721 2722 2818 2817
f 2722 2723 2819 2818
f 2723 2724 2820 2819
f 2724 2725 2821 2820
f 2725 2726 2822 2821
f 2726 2727 2823 2822
f 2727 2728 2824 2823
f 2728 2729 2825 2824
f 2729 2730 2826 2825
f 2730 2731 2827 2826
f 2731 2732 2828 2827
f 2732 2733 2829 2828
f 2733 2734 2830 2829
f 2734 2735 2831 2830
f 2735 2736 2832 2831
f 2736 2737 2833 2832
f 2737 2738 2834 2833
f 2738 2739 2835 2834
f 2739 2740 2836 2835
f 2740 2741 2837 2836
f 2741 2742 2838 2837
f 2742 2743 2839 2838
f 2743 2744 2840 2839
f 2744 2745 2841 2840
f 2745 2746 2842 2841
f 2746 2747 2843 2842
f 2747 2748 2844 2843
f 2748 2749 2845 2844
f 2749 2750 2846 2845
f 2750 2751 2847 2846
f 2751 2752 2848 2847
f 2752 2753 2849 2848
f 2753 2754 2850 2849
f 2754 2755 2851 2850
f 2755 2756 2852 2851
f 2756 2757 2853 2852
f 2757 2758 2854 2853
f 2758 2759 2855 2854
f 2759 2760 2856 2855
f 2760 2761 2857 2856
f 2761 2762 2858 2857
f 2762 2763 2859 2858
f 2763 2764 2860 2859
f 2764 2765 2861 2860
f 2765 2766 2862 2861
f 2766 2767 2863 2862
f 2767 2768 2864 2863
f 2768 2769 2865 2864
f 2769 2770 2866 2865
f 2770 2771 2867 2866
f 2771 2772 2868 2867
f 2772 2773 2869 2868
f 2773 2774 2870 2869
f 2774 2775 2871 2870
f 2775 2776 2872 2871
f 2776 2777 2873 2872
f 2777 2778 2874 2873
f 2778 2779 2875 2874
f 2779 2780 2876 2875
f 2780 2781 2877 2876
f 2781 2782 2878 2877
f 2782 2783 2879 2878
f 2783 2784 2880 2879
f 2784 2689 2785 2880
f 2785 2786 2882 2881
f 2786 2787 2883 2882
f 2787 2788 2884 2883
f 2788 2789 2885 2884
f 2789 2790 2886 2885
f 2790 2791 2887 2886
f 2791 2792 2888 2887
f 2792 2793 2889 2888
f 2793 2794 2890 2889
f 2794 2795 2891 2890
f 2795 2796 2892 2891
f 2796 2797 2893 2892
f 2797 2798 2894 2893
f 2798 2799 2895 2894
f 2799 2800 2896 2895
f 2800 2801 2897 2896
f 2801 2802 2898 2897
f 2802 2803 2899 2898
f 2803 2804 2900 2899
f 2804 2805 2901 2900
f 2805 2806 2902 2901
f 2806 2807 2903 2902
f 2807 2808 2904 2903
f 2808 2809 2905 2904
f 2809 2810 2906 2905
f 2810 2811 2907 2906
f 2811 2812 2908 2907
f 2812 2813 2909 2908
f 2813 2814 2910 2909
f 2814 2815 2911 2910
f 2815 2816 2912 2911
f 2816 2817 2913 2912
f 2817 2818 2914 2913
f 2818 2819 2915 2914
f 2819 2820 2916 2915
f 2820 2821 2917 2916
f 2821 2822 2918 2917
f 2822 2823 2919 2918
f 2823 2824 2920 2919
f 2824 2825 2921 2920
f 2825 2826 2922 2921
f 2826 2827 2923 2922
f 2827 2828 2924 2923
f 2828 2829 2925 2924
f 2829 2830 2926 2925
f 2830 2831 2927 2926
f 2831 2832 2928 2927
f 2832 2833 2929 2928
f 2833 2834 2930 2929
f 2834 2835 2931 2930
f 2835 2836 2932 2931
f 2836 2837 2933 2932
f 2837 2838 2934 2933
f 2838 2839 2935 2934
f 2839 2840 2936 2935
f 2840 2841 2937 2936
f 2841 2842 2938 2937
f 2842 2843 2939 2938
f 2843 2844 2940 2939
f 2844 2845 2941 2940
f 2845 2846 2942 2941
f 2846 2847 2943 2942
f 2847 2848 2944 2943
f 2848 2849 2945 2944
f 2849 2850 2946 2945
f 2850 2851 2947 2946
f 2851 2852 2948 2947
f 2852 2853 2949 2948
f 2853 2854 2950 2949
f 2854 2855 2951 2950
f 2855 2856 2952 2951
f 2856 2857 2953 2952
f 2857 2858 2954 2953
f 2858 2859 2955 2954
f 2859 2860 2956 2955
f 2860 2861 2957 2956
f 2861 2862 2958 2957
f 2862 2863 2959 2958
f 2863 2864 2960 2959
f 2864 2865 2961 2960
f 2865 2866 2962 2961
f 2866 2867 2963 2962
f 2867 2868 2964 2963
f 2868 2869 2965 2964
f 2869 2870 2966 2965
f 2870 2871 2967 2966
f 2871 2872 2968 2967
f 2872 2873 2969 2968
f 2873 2874 2970 2969
f 2874 2875 2971 2970
f 2875 2876 2972 2971
f 2876 2877 2973 2972
f 2877 2878 2974 2973
f 2878 2879 2975 2974
f 2879 2880 2976 2975
f 2880 2785 2881 2976
f 2881 2882 2978 2977
f 2882 2883 2979 2978
f 2883 2884 2980 2979
f 2884 2885 2981 2980
f 2885 2886 2982 2981
f 2886 2887 2983 2982
f 2887 2888 2984 2983
f 2888 2889 2985 2984
f 2889 2890 2986 2985
f 2890 2891 2987 2986
f 2891 2892 2988 2987
f 2892 2893 2989 2988
f 2893 2894 2990 2989
f 2894 2895 2991 2990
f 2895 2896 2992 2991
f 2896 2897 2993 2992
f 2897 2898 2994 2993
f 2898 2899 2995 2994
f 2899 2900 2996 2995
f 2900 2901 2997 2996
f 2901 2902 2998 2997
f 2902 2903 2999 2998
f 2903 2904 3000 2999
f 2904 2905 3001 3000
f 2905 2906 3002 3001
f 2906 2907 3003 3002
f 2907 2908 3004 3003
f 2908 2909 3005 3004
f 2909 2910 3006 3005
f 2910 2911 3007 3006
f 2911 2912 3008 3007
f 2912 2913 3009 3008
f 2913 2914 3010 3009
f 2914 2915 3011 3010
f 2915 2916 3012 3011
f 2916 2917 3013 3012
f 2917 2918 3014 3013
f 2918 2919 3015 3014
f 2919 2920 3016 3015
f 2920 2921 3017 3016
f 2921 2922 3018 3017
f 2922 2923 3019 3018
f 2923 2924 3020 3019
f 2924 2925 3021 3020
f 2925 2926 3022 3021
f 2926 2927 3023 3022
f 2927 2928 3024 3023
f 2928 2929 3025 3024
f 2929 2930 3026 3025
f 2930 2931 3027 3026
f 2931 2932 3028 3027
f 2932 2933 3029 3028
f 2933 2934 3030 3029
f 2934 2935 3031 3030
f 2935 2936 3032 3031
f 2936 2937 3033 3032
f 2937 2938 3034 3033
f 2938 2939 3035 3034
f 2939 2940 3036 3035
f 2940 2941 3037 3036
f 2941 2942 3038 3037
f 2942 2943 3039 3038
f 2943 2944 3040 3039
f 2944 2945 3041 3040
f 2945 2946 3042 3041
f 2946 2947 3043 3042
f 2947 2948 3044 3043
f 2948 2949 3045 3044
f 2949 2950 3046 3045
f 2950 2951 3047 3046
f 2951 2952 3048 3047
f 2952 2953 3049 3048
f 2953 2954 3050 3049
f 2954 2955 3051 3050
f 2955 2956 3052 3051
f 2956 2957 3053 3052
f 2957 2958 3054 3053
f 2958 2959 3055 3054
f 2959 2960 3056 3055
f 2960 2961 3057 3056
f 2961 2962 3058 3057
f 2962 2963 3059 3058
f 2963 2964 3060 3059
f 2964 2965 3061 3060
f 2965 2966 3062 3061
f 2966 2967 3063 3062
f 2967 2968 3064 3063
f 2968 2969 3065 3064
f 2969 2970 3066 3065
f 2970 2971 3067 3066
f 2971 2972 3068 3067
f 2972 2973 3069 3068
f 2973 2974 3070 3069
f 2974 2975 3071 3070
f 2975 2976 3072 3071
f 2976 2881 2977 3072
f 2977 2978 3074 3073
f 2978 2979 3075 3074
f 2979 2980 3076 3075
f 2980 2981 3077 3076
f 2981 2982 3078 3077
f 2982 2983 3079 3078
f 2983 2984 3080 3079
f 2984 2985 3081 3080
f 2985 2986 3082 3081
f 2986 2987 3083 3082
f 2987 2988 3084 3083
f 2988 2989 3085 3084
f 2989 2990 3086 3085
f 2990 2991 3087 3086
f 2991 2992 3088 3087
f 2992 2993 3089 3088
f 2993 2994 3090 3089
f 2994 2995 3091 3090
f 2995 2996 3092 3091
f 2996 2997 3093 3092
f 2997 2998 3094 3093
f 2998 2999 3095 3094
f 2999 3000 3096 3095
f 3000 3001 3097 3096
f 3001 3002 3098 3097
f 3002 3003 3099 3098
f 3003 3004 3100 3099
f 3004 3005 3101 3100
f 3005 3006 3102 3101
f 3006 3007 3103 3102
f 3007 3008 3104 3103
f 3008 3009 3105 3104
f 3009 3010 3106 3105
f 3010 3011 3107 3106
f 3011 3012 3108 3107
f 3012 3013 3109 3108
f 3013 3014 3110 3109
f 3014 3015 3111 3110
f 3015 3016 3112 3111
f 3016 3017 3113 3112
f 3017 3018 3114 3113
f 3018 3019 3115 3114
f 3019 3020 3116 3115
f 3020 3021 3117 3116
f 3021 3022 3118 3117
f 3022 3023 3119 3118
f 3023 3024 3120 3119
f 3024 3025 3121 3120
f 3025 3026 3122 3121
f 3026 3027 3123 3122
f 3027 3028 3124 3123
f 3028 3029 3125 3124
f 3029 3030 3126 3125
f 3030 3031 3127 3126
f 3031 3032 3128 3127
f 3032 3033 3129 3128
f 3033 3034 3130 3129
f 3034 3035 3131 3130
f 3035 3036 3132 3131
f 3036 3037 3133 3132
f 3037 3038 3134 3133
f 3038 3039 3135 3134
f 3039 3040 3136 3135
f 3040 3041 3137 3136
f 3041 3042 3138 3137
f 3042 3043 3139 3138
f 3043 3044 3140 3139
f 3044 3045 3141 3140
f 3045 3046 3142 3141
f 3046 3047 3143 3142
f 3047 3048 3144 3143
f 3048 3049 3145 3144
f 3049 3050 3146 3145
f 3050 3051 3147 3146
f 3051 3052 3148 3147
f 3052 3053 3149 3148
f 3053 3054 3150 3149
f 3054 3055 3151 3150
f 3055 3056 3152 3151
f 3056 3057 3153 3152
f 3057 3058 3154 3153
f 3058 3059 3155 3154
f 3059 3060 3156 3155
f 3060 3061 3157 3156
f 3061 3062 3158 3157
f 3062 3063 3159 3158
f 3063 3064 3160 3159
f 3064 3065 3161 3160
f 3065 3066 3162 3161
f 3066 3067 3163 3162
f 3067 3068 3164 3163
f 3068 3069 3165 3164
f 3069 3070 3166 3165
f 3070 3071 3167 3166
f 3071 3072 3168 3167
f 3072 2977 3073 3168
f 3073 3074 3170 3169
f 3074 3075 3171 3170
f 3075 3076 3172 3171
f 3076 3077 3173 3172
f 3077 3078 3174 3173
f 3078 3079 3175 3174
f 3079 3080 3176 3175
f 3080 3081 3177 3176
f 3081 3082 3178 3177
f 3082 3083 3179 3178
f 3083 3084 3180 3179
f 3084 3085 3181 3180
f 3085 3086 3182 3181
f 3086 3087 3183 3182
f 3087 3088 3184 3183
f 3088 3089 3185 3184
f 3089 3090 3186 3185
f 3090 3091 3187 3186
f 3091 3092 3188 3187
f 3092 3093 3189 3188
f 3093 3094 3190 3189
f 3094 3095 3191 3190
f 3095 3096 3192 3191
f 3096 3097 3193 3192
f 3097 3098 3194 3193
f 3098 3099 3195 3194
f 3099 3100 3196 3195
f 3100 3101 3197 3196
f 3101 3102 3198 3197
f 3102 3103 3199 3198
f 3103 3104 3200 3199
f 3104 3105 3201 3200
f 3105 3106 3202 3201
f 3106 3107 3203 3202
f 3107 3108 3204 3203
f 3108 3109 3205 3204
f 3109 3110 3206 3205
f 3110 3111 3207 3206
f 3111 3112 3208 3207
f 3112 3113 3209 3208
f 3113 3114 3210 3209
f 3114 3115 3211 3210
f 3115 3116 3212 3211
f 3116 3117 3213 3212
f 3117 3118 3214 3213
f 3118 3119 3215 3214
f 3119 3120 3216 3215
f 3120 3121 3217 3216
f 3121 3122 3218 3217
f 3122 3123 3219 3218
f 3123 3124 3220 3219
f 3124 3125 3221 3220
f 3125 3126 3222 3221
f 3126 3127 3223 3222
f 3127 3128 3224 3223
f 3128 3129 3225 3224
f 3129 3130 3226 3225
f 3130 3131 3227 3226
f 3131 3132 3228 3227
f 3132 3133 3229 3228
f 3133 3134 3230 3229
f 3134 3135 3231 3230
f 3135 3136 3232 3231
f 3136 3137 3233 3232
f 3137 3138 3234 3233
f 3138 3139 3235 3234
f 3139 3140 3236 3235
f 3140 3141 3237 3236
f 3141 3142 3238 3237
f 3142 3143 3239 3238
f 3143 3144 3240 3239
f 3144 3145 3241 3240
f 3145 3146 3242 3241
f 3146 3147 3243 3242
f 3147 3148 3244 3243
f 3148 3149 3245 3244
f 3149 3150 3246 3245
f 3150 3151 3247 3246
f 3151 3152 3248 3247
f 3152 3153 3249 3248
f 3153 3154 3250 3249
f 3154 3155 3251 3250
f 3155 3156 3252 3251
f 3156 3157 3253 3252
f 3157 3158 3254 3253
f 3158 3159 3255 3254
f 3159 3160 3256 3255
f 3160 3161 3257 3256
f 3161 3162 3258 3257
f 3162 3163 3259 3258
f 3163 3164 3260 3259
f 3164 3165 3261 3260
f 3165 3166 3262 3261
f 3166 3167 3263 3262
f 3167 3168 3264 3263
f 3168 3073 3169 3264
f 3169 3170 3266 3265
f 3170 3171 3267 3266
f 3171 3172 3268 3267
f 3172 3173 3269 3268
f 3173 3174 3270 3269
f 3174 3175 3271 3270
f 3175 3176 3272 3271
f 3176 3177 3273 3272
f 3177 3178 3274 3273
f 3178 3179 3275 3274
f 3179 3180 3276 3275
f 3180 3181 3277 3276
f 3181 3182 3278 3277
f 3182 3183 3279 3278
f 3183 3184 3280 3279
f 3184 3185 3281 3280
f 3185 3186 3282 3281
f 3186 3187 3283 3282
f 3187 3188 3284 3283
f 3188 3189 3285 3284
f 3189 3190 3286 3285
f 3190 3191 3287 3286
f 3191 3192 3288 3287
f 3192 3193 3289 3288
f 3193 3194 3290 3289
f 3194 3195 3291 3290
f 3195 3196 3292 3291
f 3196 3197 3293 3292
f 3197 3198 3294 3293
f 3198 3199 3295 3294
f 3199 3200 3296 3295
f 3200 3201 3297 3296
f 3201 3202 3298 3297
f 3202 3203 3299 3298
f 3203 3204 3300 3299
f 3204 3205 3301 3300
f 3205 3206 3302 3301
f 3206 3207 3303 3302
f 3207 3208 3304 3303
f 3208 3209 3305 3304
f 3209 3210 3306 3305
f 3210 3211 3307 3306
f 3211 3212 3308 3307
f 3212 3213 3309 3308
f 3213 3214 3310 3309
f 3214 3215 3311 3310
f 3215 3216 3312 3311
f 3216 3217 3313 3312
f 3217 3218 3314 3313
f 3218 3219 3315 3314
f 3219 3220 3316 3315
f 3220 3221 3317 3316
f 3221 3222 3318 3317
f 3222 3223 3319 3318
f 3223 3224 3320 3319
f 3224 3225 3321 3320
f 3225 3226 3322 3321
f 3226 3227 3323 3322
f 3227 3228 3324 3323
f 3228 3229 3325 3324
f 3229 3230 3326 3325
f 3230 3231 3327 3326
f 3231 3232 3328 3327
f 3232 3233 3329 3328
f 3233 3234 3330 3329
f 3234 3235 3331 3330
f 3235 3236 3332 3331
f 3236 3237 3333 3332
f 3237 3238 3334 3333
f 3238 3239 3335 3334
f 3239 3240 3336 3335
f 3240 3241 3337 3336
f 3241 3242 3338 3337
f 3242 3243 3339 3338
f 3243 3244 3340 3339
f 3244 3245 3341 3340
f 3245 3246 3342 3341
f 3246 3247 3343 3342
f 3247 3248 3344 3343
f 3248 3249 3345 3344
f 3249 3250 3346 3345
f 3250 3251 3347 3346
f 3251 3252 3348 3347
f 3252 3253 3349 3348
f 3253 3254 3350 3349
f 3254 3255 3351 3350
f 3255 3256 3352 3351
f 3256 3257 3353 3352
f 3257 3258 3354 3353
f 3258 3259 3355 3354
f 3259 3260 3356 3355
f 3260 3261 3357 3356
f 3261 3262 3358 3357
f 3262 3263 3359 3358
f 3263 3264 3360 3359
f 3264 3169 3265 3360
f 3265 3266 3362 3361
f 3266 3267 3363 3362
f 3267 3268 3364 3363
f 3268 3269 3365 3364
f 3269 3270 3366 3365
f 3270 3271 3367 3366
f 3271 3272 3368 3367
f 3272 3273 3369 3368
f 3273 3274 3370 3369
f 3274 3275 3371 3370
f 3275 3276 3372 3371
f 3276 3277 3373 3372
f 3277 3278 3374 3373
f 3278 3279 3375 3374
f 3279 3280 3376 3375
f 3280 3281 3377 3376
f 3281 3282 3378 3377
f 3282 3283 3379 3378
f 3283 3284 3380 3379
f 3284 3285 3381 3380
f 3285 3286 3382 3381
f 3286 3287 3383 3382
f 3287 3288 3384 3383
f 3288 3289 3385 3384
f 3289 3290 3386 3385
f 3290 3291 3387 3386
f 3291 3292 3388 3387
f 3292 3293 3389 3388
f 3293 3294 3390 3389
f 3294 3295 3391 3390
f 3295 3296 3392 3391
f 3296 3297 3393 3392
f 3297 3298 3394 3393
f 3298 3299 3395 3394
f 3299 3300 3396 3395
f 3300 3301 3397 3396
f 3301 3302 3398 3397
f 3302 3303 3399 3398
f 3303 3304 3400 3399
f 3304 3305 3401 3400
f 3305 3306 3402 3401
f 3306 3307 3403 3402
f 3307 3308 3404 3403
f 3308 3309 3405 3404
f 3309 3310 3406 3405
f 3310 3311 3407 3406
f 3311 3312 3408 3407
f 3312 3313 3409 3408
f 3313 3314 3410 3409
f 3314 3315 3411 3410
f 3315 3316 3412 3411
f 3316 3317 3413 3412
f 3317 3318 3414 3413
f 3318 3319 3415 3414
f 3319 3320 3416 3415
f 3320 3321 3417 3416
f 3321 3322 3418 3417
f 3322 3323 3419 3418
f 3323 3324 3420 3419
f 3324 3325 3421 3420
f 3325 3326 3422 3421
f 3326 3327 3423 3422
f 3327 3328 3424 3423
f 3328 3329 3425 3424
f 3329 3330 3426 3425
f 3330 3331 3427 3426
f 3331 3332 3428 3427
f 3332 3333 3429 3428
f 3333 3334 3430 3429
f 3334 3335 3431 3430
f 3335 3336 3432 3431
f 3336 3337 3433 3432
f 3337 3338 3434 3433
f 3338 3339 3435 3434
f 3339 3340 3436 3435
f 3340 3341 3437 3436
f 3341 3342 3438 3437
f 3342 3343 3439 3438
f 3343 3344 3440 3439
f 3344 3345 3441 3440
f 3345 3346 3442 3441
f 3346 3347 3443 3442
f 3347 3348 3444 3443
f 3348 3349 3445 3444
f 3349 3350 3446 3445
f 3350 3351 3447 3446
f 3351 3352 3448 3447
f 3352 3353 3449 3448
f 3353 3354 3450 3449
f 3354 3355 3451 3450
f 3355 3356 3452 3451
f 3356 3357 3453 3452
f 3357 3358 3454 3453
f 3358 3359 3455 3454
f 3359 3360 3456 3455
f 3360 3265 3361 3456
f 3361 3362 3458 3457
f 3362 3363 3459 3458
f 3363 3364 3460 3459
f 3364 3365 3461 3460
f 3365 3366 3462 3461
f 3366 3367 3463 3462
f 3367 3368 3464 3463
f 3368 3369 3465 3464
f 3369 3370 3466 3465
f 3370 3371 3467 3466
f 3371 3372 3468 3467
f 3372 3373 3469 3468
f 3373 3374 3470 3469
f 3374 3375 3471 3470
f 3375 3376 3472 3471
f 3376 3377 3473 3472
f 3377 3378 3474 3473
f 3378 3379 3475 3474
f 3379 3380 3476 3475
f 3380 3381 3477 3476
f 3381 3382 3478 3477
f 3382 3383 3479 3478
f 3383 3384 3480 3479
f 3384 3385 3481 3480
f 3385 3386 3482 3481
f 3386 3387 3483 3482
f 3387 3388 3484 3483
f 3388 3389 3485 3484
f 3389 3390 3486 3485
f 3390 3391 3487 3486
f 3391 3392 3488 3487
f 3392 3393 3489 3488
f 3393 3394 3490 3489
f 3394 3395 3491 3490
f 3395 3396 3492 3491
f 3396 3397 3493 3492
f 3397 3398 3494 3493
f 3398 3399 3495 3494
f 3399 3400 3496 3495
f 3400 3401 3497 3496
f 3401 3402 3498 3497
f 3402 3403 3499 3498
f 3403 3404 3500 3499
f 3404 3405 3501 3500
f 3405 3406 3502 3501
f 3406 3407 3503 3502
f 3407 3408 3504 3503
f 3408 3409 3505 3504
f 3409 3410 3506 3505
f 3410 3411 3507 3506
f 3411 3412 3508 3507
f 3412 3413 3509 3508
f 3413 3414 3510 3509
f 3414 3415 3511 3510
f 3415 3416 3512 3511
f 3416 3417 3513 3512
f 3417 3418 3514 3513
f 3418 3419 3515 3514
f 3419 3420 3516 3515
f 3420 3421 3517 3516
f 3421 3422 3518 3517
f 3422 3423 3519 3518
f 3423 3424 3520 3519
f 3424 3425 3521 3520
f 3425 3426 3522 3521
f 3426 3427 3523 3522
f 3427 3428 3524 3523
f 3428 3429 3525 3524
f 3429 3430 3526 3525
f 3430 3431 3527 3526
f 3431 3432 3528 3527
f 3432 3433 3529 3528
f 3433 3434 3530 3529
f 3434 3435 3531 3530
f 3435 3436 3532 3531
f 3436 3437 3533 3532
f 3437 3438 3534 3533
f 3438 3439 3535 3534
f 3439 3440 3536 3535
f 3440 3441 3537 3536
f 3441 3442 3538 3537
f 3442 3443 3539 3538
f 3443 3444 3540 3539
f 3444 3445 3541 3540
f 3445 3446 3542 3541
f 3446 3447 3543 3542
f 3447 3448 3544 3543
f 3448 3449 3545 3544
f 3449 3450 3546 3545
f 3450 3451 3547 3546
f 3451 3452 3548 3547
f 3452 3453 3549 3548
f 3453 3454 3550 3549
f 3454 3455 3551 3550
f 3455 3456 3552 3551
f 3456 3361 3457 3552
f 3457 3458 3554 3553
f 3458 3459 3555 3554
f 3459 3460 3556 3555
f 3460 3461 3557 3556
f 3461 3462 3558 3557
f 3462 3463 3559 3558
f 3463 3464 3560 3559
f 3464 3465 3561 3560
f 3465 3466 3562 3561
f 3466 3467 3563 3562
f 3467 3468 3564 3563
f 3468 3469 3565 3564
f 3469 3470 3566 3565
f 3470 3471 3567 3566
f 3471 3472 3568 3567
f 3472 3473 3569 3568
f 3473 3474 3570 3569
f 3474 3475 3571 3570
f 3475 3476 3572 3571
f 3476 3477 3573 3572
f 3477 3478 3574 3573
f 3478 3479 3575 3574
f 3479 3480 3576 3575
f 3480 3481 3577 3576
f 3481 3482 3578 3577
f 3482 3483 3579 3578
f 3483 3484 3580 3579
f 3484 3485 3581 3580
f 3485 3486 3582 3581
f 3486 3487 3583 3582
f 3487 3488 3584 3583
f 3488 3489 3585 3584
f 3489 3490 3586 3585
f 3490 3491 3587 3586
f 3491 3492 3588 3587
f 3492 3493 3589 3588
f 3493 3494 3590 3589
f 3494 3495 3591 3590
f 3495 3496 3592 3591
f 3496 3497 3593 3592
f 3497 3498 3594 3593
f 3498 3499 3595 3594
f 3499 3500 3596 3595
f 3500 3501 3597 3596
f 3501 3502 3598 3597
f 3502 3503 3599 3598
f 3503 3504 3600 3599
f 3504 3505 3601 3600
f 3505 3506 3602 3601
f 3506 3507 3603 3602
f 3507 3508 3604 3603
f 3508 3509 3605 3604
f 3509 3510 3606 3605
f 3510 3511 3607 3606
f 3511 3512 3608 3607
f 3512 3513 3609 3608
f 3513 3514 3610 3609
f 3514 3515 3611 3610
f 3515 3516 3612 3611
f 3516 3517 3613 3612
f 3517 3518 3614 3613
f 3518 3519 3615 3614
f 3519 3520 3616 3615
f 3520 3521 3617 3616
f 3521 3522 3618 3617
f 3522 3523 3619 3618
f 3523 3524 3620 3619
f 3524 3525 3621 3620
f 3525 3526 3622 3621
f 3526 3527 3623 3622
f 3527 3528 3624 3623
f 3528 3529 3625 3624
f 3529 3530 3626 3625
f 3530 3531 3627 3626
f 3531 3532 3628 3627
f 3532 3533 3629 3628
f 3533 3534 3630 3629
f 3534 3535 3631 3630
f 3535 3536 3632 3631
f 3536 3537 3633 3632
f 3537 3538 3634 3633
f 3538 3539 3635 3634
f 3539 3540 3636 3635
f 3540 3541 3637 3636
f 3541 3542 3638 3637
f 3542 3543 3639 3638
f 3543 3544 3640 3639
f 3544 3545 3641 3640
f 3545 3546 3642 3641
f 3546 3547 3643 3642
f 3547 3548 3644 3643
f 3548 3549 3645 3644
f 3549 3550 3646 3645
f 3550 3551 3647 3646
f 3551 3552 3648 3647
f 3552 3457 3553 3648
f 3553 3554 3650 3649
f 3554 3555 3651 3650
f 3555 3556 3652 3651
f 3556 3557 3653 3652
f 3557 3558 3654 3653
f 3558 3559 3655 3654
f 3559 3560 3656 3655
f 3560 3561 3657 3656
f 3561 3562 3658 3657
f 3562 3563 3659 3658
f 3563 3564 3660 3659
f 3564 3565 3661 3660
f 3565 3566 3662 3661
f 3566 3567 3663 3662
f 3567 3568 3664 3663
f 3568 3569 3665 3664
f 3569 3570 3666 3665
f 3570 3571 3667 3666
f 3571 3572 3668 3667
f 3572 3573 3669 3668
f 3573 3574 3670 3669
f 3574 3575 3671 3670
f 3575 3576 3672 3671
f 3576 3577 3673 3672
f 3577 3578 3674 3673
f 3578 3579 3675 3674
f 3579 3580 3676 3675
f 3580 3581 3677 3676
f 3581 3582 3678 3677
f 3582 3583 3679 3678
f 3583 3584 3680 3679
f 3584 3585 3681 3680
f 3585 3586 3682 3681
f 3586 3587 3683 3682
f 3587 3588 3684 3683
f 3588 3589 3685 3684
f 3589 3590 3686 3685
f 3590 3591 3687 3686
f 3591 3592 3688 3687
f 3592 3593 3689 3688
f 3593 3594 3690 3689
f 3594 3595 3691 3690
f 3595 3596 3692 3691
f 3596 3597 3693 3692
f 3597 3598 3694 3693
f 3598 3599 3695 3694
f 3599 3600 3696 3695
f 3600 3601 3697 3696
f 3601 3602 3698 3697
f 3602 3603 3699 3698
f 3603 3604 3700 3699
f 3604 3605 3701 3700
f 3605 3606 3702 3701
f 3606 3607 3703 3702
f 3607 3608 3704 3703
f 3608 3609 3705 3704
f 3609 3610 3706 3705
f 3610 3611 3707 3706
f 3611 3612 3708 3707
f 3612 3613 3709 3708
f 3613 3614 3710 3709
f 3614 3615 3711 3710
f 3615 3616 3712 3711
f 3616 3617 3713 3712
f 3617 3618 3714 3713
f 3618 3619 3715 3714
f 3619 3620 3716 3715
f 3620 3621 3717 3716
f 3621 3622 3718 3717
f 3622 3623 3719 3718
f 3623 3624 3720 3719
f 3624 3625 3721 3720
f 3625 3626 3722 3721
f 3626 3627 3723 3722
f 3627 3628 3724 3723
f 3628 3629 3725 3724
f 3629 3630 3726 3725
f 3630 3631 3727 3726
f 3631 3632 3728 3727
f 3632 3633 3729 3728
f 3633 3634 3730 3729
f 3634 3635 3731 3730
f 3635 3636 3732 3731
f 3636 3637 3733 3732
f 3637 3638 3734 3733
f 3638 3639 3735 3734
f 3639 3640 3736 3735
f 3640 3641 3737 3736
f 3641 3642 3738 3737
f 3642 3643 3739 3738
f 3643 3644 3740 3739
f 3644 3645 3741 3740
f 3645 3646 3742 3741
f 3646 3647 3743 3742
f 3647 3648 3744 3743
f 3648 3553 3649 3744
f 3649 3650 3746 3745
f 3650 3651 3747 3746
f 3651 3652 3748 3747
f 3652 3653 3749 3748
f 3653 3654 3750 3749
f 3654 3655 3751 3750
f 3655 3656 3752 3751
f 3656 3657 3753 3752
f 3657 3658 3754 3753
f 3658 3659 3755 3754
f 3659 3660 3756 3755
f 3660 3661 3757 3756
f 3661 3662 3758 3757
f 3662 3663 3759 3758
f 3663 3664 3760 3759
f 3664 3665 3761 3760
f 3665 3666 3762 3761
f 3666 3667 3763 3762
f 3667 3668 3764 3763
f 3668 3669 3765 3764
f 3669 3670 3766 3765
f 3670 3671 3767 3766
f 3671 3672 3768 3767
f 3672 3673 3769 3768
f 3673 3674 3770 3769
f 3674 3675 3771 3770
f 3675 3676 3772 3771
f 3676 3677 3773 3772
f 3677 3678 3774 3773
f 3678 3679 3775 3774
f 3679 3680 3776 3775
f 3680 3681 3777 3776
f 3681 3682 3778 3777
f 3682 3683 3779 3778
f 3683 3684 3780 3779
f 3684 3685 3781 3780
f 3685 3686 3782 3781
f 3686 3687 3783 3782
f 3687 3688 3784 3783
f 3688 3689 3785 3784
f 3689 3690 3786 3785
f 3690 3691 3787 3786
f 3691 3692 3788 3787
f 3692 3693 3789 3788
f 3693 3694 3790 3789
f 3694 3695 3791 3790
f 3695 3696 3792 3791
f 3696 3697 3793 3792
f 3697 3698 3794 3793
f 3698 3699 3795 3794
f 3699 3700 3796 3795
f 3700 3701 3797 3796
f 3701 3702 3798 3797
f 3702 3703 3799 3798
f 3703 3704 3800 3799
f 3704 3705 3801 3800
f 3705 3706 3802 3801
f 3706 3707 3803 3802
f 3707 3708 3804 3803
f 3708 3709 3805 3804
f 3709 3710 3806 3805
f 3710 3711 3807 3806
f 3711 3712 3808 3807
f 3712 3713 3809 3808
f 3713 3714 3810 3809
f 3714 3715 3811 3810
f 3715 3716 3812 3811
f 3716 3717 3813 3812
f 3717 3718 3814 3813
f 3718 3719 3815 3814
f 3719 3720 3816 3815
f 3720 3721 3817 3816
f 3721 3722 3818 3817
f 3722 3723 3819 3818
f 3723 3724 3820 3819
f 3724 3725 3821 3820
f 3725 3726 3822 3821
f 3726 3727 3823 3822
f 3727 3728 3824 3823
f 3728 3729 3825 3824
f 3729 3730 3826 3825
f 3730 3731 3827 3826
f 3731 3732 3828 3827
f 3732 3733 3829 3828
f 3733 3734 3830 3829
f 3734 3735 3831 3830
f 3735 3736 3832 3831
f 3736 3737 3833 3832
f 3737 3738 3834 3833
f 3738 3739 3835 3834
f 3739 3740 3836 3835
f 3740 3741 3837 3836
f 3741 3742 3838 3837
f 3742 3743 3839 3838
f 3743 3744 3840 3839
f 3744 3649 3745 3840
f 3745 3746 3842 3841
f 3746 3747 3843 3842
f 3747 3748 3844 3843
f 3748 3749 3845 3844
f 3749 3750 3846 3845
f 3750 3751 3847 3846
f 3751 3752 3848 3847
f 3752 3753 3849 3848
f 3753 3754 3850 3849
f 3754 3755 3851 3850
f 3755 3756 3852 3851
f 3756 3757 3853 3852
f 3757 3758 3854 3853
f 3758 3759 3855 3854
f 3759 3760 3856 3855
f 3760 3761 3857 3856
f 3761 3762 3858 3857
f 3762 3763 3859 3858
f 3763 3764 3860 3859
f 3764 3765 3861 3860
f 3765 3766 3862 3861
f 3766 3767 3863 3862
f 3767 3768 3864 3863
f 3768 3769 3865 3864
f 3769 3770 3866 3865
f 3770 3771 3867 3866
f 3771 3772 3868 3867
f 3772 3773 3869 3868
f 3773 3774 3870 3869
f 3774 3775 3871 3870
f 3775 3776 3872 3871
f 3776 3777 3873 3872
f 3777 3778 3874 3873
f 3778 3779 3875 3874
f 3779 3780 3876 3875
f 3780 3781 3877 3876
f 3781 3782 3878 3877
f 3782 3783 3879 3878
f 3783 3784 3880 3879
f 3784 3785 3881 3880
f 3785 3786 3882 3881
f 3786 3787 3883 3882
f 3787 3788 3884 3883
f 3788 3789 3885 3884
f 3789 3790 3886 3885
f 3790 3791 3887 3886
f 3791 3792 3888 3887
f 3792 3793 3889 3888
f 3793 3794 3890 3889
f 3794 3795 3891 3890
f 3795 3796 3892 3891
f 3796 3797 3893 3892
f 3797 3798 3894 3893
f 3798 3799 3895 3894
f 3799 3800 3896 3895
f 3800 3801 3897 3896
f 3801 3802 3898 3897
f 3802 3803 3899 3898
f 3803 3804 3900 3899
f 3804 3805 3901 3900
f 3805 3806 3902 3901
f 3806 3807 3903 3902
f 3807 3808 3904 3903
f 3808 3809 3905 3904
f 3809 3810 3906 3905
f 3810 3811 3907 3906
f 3811 3812 3908 3907
f 3812 3813 3909 3908
f 3813 3814 3910 3909
f 3814 3815 3911 3910
f 3815 3816 3912 3911
f 3816 3817 3913 3912
f 3817 3818 3914 3913
f 3818 3819 3915 3914
f 3819 3820 3916 3915
f 3820 3821 3917 3916
f 3821 3822 3918 3917
f 3822 3823 3919 3918
f 3823 3824 3920 3919
f 3824 3825 3921 3920
f 3825 3826 3922 3921
f 3826 3827 3923 3922
f 3827 3828 3924 3923
f 3828 3829 3925 3924
f 3829 3830 3926 3925
f 3830 3831 3927 3926
f 3831 3832 3928 3927
f 3832 3833 3929 3928
f 3833 3834 3930 3929
f 3834 3835 3931 3930
f 3835 3836 3932 3931
f 3836 3837 3933 3932
f 3837 3838 3934 3933
f 3838 3839 3935 3934
f 3839 3840 3936 3935
f 3840 3745 3841 3936
f 3841 3842 3938 3937
f 3842 3843 3939 3938
f 3843 3844 3940 3939
f 3844 3845 3941 3940
f 3845 3846 3942 3941
f 3846 3847 3943 3942
f 3847 3848 3944 3943
f 3848 3849 3945 3944
f 3849 3850 3946 3945
f 3850 3851 3947 3946
f 3851 3852 3948 3947
f 3852 3853 3949 3948
f 3853 3854 3950 3949
f 3854 3855 3951 3950
f 3855 3856 3952 3951
f 3856 3857 3953 3952
f 3857 3858 3954 3953
f 3858 3859 3955 3954
f 3859 3860 3956 3955
f 3860 3861 3957 3956
f 3861 3862 3958 3957
f 3862 3863 3959 3958
f 3863 3864 3960 3959
f 3864 3865 3961 3960
f 3865 3866 3962 3961
f 3866 3867 3963 3962
f 3867 3868 3964 3963
f 3868 3869 3965 3964
f 3869 3870 3966 3965
f 3870 3871 3967 3966
f 3871 3872 3968 3967
f 3872 3873 3969 3968
f 3873 3874 3970 3969
f 3874 3875 3971 3970
f 3875 3876 3972 3971
f 3876 3877 3973 3972
f 3877 3878 3974 3973
f 3878 3879 3975 3974
f 3879 3880 3976 3975
f 3880 3881 3977 3976
f 3881 3882 3978 3977
f 3882 3883 3979 3978
f 3883 3884 3980 3979
f 3884 3885 3981 3980
f 3885 3886 3982 3981
f 3886 3887 3983 3982
f 3887 3888 3984 3983
f 3888 3889 3985 3984
f 3889 3890 3986 3985
f 3890 3891 3987 3986
f 3891 3892 3988 3987
f 3892 3893 3989 3988
f 3893 3894 3990 3989
f 3894 3895 3991 3990
f 3895 3896 3992 3991
f 3896 3897 3993 3992
f 3897 3898 3994 3993
f 3898 3899 3995 3994
f 3899 3900 3996 3995
f 3900 3901 3997 3996
f 3901 3902 3998 3997
f 3902 3903 3999 3998
f 3903 3904 4000 3999
f 3904 3905 4001 4000
f 3905 3906 4002 4001
f 3906 3907 4003 4002
f 3907 3908 4004 4003
f 3908 3909 4005 4004
f 3909 3910 4006 4005
f 3910 3911 4007 4006
f 3911 3912 4008 4007
f 3912 3913 4009 4008
f 3913 3914 4010 4009
f 3914 3915 4011 4010
f 3915 3916 4012 4011
f 3916 3917 4013 4012
f 3917 3918 4014 4013
f 3918 3919 4015 4014
f 3919 3920 4016 4015
f 3920 3921 4017 4016
f 3921 3922 4018 4017
f 3922 3923 4019 4018
f 3923 3924 4020 4019
f 3924 3925 4021 4020
f 3925 3926 4022 4021
f 3926 3927 4023 4022
f 3927 3928 4024 4023
f 3928 3929 4025 4024
f 3929 3930 4026 4025
f 3930 3931 4027 4026
f 3931 3932 4028 4027
f 3932 3933 4029 4028
f 3933 3934 4030 4029
f 3934 3935 4031 4030
f 3935 3936 4032 4031
f 3936 3841 3937 4032
f 3937 3938 4034 4033
f 3938 3939 4035 4034
f 3939 3940 4036 4035
f 3940 3941 4037 4036
f 3941 3942 4038 4037
f 3942 3943 4039 4038
f 3943 3944 4040 4039
f 3944 3945 4041 4040
f 3945 3946 4042 4041
f 3946 3947 4043 4042
f 3947 3948 4044 4043
f 3948 3949 4045 4044
f 3949 3950 4046 4045
f 3950 3951 4047 4046
f 3951 3952 4048 4047
f 3952 3953 4049 4048
f 3953 3954 4050 4049
f 3954 3955 4051 4050
f 3955 3956 4052 4051
f 3956 3957 4053 4052
f 3957 3958 4054 4053
f 3958 3959 4055 4054
f 3959 3960 4056 4055
f 3960 3961 4057 4056
f 3961 3962 4058 4057
f 3962 3963 4059 4058
f 3963 3964 4060 4059
f 3964 3965 4061 4060
f 3965 3966 4062 4061
f 3966 3967 4063 4062
f 3967 3968 4064 4063
f 3968 3969 4065 4064
f 3969 3970 4066 4065
f 3970 3971 4067 4066
f 3971 3972 4068 4067
f 3972 3973 4069 4068
f 3973 3974 4070 4069
f 3974 3975 4071 4070
f 3975 3976 4072 4071
f 3976 3977 4073 4072
f 3977 3978 4074 4073
f 3978 3979 4075 4074
f 3979 3980 4076 4075
f 3980 3981 4077 4076
f 3981 3982 4078 4077
f 3982 3983 4079 4078
f 3983 3984 4080 4079
f 3984 3985 4081 4080
f 3985 3986 4082 4081
f 3986 3987 4083 4082
f 3987 3988 4084 4083
f 3988 3989 4085 4084
f 3989 3990 4086 4085
f 3990 3991 4087 4086
f 3991 3992 4088 4087
f 3992 3993 4089 4088
f 3993 3994 4090 4089
f 3994 3995 4091 4090
f 3995 3996 4092 4091
f 3996 3997 4093 4092
f 3997 3998 4094 4093
f 3998 3999 4095 4094
f 3999 4000 4096 4095
f 4000 4001 4097 4096
f 4001 4002 4098 4097
f 4002 4003 4099 4098
f 4003 4004 4100 4099
f 4004 4005 4101 4100
f 4005 4006 4102 4101
f 4006 4007 4103 4102
f 4007 4008 4104 4103
f 4008 4009 4105 4104
f 4009 4010 4106 4105
f 4010 4011 4107 4106
f 4011 4012 4108 4107
f 4012 4013 4109 4108
f 4013 4014 4110 4109
f 4014 4015 4111 4110
f 4015 4016 4112 4111
f 4016 4017 4113 4112
f 4017 4018 4114 4113
f 4018 4019 4115 4114
f 4019 4020 4116 4115
f 4020 4021 4117 4116
f 4021 4022 4118 4117
f 4022 4023 4119 4118
f 4023 4024 4120 4119
f 4024 4025 4121 4120
f 4025 4026 4122 4121
f 4026 4027 4123 4122
f 4027 4028 4124 4123
f 4028 4029 4125 4124
f 4029 4030 4126 4125
f 4030 4031 4127 4126
f 4031 4032 4128 4127
f 4032 3937 4033 4128
f 4033 4034 4130 4129
f 4034 4035 4131 4130
f 4035 4036 4132 4131
f 4036 4037 4133 4132
f 4037 4038 4134 4133
f 4038 4039 4135 4134
f 4039 4040 4136 4135
f 4040 4041 4137 4136
f 4041 4042 4138 4137
f 4042 4043 4139 4138
f 4043 4044 4140 4139
f 4044 4045 4141 4140
f 4045 4046 4142 4141
f 4046 4047 4143 4142
f 4047 4048 4144 4143
f 4048 4049 4145 4144
f 4049 4050 4146 4145
f 4050 4051 4147 4146
f 4051 4052 4148 4147
f 4052 4053 4149 4148
f 4053 4054 4150 4149
f 4054 4055 4151 4150
f 4055 4056 4152 4151
f 4056 4057 4153 4152
f 4057 4058 4154 4153
f 4058 4059 4155 4154
f 4059 4060 4156 4155
f 4060 4061 4157 4156
f 4061 4062 4158 4157
f 4062 4063 4159 4158
f 4063 4064 4160 4159
f 4064 4065 4161 4160
f 4065 4066 4162 4161
f 4066 4067 4163 4162
f 4067 4068 4164 4163
f 4068 4069 4165 4164
f 4069 4070 4166 4165
f 4070 4071 4167 4166
f 4071 4072 4168 4167
f 4072 4073 4169 4168
f 4073 4074 4170 4169
f 4074 4075 4171 4170
f 4075 4076 4172 4171
f 4076 4077 4173 4172
f 4077 4078 4174 4173
f 4078 4079 4175 4174
f 4079 4080 4176 4175
f 4080 4081 4177 4176
f 4081 4082 4178 4177
f 4082 4083 4179 4178
f 4083 4084 4180 4179
f 4084 4085 4181 4180
f 4085 4086 4182 4181
f 4086 4087 4183 4182
f 4087 4088 4184 4183
f 4088 4089 4185 4184
f 4089 4090 4186 4185
f 4090 4091 4187 4186
f 4091 4092 4188 4187
f 4092 4093 4189 4188
f 4093 4094 4190 4189
f 4094 4095 4191 4190
f 4095 4096 4192 4191
f 4096 4097 4193 4192
f 4097 4098 4194 4193
f 4098 4099 4195 4194
f 4099 4100 4196 4195
f 4100 4101 4197 4196
f 4101 4102 4198 4197
f 4102 4103 4199 4198
f 4103 4104 4200 4199
f 4104 4105 4201 4200
f 4105 4106 4202 4201
f 4106 4107 4203 4202
f 4107 4108 4204 4203
f 4108 4109 4205 4204
f 4109 4110 4206 4205
f 4110 4111 4207 4206
f 4111 4112 4208 4207
f 4112 4113 4209 4208
f 4113 4114 4210 4209
f 4114 4115 4211 4210
f 4115 4116 4212 4211
f 4116 4117 4213 4212
f 4117 4118 4214 4213
f 4118 4119 4215 4214
f 4119 4120 4216 4215
f 4120 4121 4217 4216
f 4121 4122 4218 4217
f 4122 4123 4219 4218
f 4123 4124 4220 4219
f 4124 4125 4221 4220
f 4125 4126 4222 4221
f 4126 4127 4223 4222
f 4127 4128 4224 4223
f 4128 4033 4129 4224
f 4129 4130 4226 4225
f 4130 4131 4227 4226
f 4131 4132 4228 4227
f 4132 4133 4229 4228
f 4133 4134 4230 4229
f 4134 4135 4231 4230
f 4135 4136 4232 4231
f 4136 4137 4233 4232
f 4137 4138 4234 4233
f 4138 4139 4235 4234
f 4139 4140 4236 4235
f 4140 4141 4237 4236
f 4141 4142 4238 4237
f 4142 4143 4239 4238
f 4143 4144 4240 4239
f 4144 4145 4241 4240
f 4145 4146 4242 4241
f 4146 4147 4243 4242
f 4147 4148 4244 4243
f 4148 4149 4245 4244
f 4149 4150 4246 4245
f 4150 4151 4247 4246
f 4151 4152 4248 4247
f 4152 4153 4249 4248
f 4153 4154 4250 4249
f 4154 4155 4251 4250
f 4155 4156 4252 4251
f 4156 4157 4253 4252
f 4157 4158 4254 4253
f 4158 4159 4255 4254
f 4159 4160 4256 4255
f 4160 4161 4257 4256
f 4161 4162 4258 4257
f 4162 4163 4259 4258
f 4163 4164 4260 4259
f 4164 4165 4261 4260
f 4165 4166 4262 4261
f 4166 4167 4263 4262
f 4167 4168 4264 4263
f 4168 4169 4265 4264
f 4169 4170 4266 4265
f 4170 4171 4267 4266
f 4171 4172 4268 4267
f 4172 4173 4269 4268
f 4173 4174 4270 4269
f 4174 4175 4271 4270
f 4175 4176 4272 4271
f 4176 4177 4273 4272
f 4177 4178 4274 4273
f 4178 4179 4275 4274
f 4179 4180 4276 4275
f 4180 4181 4277 4276
f 4181 4182 4278 4277
f 4182 4183 4279 4278
f 4183 4184 4280 4279
f 4184 4185 4281 4280
f 4185 4186 4282 4281
f 4186 4187 4283 4282
f 4187 4188 4284 4283
f 4188 4189 4285 4284
f 4189 4190 4286 4285
f 4190 4191 4287 4286
f 4191 4192 4288 4287
f 4192 4193 4289 4288
f 4193 4194 4290 4289
f 4194 4195 4291 4290
f 4195 4196 4292 4291
f 4196 4197 4293 4292
f 4197 4198 4294 4293
f 4198 4199 4295 4294
f 4199 4200 4296 4295
f 4200 4201 4297 4296
f 4201 4202 4298 4297
f 4202 4203 4299 4298
f 4203 4204 4300 4299
f 4204 4205 4301 4300
f 4205 4206 4302 4301
f 4206 4207 4303 4302
f 4207 4208 4304 4303
f 4208 4209 4305 4304
f 4209 4210 4306 4305
f 4210 4211 4307 4306
f 4211 4212 4308 4307
f 4212 4213 4309 4308
f 4213 4214 4310 4309
f 4214 4215 4311 4310
f 4215 4216 4312 4311
f 4216 4217 4313 4312
f 4217 4218 4314 4313
f 4218 4219 4315 4314
f 4219 4220 4316 4315
f 4220 4221 4317 4316
f 4221 4222 4318 4317
f 4222 4223 4319 4318
f 4223 4224 4320 4319
f 4224 4129 4225 4320
f 4225 4226 4322 4321
f 4226 4227 4323 4322
f 4227 4228 4324 4323
f 4228 4229 4325 4324
f 4229 4230 4326 4325
f 4230 4231 4327 4326
f 4231 4232 4328 4327
f 4232 4233 4329 4328
f 4233 4234 4330 4329
f 4234 4235 4331 4330
f 4235 4236 4332 4331
f 4236 4237 4333 4332
f 4237 4238 4334 4333
f 4238 4239 4335 4334
f 4239 4240 4336 4335
f 4240 4241 4337 4336
f 4241 4242 4338 4337
f 4242 4243 4339 4338
f 4243 4244 4340 4339
f 4244 4245 4341 4340
f 4245 4246 4342 4341
f 4246 4247 4343 4342
f 4247 4248 4344 4343
f 4248 4249 4345 4344
f 4249 4250 4346 4345
f 4250 4251 4347 4346
f 4251 4252 4348 4347
f 4252 4253 4349 4348
f 4253 4254 4350 4349
f 4254 4255 4351 4350
f 4255 4256 4352 4351
f 4256 4257 4353 4352
f 4257 4258 4354 4353
f 4258 4259 4355 4354
f 4259 4260 4356 4355
f 4260 4261 4357 4356
f 4261 4262 4358 4357
f 4262 4263 4359 4358
f 4263 4264 4360 4359
f 4264 4265 4361 4360
f 4265 4266 4362 4361
f 4266 4267 4363 4362
f 4267 4268 4364 4363
f 4268 4269 4365 4364
f 4269 4270 4366 4365
f 4270 4271 4367 4366
f 4271 4272 4368 4367
f 4272 4273 4369 4368
f 4273 4274 4370 4369
f 4274 4275 4371 4370
f 4275 4276 4372 4371
f 4276 4277 4373 4372
f 4277 4278 4374 4373
f 4278 4279 4375 4374
f 4279 4280 4376 4375
f 4280 4281 4377 4376
f 4281 4282 4378 4377
f 4282 4283 4379 4378
f 4283 4284 4380 4379
f 4284 4285 4381 4380
f 4285 4286 4382 4381
f 4286 4287 4383 4382
f 4287 4288 4384 4383
f 4288 4289 4385 4384
f 4289 4290 4386 4385
f 4290 4291 4387 4386
f 4291 4292 4388 4387
f 4292 4293 4389 4388
f 4293 4294 4390 4389
f 4294 4295 4391 4390
f 4295 4296 4392 4391
f 4296 4297 4393 4392
f 4297 4298 4394 4393
f 4298 4299 4395 4394
f 4299 4300 4396 4395
f 4300 4301 4397 4396
f 4301 4302 4398 4397
f 4302 4303 4399 4398
f 4303 4304 4400 4399
f 4304 4305 4401 4400
f 4305 4306 4402 4401
f 4306 4307 4403 4402
f 4307 4308 4404 4403
f 4308 4309 4405 4404
f 4309 4310 4406 4405
f 4310 4311 4407 4406
f 4311 4312 4408 4407
f 4312 4313 4409 4408
f 4313 4314 4410 4409
f 4314 4315 4411 4410
f 4315 4316 4412 4411
f 4316 4317 4413 4412
f 4317 4318 4414 4413
f 4318 4319 4415 4414
f 4319 4320 4416 4415
f 4320 4225 4321 4416
f 4321 4322 4418 4417
f 4322 4323 4419 4418
f 4323 4324 4420 4419
f 4324 4325 4421 4420
f 4325 4326 4422 4421
f 4326 4327 4423 4422
f 4327 4328 4424 4423
f 4328 4329 4425 4424
f 4329 4330 4426 4425
f 4330 4331 4427 4426
f 4331 4332 4428 4427
f 4332 4333 4429 4428
f 4333 4334 4430 4429
f 4334 4335 4431 4430
f 4335 4336 4432 4431
f 4336 4337 4433 4432
f 4337 4338 4434 4433
f 4338 4339 4435 4434
f 4339 4340 4436 4435
f 4340 4341 4437 4436
f 4341 4342 4438 4437
f 4342 4343 4439 4438
f 4343 4344 4440 4439
f 4344 4345 4441 4440
f 4345 4346 4442 4441
f 4346 4347 4443 4442
f 4347 4348 4444 4443
f 4348 4349 4445 4444
f 4349 4350 4446 4445
f 4350 4351 4447 4446
f 4351 4352 4448 4447
f 4352 4353 4449 4448
f 4353 4354 4450 4449
f 4354 4355 4451 4450
f 4355 4356 4452 4451
f 4356 4357 4453 4452
f 4357 4358 4454 4453
f 4358 4359 4455 4454
f 4359 4360 4456 4455
f 4360 4361 4457 4456
f 4361 4362 4458 4457
f 4362 4363 4459 4458
f 4363 4364 4460 4459
f 4364 4365 4461 4460
f 4365 4366 4462 4461
f 4366 4367 4463 4462
f 4367 4368 4464 4463
f 4368 4369 4465 4464
f 4369 4370 4466 4465
f 4370 4371 4467 4466
f 4371 4372 4468 4467
f 4372 4373 4469 4468
f 4373 4374 4470 4469
f 4374 4375 4471 4470
f 4375 4376 4472 4471
f 4376 4377 4473 4472
f 4377 4378 4474 4473
f 4378 4379 4475 4474
f 4379 4380 4476 4475
f 4380 4381 4477 4476
f 4381 4382 4478 4477
f 4382 4383 4479 4478
f 4383 4384 4480 4479
f 4384 4385 4481 4480
f 4385 4386 4482 4481
f 4386 4387 4483 4482
f 4387 4388 4484 4483
f 4388 4389 4485 4484
f 4389 4390 4486 4485
f 4390 4391 4487 4486
f 4391 4392 4488 4487
f 4392 4393 4489 4488
f 4393 4394 4490 4489
f 4394 4395 4491 4490
f 4395 4396 4492 4491
f 4396 4397 4493 4492
f 4397 4398 4494 4493
f 4398 4399 4495 4494
f 4399 4400 4496 4495
f 4400 4401 4497 4496
f 4401 4402 4498 4497
f 4402 4403 4499 4498
f 4403 4404 4500 4499
f 4404 4405 4501 4500
f 4405 4406 4502 4501
f 4406 4407 4503 4502
f 4407 4408 4504 4503
f 4408 4409 4505 4504
f 4409 4410 4506 4505
f 4410 4411 4507 4506
f 4411 4412 4508 4507
f 4412 4413 4509 4508
f 4413 4414 4510 4509
f 4414 4415 4511 4510
f 4415 4416 4512 4511
f 4416 4321 4417 4512
f 4417 4418 4514 4513
f 4418 4419 4515 4514
f 4419 4420 4516 4515
f 4420 4421 4517 4516
f 4421 4422 4518 4517
f 4422 4423 4519 4518
f 4423 4424 4520 4519
f 4424 4425 4521 4520
f 4425 4426 4522 4521
f 4426 4427 4523 4522
f 4427 4428 4524 4523
f 4428 4429 4525 4524
f 4429 4430 4526 4525
f 4430 4431 4527 4526
f 4431 4432 4528 4527
f 4432 4433 4529 4528
f 4433 4434 4530 4529
f 4434 4435 4531 4530
f 4435 4436 4532 4531
f 4436 4437 4533 4532
f 4437 4438 4534 4533
f 4438 4439 4535 4534
f 4439 4440 4536 4535
f 4440 4441 4537 4536
f 4441 4442 4538 4537
f 4442 4443 4539 4538
f 4443 4444 4540 4539
f 4444 4445 4541 4540
f 4445 4446 4542 4541
f 4446 4447 4543 4542
f 4447 4448 4544 4543
f 4448 4449 4545 4544
f 4449 4450 4546 4545
f 4450 4451 4547 4546
f 4451 4452 4548 4547
f 4452 4453 4549 4548
f 4453 4454 4550 4549
f 4454 4455 4551 4550
f 4455 4456 4552 4551
f 4456 4457 4553 4552
f 4457 4458 4554 4553
f 4458 4459 4555 4554
f 4459 4460 4556 4555
f 4460 4461 4557 4556
f 4461 4462 4558 4557
f 4462 4463 4559 4558
f 4463 4464 4560 4559
f 4464 4465 4561 4560
f 4465 4466 4562 4561
f 4466 4467 4563 4562
f 4467 4468 4564 4563
f 4468 4469 4565 4564
f 4469 4470 4566 4565
f 4470 4471 4567 4566
f 4471 4472 4568 4567
f 4472 4473 4569 4568
f 4473 4474 4570 4569
f 4474 4475 4571 4570
f 4475 4476 4572 4571
f 4476 4477 4573 4572
f 4477 4478 4574 4573
f 4478 4479 4575 4574
f 4479 4480 4576 4575
f 4480 4481 4577 4576
f 4481 4482 4578 4577
f 4482 4483 4579 4578
f 4483 4484 4580 4579
f 4484 4485 4581 4580
f 4485 4486 4582 4581
f 4486 4487 4583 4582
f 4487 4488 4584 4583
f 4488 4489 4585 4584
f 4489 4490 4586 4585
f 4490 4491 4587 4586
f 4491 4492 4588 4587
f 4492 4493 4589 4588
f 4493 4494 4590 4589
f 4494 4495 4591 4590
f 4495 4496 4592 4591
f 4496 4497 4593 4592
f 4497 4498 4594 4593
f 4498 4499 4595 4594
f 4499 4500 4596 4595
f 4500 4501 4597 4596
f 4501 4502 4598 4597
f 4502 4503 4599 4598
f 4503 4504 4600 4599
f 4504 4505 4601 4600
f 4505 4506 4602 4601
f 4506 4507 4603 4602
f 4507 4508 4604 4603
f 4508 4509 4605 4604
f 4509 4510 4606 4605
f 4510 4511 4607 4606
f 4511 4512 4608 4607
f 4512 4417 4513 4608
f 4513 4514 4610 4609
f 4514 4515 4611 4610
f 4515 4516 4612 4611
f 4516 4517 4613 4612
f 4517 4518 4614 4613
f 4518 4519 4615 4614
f 4519 4520 4616 4615
f 4520 4521 4617 4616
f 4521 4522 4618 4617
f 4522 4523 4619 4618
f 4523 4524 4620 4619
f 4524 4525 4621 4620
f 4525 4526 4622 4621
f 4526 4527 4623 4622
f 4527 4528 4624 4623
f 4528 4529 4625 4624
f 4529 4530 4626 4625
f 4530 4531 4627 4626
f 4531 4532 4628 4627
f 4532 4533 4629 4628
f 4533 4534 4630 4629
f 4534 4535 4631 4630
f 4535 4536 4632 4631
f 4536 4537 4633 4632
f 4537 4538 4634 4633
f 4538 4539 4635 4634
f 4539 4540 4636 4635
f 4540 4541 4637 4636
f 4541 4542 4638 4637
f 4542 4543 4639 4638
f 4543 4544 4640 4639
f 4544 4545 4641 4640
f 4545 4546 4642 4641
f 4546 4547 4643 4642
f 4547 4548 4644 4643
f 4548 4549 4645 4644
f 4549 4550 4646 4645
f 4550 4551 4647 4646
f 4551 4552 4648 4647
f 4552 4553 4649 4648
f 4553 4554 4650 4649
f 4554 4555 4651 4650
f 4555 4556 4652 4651
f 4556 4557 4653 4652
f 4557 4558 4654 4653
f 4558 4559 4655 4654
f 4559 4560 4656 4655
f 4560 4561 4657 4656
f 4561 4562 4658 4657
f 4562 4563 4659 4658
f 4563 4564 4660 4659
f 4564 4565 4661 4660
f 4565 4566 4662 4661
f 4566 4567 4663 4662
f 4567 4568 4664 4663
f 4568 4569 4665 4664
f 4569 4570 4666 4665
f 4570 4571 4667 4666
f 4571 4572 4668 4667
f 4572 4573 4669 4668
f 4573 4574 4670 4669
f 4574 4575 4671 4670
f 4575 4576 4672 4671
f 4576 4577 4673 4672
f 4577 4578 4674 4673
f 4578 4579 4675 4674
f 4579 4580 4676 4675
f 4580 4581 4677 4676
f 4581 4582 4678 4677
f 4582 4583 4679 4678
f 4583 4584 4680 4679
f 4584 4585 4681 4680
f 4585 4586 4682 4681
f 4586 4587 4683 4682
f 4587 4588 4684 4683
f 4588 4589 4685 4684
f 4589 4590 4686 4685
f 4590 4591 4687 4686
f 4591 4592 4688 4687
f 4592 4593 4689 4688
f 4593 4594 4690 4689
f 4594 4595 4691 4690
f 4595 4596 4692 4691
f 4596 4597 4693 4692
f 4597 4598 4694 4693
f 4598 4599 4695 4694
f 4599 4600 4696 4695
f 4600 4601 4697 4696
f 4601 4602 4698 4697
f 4602 4603 4699 4698
f 4603 4604 4700 4699
f 4604 4605 4701 4700
f 4605 4606 4702 4701
f 4606 4607 4703 4702
f 4607 4608 4704 4703
f 4608 4513 4609 4704
f 4609 4610 4706 4705
f 4610 4611 4707 4706
f 4611 4612 4708 4707
f 4612 4613 4709 4708
f 4613 4614 4710 4709
f 4614 4615 4711 4710
f 4615 4616 4712 4711
f 4616 4617 4713 4712
f 4617 4618 4714 4713
f 4618 4619 4715 4714
f 4619 4620 4716 4715
f 4620 4621 4717 4716
f 4621 4622 4718 4717
f 4622 4623 4719 4718
f 4623 4624 4720 4719
f 4624 4625 4721 4720
f 4625 4626 4722 4721
f 4626 4627 4723 4722
f 4627 4628 4724 4723
f 4628 4629 4725 4724
f 4629 4630 4726 4725
f 4630 4631 4727 4726
f 4631 4632 4728 4727
f 4632 4633 4729 4728
f 4633 4634 4730 4729
f 4634 4635 4731 4730
f 4635 4636 4732 4731
f 4636 4637 4733 4732
f 4637 4638 4734 4733
f 4638 4639 4735 4734
f 4639 4640 4736 4735
f 4640 4641 4737 4736
f 4641 4642 4738 4737
f 4642 4643 4739 4738
f 4643 4644 4740 4739
f 4644 4645 4741 4740
f 4645 4646 4742 4741
f 4646 4647 4743 4742
f 4647 4648 4744 4743
f 4648 4649 4745 4744
f 4649 4650 4746 4745
f 4650 4651 4747 4746
f 4651 4652 4748 4747
f 4652 4653 4749 4748
f 4653 4654 4750 4749
f 4654 4655 4751 4750
f 4655 4656 4752 4751
f 4656 4657 4753 4752
f 4657 4658 4754 4753
f 4658 4659 4755 4754
f 4659 4660 4756 4755
f 4660 4661 4757 4756
f 4661 4662 4758 4757
f 4662 4663 4759 4758
f 4663 4664 4760 4759
f 4664 4665 4761 4760
f 4665 4666 4762 4761
f 4666 4667 4763 4762
f 4667 4668 4764 4763
f 4668 4669 4765 4764
f 4669 4670 4766 4765
f 4670 4671 4767 4766
f 4671 4672 4768 4767
f 4672 4673 4769 4768
f 4673 4674 4770 4769
f 4674 4675 4771 4770
f 4675 4676 4772 4771
f 4676 4677 4773 4772
f 4677 4678 4774 4773
f 4678 4679 4775 4774
f 4679 4680 4776 4775
f 4680 4681 4777 4776
f 4681 4682 4778 4777
f 4682 4683 4779 4778
f 4683 4684 4780 4779
f 4684 4685 4781 4780
f 4685 4686 4782 4781
f 4686 4687 4783 4782
f 4687 4688 4784 4783
f 4688 4689 4785 4784
f 4689 4690 4786 4785
f 4690 4691 4787 4786
f 4691 4692 4788 4787
f 4692 4693 4789 4788
f 4693 4694 4790 4789
f 4694 4695 4791 4790
f 4695 4696 4792 4791
f 4696 4697 4793 4792
f 4697 4698 4794 4793
f 4698 4699 4795 4794
f 4699 4700 4796 4795
f 4700 4701 4797 4796
f 4701 4702 4798 4797
f 4702 4703 4799 4798
f 4703 4704 4800 4799
f 4704 4609 4705 4800
f 4705 4706 4802 4801
f 4706 4707 4803 4802
f 4707 4708 4804 4803
f 4708 4709 4805 4804
f 4709 4710 4806 4805
f 4710 4711 4807 4806
f 4711 4712 4808 4807
f 4712 4713 4809 4808
f 4713 4714 4810 4809
f 4714 4715 4811 4810
f 4715 4716 4812 4811
f 4716 4717 4813 4812
f 4717 4718 4814 4813
f 4718 4719 4815 4814
f 4719 4720 4816 4815
f 4720 4721 4817 4816
f 4721 4722 4818 4817
f 4722 4723 4819 4818
f 4723 4724 4820 4819
f 4724 4725 4821 4820
f 4725 4726 4822 4821
f 4726 4727 4823 4822
f 4727 4728 4824 4823
f 4728 4729 4825 4824
f 4729 4730 4826 4825
f 4730 4731 4827 4826
f 4731 4732 4828 4827
f 4732 4733 4829 4828
f 4733 4734 4830 4829
f 4734 4735 4831 4830
f 4735 4736 4832 4831
f 4736 4737 4833 4832
f 4737 4738 4834 4833
f 4738 4739 4835 4834
f 4739 4740 4836 4835
f 4740 4741 4837 4836
f 4741 4742 4838 4837
f 4742 4743 4839 4838
f 4743 4744 4840 4839
f 4744 4745 4841 4840
f 4745 4746 4842 4841
f 4746 4747 4843 4842
f 4747 4748 4844 4843
f 4748 4749 4845 4844
f 4749 4750 4846 4845
f 4750 4751 4847 4846
f 4751 4752 4848 4847
f 4752 4753 4849 4848
f 4753 4754 4850 4849
f 4754 4755 4851 4850
f 4755 4756 4852 4851
f 4756 4757 4853 4852
f 4757 4758 4854 4853
f 4758 4759 4855 4854
f 4759 4760 4856 4855
f 4760 4761 4857 4856
f 4761 4762 4858 4857
f 4762 4763 4859 4858
f 4763 4764 4860 4859
f 4764 4765 4861 4860
f 4765 4766 4862 4861
f 4766 4767 4863 4862
f 4767 4768 4864 4863
f 4768 4769 4865 4864
f 4769 4770 4866 4865
f 4770 4771 4867 4866
f 4771 4772 4868 4867
f 4772 4773 4869 4868
f 4773 4774 4870 4869
f 4774 4775 4871 4870
f 4775 4776 4872 4871
f 4776 4777 4873 4872
f 4777 4778 4874 4873
f 4778 4779 4875 4874
f 4779 4780 4876 4875
f 4780 4781 4877 4876
f 4781 4782 4878 4877
f 4782 4783 4879 4878
f 4783 4784 4880 4879
f 4784 4785 4881 4880
f 4785 4786 4882 4881
f 4786 4787 4883 4882
f 4787 4788 4884 4883
f 4788 4789 4885 4884
f 4789 4790 4886 4885
f 4790 4791 4887 4886
f 4791 4792 4888 4887
f 4792 4793 4889 4888
f 4793 4794 4890 4889
f 4794 4795 4891 4890
f 4795 4796 4892 4891
f 4796 4797 4893 4892
f 4797 4798 4894 4893
f 4798 4799 4895 4894
f 4799 4800 4896 4895
f 4800 4705 4801 4896
f 4801 4802 4898 4897
f 4802 4803 4899 4898
f 4803 4804 4900 4899
f 4804 4805 4901 4900
f 4805 4806 4902 4901
f 4806 4807 4903 4902
f 4807 4808 4904 4903
f 4808 4809 4905 4904
f 4809 4810 4906 4905
f 4810 4811 4907 4906
f 4811 4812 4908 4907
f 4812 4813 4909 4908
f 4813 4814 4910 4909
f 4814 4815 4911 4910
f 4815 4816 4912 4911
f 4816 4817 4913 4912
f 4817 4818 4914 4913
f 4818 4819 4915 4914
f 4819 4820 4916 4915
f 4820 4821 4917 4916
f 4821 4822 4918 4917
f 4822 4823 4919 4918
f 4823 4824 4920 4919
f 4824 4825 4921 4920
f 4825 4826 4922 4921
f 4826 4827 4923 4922
f 4827 4828 4924 4923
f 4828 4829 4925 4924
f 4829 4830 4926 4925
f 4830 4831 4927 4926
f 4831 4832 4928 4927
f 4832 4833 4929 4928
f 4833 4834 4930 4929
f 4834 4835 4931 4930
f 4835 4836 4932 4931
f 4836 4837 4933 4932
f 4837 4838 4934 4933
f 4838 4839 4935 4934
f 4839 4840 4936 4935
f 4840 4841 4937 4936
f 4841 4842 4938 4937
f 4842 4843 4939 4938
f 4843 4844 4940 4939
f 4844 4845 4941 4940
f 4845 4846 4942 4941
f 4846 4847 4943 4942
f 4847 4848 4944 4943
f 4848 4849 4945 4944
f 4849 4850 4946 4945
f 4850 4851 4947 4946
f 4851 4852 4948 4947
f 4852 4853 4949 4948
f 4853 4854 4950 4949
f 4854 4855 4951 4950
f 4855 4856 4952 4951
f 4856 4857 4953 4952
f 4857 4858 4954 4953
f 4858 4859 4955 4954
f 4859 4860 4956 4955
f 4860 4861 4957 4956
f 4861 4862 4958 4957
f 4862 4863 4959 4958
f 4863 4864 4960 4959
f 4864 4865 4961 4960
f 4865 4866 4962 4961
f 4866 4867 4963 4962
f 4867 4868 4964 4963
f 4868 4869 4965 4964
f 4869 4870 4966 4965
f 4870 4871 4967 4966
f 4871 4872 4968 4967
f 4872 4873 4969 4968
f 4873 4874 4970 4969
f 4874 4875 4971 4970
f 4875 4876 4972 4971
f 4876 4877 4973 4972
f 4877 4878 4974 4973
f 4878 4879 4975 4974
f 4879 4880 4976 4975
f 4880 4881 4977 4976
f 4881 4882 4978 4977
f 4882 4883 4979 4978
f 4883 4884 4980 4979
f 4884 4885 4981 4980
f 4885 4886 4982 4981
f 4886 4887 4983 4982
f 4887 4888 4984 4983
f 4888 4889 4985 4984
f 4889 4890 4986 4985
f 4890 4891 4987 4986
f 4891 4892 4988 4987
f 4892 4893 4989 4988
f 4893 4894 4990 4989
f 4894 4895 4991 4990
f 4895 4896 4992 4991
f 4896 4801 4897 4992
f 4897 4898 4994 4993
f 4898 4899 4995 4994
f 4899 4900 4996 4995
f 4900 4901 4997 4996
f 4901 4902 4998 4997
f 4902 4903 4999 4998
f 4903 4904 5000 4999
f 4904 4905 5001 5000
f 4905 4906 5002 5001
f 4906 4907 5003 5002
f 4907 4908 5004 5003
f 4908 4909 5005 5004
f 4909 4910 5006 5005
f 4910 4911 5007 5006
f 4911 4912 5008 5007
f 4912 4913 5009 5008
f 4913 4914 5010 5009
f 4914 4915 5011 5010
f 4915 4916 5012 5011
f 4916 4917 5013 5012
f 4917 4918 5014 5013
f 4918 4919 5015 5014
f 4919 4920 5016 5015
f 4920 4921 5017 5016
f 4921 4922 5018 5017
f 4922 4923 5019 5018
f 4923 4924 5020 5019
f 4924 4925 5021 5020
f 4925 4926 5022 5021
f 4926 4927 5023 5022
f 4927 4928 5024 5023
f 4928 4929 5025 5024
f 4929 4930 5026 5025
f 4930 4931 5027 5026
f 4931 4932 5028 5027
f 4932 4933 5029 5028
f 4933 4934 5030 5029
f 4934 4935 5031 5030
f 4935 4936 5032 5031
f 4936 4937 5033 5032
f 4937 4938 5034 5033
f 4938 4939 5035 5034
f 4939 4940 5036 5035
f 4940 4941 5037 5036
f 4941 4942 5038 5037
f 4942 4943 5039 5038
f 4943 4944 5040 5039
f 4944 4945 5041 5040
f 4945 4946 5042 5041
f 4946 4947 5043 5042
f 4947 4948 5044 5043
f 4948 4949 5045 5044
f 4949 4950 5046 5045
f 4950 4951 5047 5046
f 4951 4952 5048 5047
f 4952 4953 5049 5048
f 4953 4954 5050 5049
f 4954 4955 5051 5050
f 4955 4956 5052 5051
f 4956 4957 5053 5052
f 4957 4958 5054 5053
f 4958 4959 5055 5054
f 4959 4960 5056 5055
f 4960 4961 5057 5056
f 4961 4962 5058 5057
f 4962 4963 5059 5058
f 4963 4964 5060 5059
f 4964 4965 5061 5060
f 4965 4966 5062 5061
f 4966 4967 5063 5062
f 4967 4968 5064 5063
f 4968 4969 5065 5064
f 4969 4970 5066 5065
f 4970 4971 5067 5066
f 4971 4972 5068 5067
f 4972 4973 5069 5068
f 4973 4974 5070 5069
f 4974 4975 5071 5070
f 4975 4976 5072 5071
f 4976 4977 5073 5072
f 4977 4978 5074 5073
f 4978 4979 5075 5074
f 4979 4980 5076 5075
f 4980 4981 5077 5076
f 4981 4982 5078 5077
f 4982 4983 5079 5078
f 4983 4984 5080 5079
f 4984 4985 5081 5080
f 4985 4986 5082 5081
f 4986 4987 5083 5082
f 4987 4988 5084 5083
f 4988 4989 5085 5084
f 4989 4990 5086 5085
f 4990 4991 5087 5086
f 4991 4992 5088 5087
f 4992 4897 4993 5088
f 4993 4994 5090 5089
f 4994 4995 5091 5090
f 4995 4996 5092 5091
f 4996 4997 5093 5092
f 4997 4998 5094 5093
f 4998 4999 5095 5094
f 4999 5000 5096 5095
f 5000 5001 5097 5096
f 5001 5002 5098 5097
f 5002 5003 5099 5098
f 5003 5004 5100 5099
f 5004 5005 5101 5100
f 5005 5006 5102 5101
f 5006 5007 5103 5102
f 5007 5008 5104 5103
f 5008 5009 5105 5104
f 5009 5010 5106 5105
f 5010 5011 5107 5106
f 5011 5012 5108 5107
f 5012 5013 5109 5108
f 5013 5014 5110 5109
f 5014 5015 5111 5110
f 5015 5016 5112 5111
f 5016 5017 5113 5112
f 5017 5018 5114 5113
f 5018 5019 5115 5114
f 5019 5020 5116 5115
f 5020 5021 5117 5116
f 5021 5022 5118 5117
f 5022 5023 5119 5118
f 5023 5024 5120 5119
f 5024 5025 5121 5120
f 5025 5026 5122 5121
f 5026 5027 5123 5122
f 5027 5028 5124 5123
f 5028 5029 5125 5124
f 5029 5030 5126 5125
f 5030 5031 5127 5126
f 5031 5032 5128 5127
f 5032 5033 5129 5128
f 5033 5034 5130 5129
f 5034 5035 5131 5130
f 5035 5036 5132 5131
f 5036 5037 5133 5132
f 5037 5038 5134 5133
f 5038 5039 5135 5134
f 5039 5040 5136 5135
f 5040 5041 5137 5136
f 5041 5042 5138 5137
f 5042 5043 5139 5138
f 5043 5044 5140 5139
f 5044 5045 5141 5140
f 5045 5046 5142 5141
f 5046 5047 5143 5142
f 5047 5048 5144 5143
f 5048 5049 5145 5144
f 5049 5050 5146 5145
f 5050 5051 5147 5146
f 5051 5052 5148 5147
f 5052 5053 5149 5148
f 5053 5054 5150 5149
f 5054 5055 5151 5150
f 5055 5056 5152 5151
f 5056 5057 5153 5152
f 5057 5058 5154 5153
f 5058 5059 5155 5154
f 5059 5060 5156 5155
f 5060 5061 5157 5156
f 5061 5062 5158 5157
f 5062 5063 5159 5158
f 5063 5064 5160 5159
f 5064 5065 5161 5160
f 5065 5066 5162 5161
f 5066 5067 5163 5162
f 5067 5068 5164 5163
f 5068 5069 5165 5164
f 5069 5070 5166 5165
f 5070 5071 5167 5166
f 5071 5072 5168 5167
f 5072 5073 5169 5168
f 5073 5074 5170 5169
f 5074 5075 5171 5170
f 5075 5076 5172 5171
f 5076 5077 5173 5172
f 5077 5078 5174 5173
f 5078 5079 5175 5174
f 5079 5080 5176 5175
f 5080 5081 5177 5176
f 5081 5082 5178 5177
f 5082 5083 5179 5178
f 5083 5084 5180 5179
f 5084 5085 5181 5180
f 5085 5086 5182 5181
f 5086 5087 5183 5182
f 5087 5088 5184 5183
f 5088 4993 5089 5184
f 5089 5090 5186 5185
f 5090 5091 5187 5186
f 5091 5092 5188 5187
f 5092 5093 5189 5188
f 5093 5094 5190 5189
f 5094 5095 5191 5190
f 5095 5096 5192 5191
f 5096 5097 5193 5192
f 5097 5098 5194 5193
f 5098 5099 5195 5194
f 5099 5100 5196 5195
f 5100 5101 5197 5196
f 5101 5102 5198 5197
f 5102 5103 5199 5198
f 5103 5104 5200 5199
f 5104 5105 5201 5200
f 5105 5106 5202 5201
f 5106 5107 5203 5202
f 5107 5108 5204 5203
f 5108 5109 5205 5204
f 5109 5110 5206 5205
f 5110 5111 5207 5206
f 5111 5112 5208 5207
f 5112 5113 5209 5208
f 5113 5114 5210 5209
f 5114 5115 5211 5210
f 5115 5116 5212 5211
f 5116 5117 5213 5212
f 5117 5118 5214 5213
f 5118 5119 5215 5214
f 5119 5120 5216 5215
f 5120 5121 5217 5216
f 5121 5122 5218 5217
f 5122 5123 5219 5218
f 5123 5124 5220 5219
f 5124 5125 5221 5220
f 5125 5126 5222 5221
f 5126 5127 5223 5222
f 5127 5128 5224 5223
f 5128 5129 5225 5224
f 5129 5130 5226 5225
f 5130 5131 5227 5226
f 5131 5132 5228 5227
f 5132 5133 5229 5228
f 5133 5134 5230 5229
f 5134 5135 5231 5230
f 5135 5136 5232 5231
f 5136 5137 5233 5232
f 5137 5138 5234 5233
f 5138 5139 5235 5234
f 5139 5140 5236 5235
f 5140 5141 5237 5236
f 5141 5142 5238 5237
f 5142 5143 5239 5238
f 5143 5144 5240 5239
f 5144 5145 5241 5240
f 5145 5146 5242 5241
f 5146 5147 5243 5242
f 5147 5148 5244 5243
f 5148 5149 5245 5244
f 5149 5150 5246 5245
f 5150 5151 5247 5246
f 5151 5152 5248 5247
f 5152 5153 5249 5248
f 5153 5154 5250 5249
f 5154 5155 5251 5250
f 5155 5156 5252 5251
f 5156 5157 5253 5252
f 5157 5158 5254 5253
f 5158 5159 5255 5254
f 5159 5160 5256 5255
f 5160 5161 5257 5256
f 5161 5162 5258 5257
f 5162 5163 5259 5258
f 5163 5164 5260 5259
f 5164 5165 5261 5260
f 5165 5166 5262 5261
f 5166 5167 5263 5262
f 5167 5168 5264 5263
f 5168 5169 5265 5264
f 5169 5170 5266 5265
f 5170 5171 5267 5266
f 5171 5172 5268 5267
f 5172 5173 5269 5268
f 5173 5174 5270 5269
f 5174 5175 5271 5270
f 5175 5176 5272 5271
f 5176 5177 5273 5272
f 5177 5178 5274 5273
f 5178 5179 5275 5274
f 5179 5180 5276 5275
f 5180 5181 5277 5276
f 5181 5182 5278 5277
f 5182 5183 5279 5278
f 5183 5184 5280 5279
f 5184 5089 5185 5280
f 5185 5186 5282 5281
f 5186 5187 5283 5282
f 5187 5188 5284 5283
f 5188 5189 5285 5284
f 5189 5190 5286 5285
f 5190 5191 5287 5286
f 5191 5192 5288 5287
f 5192 5193 5289 5288
f 5193 5194 5290 5289
f 5194 5195 5291 5290
f 5195 5196 5292 5291
f 5196 5197 5293 5292
f 5197 5198 5294 5293
f 5198 5199 5295 5294
f 5199 5200 5296 5295
f 5200 5201 5297 5296
f 5201 5202 5298 5297
f 5202 5203 5299 5298
f 5203 5204 5300 5299
f 5204 5205 5301 5300
f 5205 5206 5302 5301
f 5206 5207 5303 5302
f 5207 5208 5304 5303
f 5208 5209 5305 5304
f 5209 5210 5306 5305
f 5210 5211 5307 5306
f 5211 5212 5308 5307
f 5212 5213 5309 5308
f 5213 5214 5310 5309
f 5214 5215 5311 5310
f 5215 5216 5312 5311
f 5216 5217 5313 5312
f 5217 5218 5314 5313
f 5218 5219 5315 5314
f 5219 5220 5316 5315
f 5220 5221 5317 5316
f 5221 5222 5318 5317
f 5222 5223 5319 5318
f 5223 5224 5320 5319
f 5224 5225 5321 5320
f 5225 5226 5322 5321
f 5226 5227 5323 5322
f 5227 5228 5324 5323
f 5228 5229 5325 5324
f 5229 5230 5326 5325
f 5230 5231 5327 5326
f 5231 5232 5328 5327
f 5232 5233 5329 5328
f 5233 5234 5330 5329
f 5234 5235 5331 5330
f 5235 5236 5332 5331
f 5236 5237 5333 5332
f 5237 5238 5334 5333
f 5238 5239 5335 5334
f 5239 5240 5336 5335
f 5240 5241 5337 5336
f 5241 5242 5338 5337
f 5242 5243 5339 5338
f 5243 5244 5340 5339
f 5244 5245 5341 5340
f 5245 5246 5342 5341
f 5246 5247 5343 5342
f 5247 5248 5344 5343
f 5248 5249 5345 5344
f 5249 5250 5346 5345
f 5250 5251 5347 5346
f 5251 5252 5348 5347
f 5252 5253 5349 5348
f 5253 5254 5350 5349
f 5254 5255 5351 5350
f 5255 5256 5352 5351
f 5256 5257 5353 5352
f 5257 5258 5354 5353
f 5258 5259 5355 5354
f 5259 5260 5356 5355
f 5260 5261 5357 5356
f 5261 5262 5358 5357
f 5262 5263 5359 5358
f 5263 5264 5360 5359
f 5264 5265 5361 5360
f 5265 5266 5362 5361
f 5266 5267 5363 5362
f 5267 5268 5364 5363
f 5268 5269 5365 5364
f 5269 5270 5366 5365
f 5270 5271 5367 5366
f 5271 5272 5368 5367
f 5272 5273 5369 5368
f 5273 5274 5370 5369
f 5274 5275 5371 5370
f 5275 5276 5372 5371
f 5276 5277 5373 5372
f 5277 5278 5374 5373
f 5278 5279 5375 5374
f 5279 5280 5376 5375
f 5280 5185 5281 5376
f 5281 5282 5378 5377
f 5282 5283 5379 5378
f 5283 5284 5380 5379
f 5284 5285 5381 5380
f 5285 5286 5382 5381
f 5286 5287 5383 5382
f 5287 5288 5384 5383
f 5288 5289 5385 5384
f 5289 5290 5386 5385
f 5290 5291 5387 5386
f 5291 5292 5388 5387
f 5292 5293 5389 5388
f 5293 5294 5390 5389
f 5294 5295 5391 5390
f 5295 5296 5392 5391
f 5296 5297 5393 5392
f 5297 5298 5394 5393
f 5298 5299 5395 5394
f 5299 5300 5396 5395
f 5300 5301 5397 5396
f 5301 5302 5398 5397
f 5302 5303 5399 5398
f 5303 5304 5400 5399
f 5304 5305 5401 5400
f 5305 5306 5402 5401
f 5306 5307 5403 5402
f 5307 5308 5404 5403
f 5308 5309 5405 5404
f 5309 5310 5406 5405
f 5310 5311 5407 5406
f 5311 5312 5408 5407
f 5312 5313 5409 5408
f 5313 5314 5410 5409
f 5314 5315 5411 5410
f 5315 5316 5412 5411
f 5316 5317 5413 5412
f 5317 5318 5414 5413
f 5318 5319 5415 5414
f 5319 5320 5416 5415
f 5320 5321 5417 5416
f 5321 5322 5418 5417
f 5322 5323 5419 5418
f 5323 5324 5420 5419
f 5324 5325 5421 5420
f 5325 5326 5422 5421
f 5326 5327 5423 5422
f 5327 5328 5424 5423
f 5328 5329 5425 5424
f 5329 5330 5426 5425
f 5330 5331 5427 5426
f 5331 5332 5428 5427
f 5332 5333 5429 5428
f 5333 5334 5430 5429
f 5334 5335 5431 5430
f 5335 5336 5432 5431
f 5336 5337 5433 5432
f 5337 5338 5434 5433
f 5338 5339 5435 5434
f 5339 5340 5436 5435
f 5340 5341 5437 5436
f 5341 5342 5438 5437
f 5342 5343 5439 5438
f 5343 5344 5440 5439
f 5344 5345 5441 5440
f 5345 5346 5442 5441
f 5346 5347 5443 5442
f 5347 5348 5444 5443
f 5348 5349 5445 5444
f 5349 5350 5446 5445
f 5350 5351 5447 5446
f 5351 5352 5448 5447
f 5352 5353 5449 5448
f 5353 5354 5450 5449
f 5354 5355 5451 5450
f 5355 5356 5452 5451
f 5356 5357 5453 5452
f 5357 5358 5454 5453
f 5358 5359 5455 5454
f 5359 5360 5456 5455
f 5360 5361 5457 5456
f 5361 5362 5458 5457
f 5362 5363 5459 5458
f 5363 5364 5460 5459
f 5364 5365 5461 5460
f 5365 5366 5462 5461
f 5366 5367 5463 5462
f 5367 5368 5464 5463
f 5368 5369 5465 5464
f 5369 5370 5466 5465
f 5370 5371 5467 5466
f 5371 5372 5468 5467
f 5372 5373 5469 5468
f 5373 5374 5470 5469
f 5374 5375 5471 5470
f 5375 5376 5472 5471
f 5376 5281 5377 5472
f 5377 5378 5474 5473
f 5378 5379 5475 5474
f 5379 5380 5476 5475
f 5380 5381 5477 5476
f 5381 5382 5478 5477
f 5382 5383 5479 5478
f 5383 5384 5480 5479
f 5384 5385 5481 5480
f 5385 5386 5482 5481
f 5386 5387 5483 5482
f 5387 5388 5484 5483
f 5388 5389 5485 5484
f 5389 5390 5486 5485
f 5390 5391 5487 5486
f 5391 5392 5488 5487
f 5392 5393 5489 5488
f 5393 5394 5490 5489
f 5394 5395 5491 5490
f 5395 5396 5492 5491
f 5396 5397 5493 5492
f 5397 5398 5494 5493
f 5398 5399 5495 5494
f 5399 5400 5496 5495
f 5400 5401 5497 5496
f 5401 5402 5498 5497
f 5402 5403 5499 5498
f 5403 5404 5500 5499
f 5404 5405 5501 5500
f 5405 5406 5502 5501
f 5406 5407 5503 5502
f 5407 5408 5504 5503
f 5408 5409 5505 5504
f 5409 5410 5506 5505
f 5410 5411 5507 5506
f 5411 5412 5508 5507
f 5412 5413 5509 5508
f 5413 5414 5510 5509
f 5414 5415 5511 5510
f 5415 5416 5512 5511
f 5416 5417 5513 5512
f 5417 5418 5514 5513
f 5418 5419 5515 5514
f 5419 5420 5516 5515
f 5420 5421 5517 5516
f 5421 5422 5518 5517
f 5422 5423 5519 5518
f 5423 5424 5520 5519
f 5424 5425 5521 5520
f 5425 5426 5522 5521
f 5426 5427 5523 5522
f 5427 5428 5524 5523
f 5428 5429 5525 5524
f 5429 5430 5526 5525
f 5430 5431 5527 5526
f 5431 5432 5528 5527
f 5432 5433 5529 5528
f 5433 5434 5530 5529
f 5434 5435 5531 5530
f 5435 5436 5532 5531
f 5436 5437 5533 5532
f 5437 5438 5534 5533
f 5438 5439 5535 5534
f 5439 5440 5536 5535
f 5440 5441 5537 5536
f 5441 5442 5538 5537
f 5442 5443 5539 5538
f 5443 5444 5540 5539
f 5444 5445 5541 5540
f 5445 5446 5542 5541
f 5446 5447 5543 5542
f 5447 5448 5544 5543
f 5448 5449 5545 5544
f 5449 5450 5546 5545
f 5450 5451 5547 5546
f 5451 5452 5548 5547
f 5452 5453 5549 5548
f 5453 5454 5550 5549
f 5454 5455 5551 5550
f 5455 5456 5552 5551
f 5456 5457 5553 5552
f 5457 5458 5554 5553
f 5458 5459 5555 5554
f 5459 5460 5556 5555
f 5460 5461 5557 5556
f 5461 5462 5558 5557
f 5462 5463 5559 5558
f 5463 5464 5560 5559
f 5464 5465 5561 5560
f 5465 5466 5562 5561
f 5466 5467 5563 5562
f 5467 5468 5564 5563
f 5468 5469 5565 5564
f 5469 5470 5566 5565
f 5470 5471 5567 5566
f 5471 5472 5568 5567
f 5472 5377 5473 5568
f 5473 5474 5570 5569
f 5474 5475 5571 5570
f 5475 5476 5572 5571
f 5476 5477 5573 5572
f 5477 5478 5574 5573
f 5478 5479 5575 5574
f 5479 5480 5576 5575
f 5480 5481 5577 5576
f 5481 5482 5578 5577
f 5482 5483 5579 5578
f 5483 5484 5580 5579
f 5484 5485 5581 5580
f 5485 5486 5582 5581
f 5486 5487 5583 5582
f 5487 5488 5584 5583
f 5488 5489 5585 5584
f 5489 5490 5586 5585
f 5490 5491 5587 5586
f 5491 5492 5588 5587
f 5492 5493 5589 5588
f 5493 5494 5590 5589
f 5494 5495 5591 5590
f 5495 5496 5592 5591
f 5496 5497 5593 5592
f 5497 5498 5594 5593
f 5498 5499 5595 5594
f 5499 5500 5596 5595
f 5500 5501 5597 5596
f 5501 5502 5598 5597
f 5502 5503 5599 5598
f 5503 5504 5600 5599
f 5504 5505 5601 5600
f 5505 5506 5602 5601
f 5506 5507 5603 5602
f 5507 5508 5604 5603
f 5508 5509 5605 5604
f 5509 5510 5606 5605
f 5510 5511 5607 5606
f 5511 5512 5608 5607
f 5512 5513 5609 5608
f 5513 5514 5610 5609
f 5514 5515 5611 5610
f 5515 5516 5612 5611
f 5516 5517 5613 5612
f 5517 5518 5614 5613
f 5518 5519 5615 5614
f 5519 5520 5616 5615
f 5520 5521 5617 5616
f 5521 5522 5618 5617
f 5522 5523 5619 5618
f 5523 5524 5620 5619
f 5524 5525 5621 5620
f 5525 5526 5622 5621
f 5526 5527 5623 5622
f 5527 5528 5624 5623
f 5528 5529 5625 5624
f 5529 5530 5626 5625
f 5530 5531 5627 5626
f 5531 5532 5628 5627
f 5532 5533 5629 5628
f 5533 5534 5630 5629
f 5534 5535 5631 5630
f 5535 5536 5632 5631
f 5536 5537 5633 5632
f 5537 5538 5634 5633
f 5538 5539 5635 5634
f 5539 5540 5636 5635
f 5540 5541 5637 5636
f 5541 5542 5638 5637
f 5542 5543 5639 5638
f 5543 5544 5640 5639
f 5544 5545 5641 5640
f 5545 5546 5642 5641
f 5546 5547 5643 5642
f 5547 5548 5644 5643
f 5548 5549 5645 5644
f 5549 5550 5646 5645
f 5550 5551 5647 5646
f 5551 5552 5648 5647
f 5552 5553 5649 5648
f 5553 5554 5650 5649
f 5554 5555 5651 5650
f 5555 5556 5652 5651
f 5556 5557 5653 5652
f 5557 5558 5654 5653
f 5558 5559 5655 5654
f 5559 5560 5656 5655
f 5560 5561 5657 5656
f 5561 5562 5658 5657
f 5562 5563 5659 5658
f 5563 5564 5660 5659
f 5564 5565 5661 5660
f 5565 5566 5662 5661
f 5566 5567 5663 5662
f 5567 5568 5664 5663
f 5568 5473 5569 5664
f 5569 5570 5666 5665
f 5570 5571 5667 5666
f 5571 5572 5668 5667
f 5572 5573 5669 5668
f 5573 5574 5670 5669
f 5574 5575 5671 5670
f 5575 5576 5672 5671
f 5576 5577 5673 5672
f 5577 5578 5674 5673
f 5578 5579 5675 5674
f 5579 5580 5676 5675
f 5580 5581 5677 5676
f 5581 5582 5678 5677
f 5582 5583 5679 5678
f 5583 5584 5680 5679
f 5584 5585 5681 5680
f 5585 5586 5682 5681
f 5586 5587 5683 5682
f 5587 5588 5684 5683
f 5588 5589 5685 5684
f 5589 5590 5686 5685
f 5590 5591 5687 5686
f 5591 5592 5688 5687
f 5592 5593 5689 5688
f 5593 5594 5690 5689
f 5594 5595 5691 5690
f 5595 5596 5692 5691
f 5596 5597 5693 5692
f 5597 5598 5694 5693
f 5598 5599 5695 5694
f 5599 5600 5696 5695
f 5600 5601 5697 5696
f 5601 5602 5698 5697
f 5602 5603 5699 5698
f 5603 5604 5700 5699
f 5604 5605 5701 5700
f 5605 5606 5702 5701
f 5606 5607 5703 5702
f 5607 5608 5704 5703
f 5608 5609 5705 5704
f 5609 5610 5706 5705
f 5610 5611 5707 5706
f 5611 5612 5708 5707
f 5612 5613 5709 5708
f 5613 5614 5710 5709
f 5614 5615 5711 5710
f 5615 5616 5712 5711
f 5616 5617 5713 5712
f 5617 5618 5714 5713
f 5618 5619 5715 5714
f 5619 5620 5716 5715
f 5620 5621 5717 5716
f 5621 5622 5718 5717
f 5622 5623 5719 5718
f 5623 5624 5720 5719
f 5624 5625 5721 5720
f 5625 5626 5722 5721
f 5626 5627 5723 5722
f 5627 5628 5724 5723
f 5628 5629 5725 5724
f 5629 5630 5726 5725
f 5630 5631 5727 5726
f 5631 5632 5728 5727
f 5632 5633 5729 5728
f 5633 5634 5730 5729
f 5634 5635 5731 5730
f 5635 5636 5732 5731
f 5636 5637 5733 5732
f 5637 5638 5734 5733
f 5638 5639 5735 5734
f 5639 5640 5736 5735
f 5640 5641 5737 5736
f 5641 5642 5738 5737
f 5642 5643 5739 5738
f 5643 5644 5740 5739
f 5644 5645 5741 5740
f 5645 5646 5742 5741
f 5646 5647 5743 5742
f 5647 5648 5744 5743
f 5648 5649 5745 5744
f 5649 5650 5746 5745
f 5650 5651 5747 5746
f 5651 5652 5748 5747
f 5652 5653 5749 5748
f 5653 5654 5750 5749
f 5654 5655 5751 5750
f 5655 5656 5752 5751
f 5656 5657 5753 5752
f 5657 5658 5754 5753
f 5658 5659 5755 5754
f 5659 5660 5756 5755
f 5660 5661 5757 5756
f 5661 5662 5758 5757
f 5662 5663 5759 5758
f 5663 5664 5760 5759
f 5664 5569 5665 5760
f 5665 5666 5762 5761
f 5666 5667 5763 5762
f 5667 5668 5764 5763
f 5668 5669 5765 5764
f 5669 5670 5766 5765
f 5670 5671 5767 5766
f 5671 5672 5768 5767
f 5672 5673 5769 5768
f 5673 5674 5770 5769
f 5674 5675 5771 5770
f 5675 5676 5772 5771
f 5676 5677 5773 5772
f 5677 5678 5774 5773
f 5678 5679 5775 5774
f 5679 5680 5776 5775
f 5680 5681 5777 5776
f 5681 5682 5778 5777
f 5682 5683 5779 5778
f 5683 5684 5780 5779
f 5684 5685 5781 5780
f 5685 5686 5782 5781
f 5686 5687 5783 5782
f 5687 5688 5784 5783
f 5688 5689 5785 5784
f 5689 5690 5786 5785
f 5690 5691 5787 5786
f 5691 5692 5788 5787
f 5692 5693 5789 5788
f 5693 5694 5790 5789
f 5694 5695 5791 5790
f 5695 5696 5792 5791
f 5696 5697 5793 5792
f 5697 5698 5794 5793
f 5698 5699 5795 5794
f 5699 5700 5796 5795
f 5700 5701 5797 5796
f 5701 5702 5798 5797
f 5702 5703 5799 5798
f 5703 5704 5800 5799
f 5704 5705 5801 5800
f 5705 5706 5802 5801
f 5706 5707 5803 5802
f 5707 5708 5804 5803
f 5708 5709 5805 5804
f 5709 5710 5806 5805
f 5710 5711 5807 5806
f 5711 5712 5808 5807
f 5712 5713 5809 5808
f 5713 5714 5810 5809
f 5714 5715 5811 5810
f 5715 5716 5812 5811
f 5716 5717 5813 5812
f 5717 5718 5814 5813
f 5718 5719 5815 5814
f 5719 5720 5816 5815
f 5720 5721 5817 5816
f 5721 5722 5818 5817
f 5722 5723 5819 5818
f 5723 5724 5820 5819
f 5724 5725 5821 5820
f 5725 5726 5822 5821
f 5726 5727 5823 5822
f 5727 5728 5824 5823
f 5728 5729 5825 5824
f 5729 5730 5826 5825
f 5730 5731 5827 5826
f 5731 5732 5828 5827
f 5732 5733 5829 5828
f 5733 5734 5830 5829
f 5734 5735 5831 5830
f 5735 5736 5832 5831
f 5736 5737 5833 5832
f 5737 5738 5834 5833
f 5738 5739 5835 5834
f 5739 5740 5836 5835
f 5740 5741 5837 5836
f 5741 5742 5838 5837
f 5742 5743 5839 5838
f 5743 5744 5840 5839
f 5744 5745 5841 5840
f 5745 5746 5842 5841
f 5746 5747 5843 5842
f 5747 5748 5844 5843
f 5748 5749 5845 5844
f 5749 5750 5846 5845
f 5750 5751 5847 5846
f 5751 5752 5848 5847
f 5752 5753 5849 5848
f 5753 5754 5850 5849
f 5754 5755 5851 5850
f 5755 5756 5852 5851
f 5756 5757 5853 5852
f 5757 5758 5854 5853
f 5758 5759 5855 5854
f 5759 5760 5856 5855
f 5760 5665 5761 5856
f 5761 5762 5858 5857
f 5762 5763 5859 5858
f 5763 5764 5860 5859
f 5764 5765 5861 5860
f 5765 5766 5862 5861
f 5766 5767 5863 5862
f 5767 5768 5864 5863
f 5768 5769 5865 5864
f 5769 5770 5866 5865
f 5770 5771 5867 5866
f 5771 5772 5868 5867
f 5772 5773 5869 5868
f 5773 5774 5870 5869
f 5774 5775 5871 5870
f 5775 5776 5872 5871
f 5776 5777 5873 5872
f 5777 5778 5874 5873
f 5778 5779 5875 5874
f 5779 5780 5876 5875
f 5780 5781 5877 5876
f 5781 5782 5878 5877
f 5782 5783 5879 5878
f 5783 5784 5880 5879
f 5784 5785 5881 5880
f 5785 5786 5882 5881
f 5786 5787 5883 5882
f 5787 5788 5884 5883
f 5788 5789 5885 5884
f 5789 5790 5886 5885
f 5790 5791 5887 5886
f 5791 5792 5888 5887
f 5792 5793 5889 5888
f 5793 5794 5890 5889
f 5794 5795 5891 5890
f 5795 5796 5892 5891
f 5796 5797 5893 5892
f 5797 5798 5894 5893
f 5798 5799 5895 5894
f 5799 5800 5896 5895
f 5800 5801 5897 5896
f 5801 5802 5898 5897
f 5802 5803 5899 5898
f 5803 5804 5900 5899
f 5804 5805 5901 5900
f 5805 5806 5902 5901
f 5806 5807 5903 5902
f 5807 5808 5904 5903
f 5808 5809 5905 5904
f 5809 5810 5906 5905
f 5810 5811 5907 5906
f 5811 5812 5908 5907
f 5812 5813 5909 5908
f 5813 5814 5910 5909
f 5814 5815 5911 5910
f 5815 5816 5912 5911
f 5816 5817 5913 5912
f 5817 5818 5914 5913
f 5818 5819 5915 5914
f 5819 5820 5916 5915
f 5820 5821 5917 5916
f 5821 5822 5918 5917
f 5822 5823 5919 5918
f 5823 5824 5920 5919
f 5824 5825 5921 5920
f 5825 5826 5922 5921
f 5826 5827 5923 5922
f 5827 5828 5924 5923
f 5828 5829 5925 5924
f 5829 5830 5926 5925
f 5830 5831 5927 5926
f 5831 5832 5928 5927
f 5832 5833 5929 5928
f 5833 5834 5930 5929
f 5834 5835 5931 5930
f 5835 5836 5932 5931
f 5836 5837 5933 5932
f 5837 5838 5934 5933
f 5838 5839 5935 5934
f 5839 5840 5936 5935
f 5840 5841 5937 5936
f 5841 5842 5938 5937
f 5842 5843 5939 5938
f 5843 5844 5940 5939
f 5844 5845 5941 5940
f 5845 5846 5942 5941
f 5846 5847 5943 5942
f 5847 5848 5944 5943
f 5848 5849 5945 5944
f 5849 5850 5946 5945
f 5850 5851 5947 5946
f 5851 5852 5948 5947
f 5852 5853 5949 5948
f 5853 5854 5950 5949
f 5854 5855 5951 5950
f 5855 5856 5952 5951
f 5856 5761 5857 5952
f 5857 5858 5954 5953
f 5858 5859 5955 5954
f 5859 5860 5956 5955
f 5860 5861 5957 5956
f 5861 5862 5958 5957
f 5862 5863 5959 5958
f 5863 5864 5960 5959
f 5864 5865 5961 5960
f 5865 5866 5962 5961
f 5866 5867 5963 5962
f 5867 5868 5964 5963
f 5868 5869 5965 5964
f 5869 5870 5966 5965
f 5870 5871 5967 5966
f 5871 5872 5968 5967
f 5872 5873 5969 5968
f 5873 5874 5970 5969
f 5874 5875 5971 5970
f 5875 5876 5972 5971
f 5876 5877 5973 5972
f 5877 5878 5974 5973
f 5878 5879 5975 5974
f 5879 5880 5976 5975
f 5880 5881 5977 5976
f 5881 5882 5978 5977
f 5882 5883 5979 5978
f 5883 5884 5980 5979
f 5884 5885 5981 5980
f 5885 5886 5982 5981
f 5886 5887 5983 5982
f 5887 5888 5984 5983
f 5888 5889 5985 5984
f 5889 5890 5986 5985
f 5890 5891 5987 5986
f 5891 5892 5988 5987
f 5892 5893 5989 5988
f 5893 5894 5990 5989
f 5894 5895 5991 5990
f 5895 5896 5992 5991
f 5896 5897 5993 5992
f 5897 5898 5994 5993
f 5898 5899 5995 5994
f 5899 5900 5996 5995
f 5900 5901 5997 5996
f 5901 5902 5998 5997
f 5902 5903 5999 5998
f 5903 5904 6000 5999
f 5904 5905 6001 6000
f 5905 5906 6002 6001
f 5906 5907 6003 6002
f 5907 5908 6004 6003
f 5908 5909 6005 6004
f 5909 5910 6006 6005
f 5910 5911 6007 6006
f 5911 5912 6008 6007
f 5912 5913 6009 6008
f 5913 5914 6010 6009
f 5914 5915 6011 6010
f 5915 5916 6012 6011
f 5916 5917 6013 6012
f 5917 5918 6014 6013
f 5918 5919 6015 6014
f 5919 5920 6016 6015
f 5920 5921 6017 6016
f 5921 5922 6018 6017
f 5922 5923 6019 6018
f 5923 5924 6020 6019
f 5924 5925 6021 6020
f 5925 5926 6022 6021
f 5926 5927 6023 6022
f 5927 5928 6024 6023
f 5928 5929 6025 6024
f 5929 5930 6026 6025
f 5930 5931 6027 6026
f 5931 5932 6028 6027
f 5932 5933 6029 6028
f 5933 5934 6030 6029
f 5934 5935 6031 6030
f 5935 5936 6032 6031
f 5936 5937 6033 6032
f 5937 5938 6034 6033
f 5938 5939 6035 6034
f 5939 5940 6036 6035
f 5940 5941 6037 6036
f 5941 5942 6038 6037
f 5942 5943 6039 6038
f 5943 5944 6040 6039
f 5944 5945 6041 6040
f 5945 5946 6042 6041
f 5946 5947 6043 6042
f 5947 5948 6044 6043
f 5948 5949 6045 6044
f 5949 5950 6046 6045
f 5950 5951 6047 6046
f 5951 5952 6048 6047
f 5952 5857 5953 6048
f 5953 5954 6050 6049
f 5954 5955 6051 6050
f 5955 5956 6052 6051
f 5956 5957 6053 6052
f 5957 5958 6054 6053
f 5958 5959 6055 6054
f 5959 5960 6056 6055
f 5960 5961 6057 6056
f 5961 5962 6058 6057
f 5962 5963 6059 6058
f 5963 5964 6060 6059
f 5964 5965 6061 6060
f 5965 5966 6062 6061
f 5966 5967 6063 6062
f 5967 5968 6064 6063
f 5968 5969 6065 6064
f 5969 5970 6066 6065
f 5970 5971 6067 6066
f 5971 5972 6068 6067
f 5972 5973 6069 6068
f 5973 5974 6070 6069
f 5974 5975 6071 6070
f 5975 5976 6072 6071
f 5976 5977 6073 6072
f 5977 5978 6074 6073
f 5978 5979 6075 6074
f 5979 5980 6076 6075
f 5980 5981 6077 6076
f 5981 5982 6078 6077
f 5982 5983 6079 6078
f 5983 5984 6080 6079
f 5984 5985 6081 6080
f 5985 5986 6082 6081
f 5986 5987 6083 6082
f 5987 5988 6084 6083
f 5988 5989 6085 6084
f 5989 5990 6086 6085
f 5990 5991 6087 6086
f 5991 5992 6088 6087
f 5992 5993 6089 6088
f 5993 5994 6090 6089
f 5994 5995 6091 6090
f 5995 5996 6092 6091
f 5996 5997 6093 6092
f 5997 5998 6094 6093
f 5998 5999 6095 6094
f 5999 6000 6096 6095
f 6000 6001 6097 6096
f 6001 6002 6098 6097
f 6002 6003 6099 6098
f 6003 6004 6100 6099
f 6004 6005 6101 6100
f 6005 6006 6102 6101
f 6006 6007 6103 6102
f 6007 6008 6104 6103
f 6008 6009 6105 6104
f 6009 6010 6106 6105
f 6010 6011 6107 6106
f 6011 6012 6108 6107
f 6012 6013 6109 6108
f 6013 6014 6110 6109
f 6014 6015 6111 6110
f 6015 6016 6112 6111
f 6016 6017 6113 6112
f 6017 6018 6114 6113
f 6018 6019 6115 6114
f 6019 6020 6116 6115
f 6020 6021 6117 6116
f 6021 6022 6118 6117
f 6022 6023 6119 6118
f 6023 6024 6120 6119
f 6024 6025 6121 6120
f 6025 6026 6122 6121
f 6026 6027 6123 6122
f 6027 6028 6124 6123
f 6028 6029 6125 6124
f 6029 6030 6126 6125
f 6030 6031 6127 6126
f 6031 6032 6128 6127
f 6032 6033 6129 6128
f 6033 6034 6130 6129
f 6034 6035 6131 6130
f 6035 6036 6132 6131
f 6036 6037 6133 6132
f 6037 6038 6134 6133
f 6038 6039 6135 6134
f 6039 6040 6136 6135
f 6040 6041 6137 6136
f 6041 6042 6138 6137
f 6042 6043 6139 6138
f 6043 6044 6140 6139
f 6044 6045 6141 6140
f 6045 6046 6142 6141
f 6046 6047 6143 6142
f 6047 6048 6144 6143
f 6048 5953 6049 6144
f 6049 6050 6146 6145
f 6050 6051 6147 6146
f 6051 6052 6148 6147
f 6052 6053 6149 6148
f 6053 6054 6150 6149
f 6054 6055 6151 6150
f 6055 6056 6152 6151
f 6056 6057 6153 6152
f 6057 6058 6154 6153
f 6058 6059 6155 6154
f 6059 6060 6156 6155
f 6060 6061 6157 6156
f 6061 6062 6158 6157
f 6062 6063 6159 6158
f 6063 6064 6160 6159
f 6064 6065 6161 6160
f 6065 6066 6162 6161
f 6066 6067 6163 6162
f 6067 6068 6164 6163
f 6068 6069 6165 6164
f 6069 6070 6166 6165
f 6070 6071 6167 6166
f 6071 6072 6168 6167
f 6072 6073 6169 6168
f 6073 6074 6170 6169
f 6074 6075 6171 6170
f 6075 6076 6172 6171
f 6076 6077 6173 6172
f 6077 6078 6174 6173
f 6078 6079 6175 6174
f 6079 6080 6176 6175
f 6080 6081 6177 6176
f 6081 6082 6178 6177
f 6082 6083 6179 6178
f 6083 6084 6180 6179
f 6084 6085 6181 6180
f 6085 6086 6182 6181
f 6086 6087 6183 6182
f 6087 6088 6184 6183
f 6088 6089 6185 6184
f 6089 6090 6186 6185
f 6090 6091 6187 6186
f 6091 6092 6188 6187
f 6092 6093 6189 6188
f 6093 6094 6190 6189
f 6094 6095 6191 6190
f 6095 6096 6192 6191
f 6096 6097 6193 6192
f 6097 6098 6194 6193
f 6098 6099 6195 6194
f 6099 6100 6196 6195
f 6100 6101 6197 6196
f 6101 6102 6198 6197
f 6102 6103 6199 6198
f 6103 6104 6200 6199
f 6104 6105 6201 6200
f 6105 6106 6202 6201
f 6106 6107 6203 6202
f 6107 6108 6204 6203
f 6108 6109 6205 6204
f 6109 6110 6206 6205
f 6110 6111 6207 6206
f 6111 6112 6208 6207
f 6112 6113 6209 6208
f 6113 6114 6210 6209
f 6114 6115 6211 6210
f 6115 6116 6212 6211
f 6116 6117 6213 6212
f 6117 6118 6214 6213
f 6118 6119 6215 6214
f 6119 6120 6216 6215
f 6120 6121 6217 6216
f 6121 6122 6218 6217
f 6122 6123 6219 6218
f 6123 6124 6220 6219
f 6124 6125 6221 6220
f 6125 6126 6222 6221
f 6126 6127 6223 6222
f 6127 6128 6224 6223
f 6128 6129 6225 6224
f 6129 6130 6226 6225
f 6130 6131 6227 6226
f 6131 6132 6228 6227
f 6132 6133 6229 6228
f 6133 6134 6230 6229
f 6134 6135 6231 6230
f 6135 6136 6232 6231
f 6136 6137 6233 6232
f 6137 6138 6234 6233
f 6138 6139 6235 6234
f 6139 6140 6236 6235
f 6140 6141 6237 6236
f 6141 6142 6238 6237
f 6142 6143 6239 6238
f 6143 6144 6240 6239
f 6144 6049 6145 6240
f 6145 6146 6242 6241
f 6146 6147 6243 6242
f 6147 6148 6244 6243
f 6148 6149 6245 6244
f 6149 6150 6246 6245
f 6150 6151 6247 6246
f 6151 6152 6248 6247
f 6152 6153 6249 6248
f 6153 6154 6250 6249
f 6154 6155 6251 6250
f 6155 6156 6252 6251
f 6156 6157 6253 6252
f 6157 6158 6254 6253
f 6158 6159 6255 6254
f 6159 6160 6256 6255
f 6160 6161 6257 6256
f 6161 6162 6258 6257
f 6162 6163 6259 6258
f 6163 6164 6260 6259
f 6164 6165 6261 6260
f 6165 6166 6262 6261
f 6166 6167 6263 6262
f 6167 6168 6264 6263
f 6168 6169 6265 6264
f 6169 6170 6266 6265
f 6170 6171 6267 6266
f 6171 6172 6268 6267
f 6172 6173 6269 6268
f 6173 6174 6270 6269
f 6174 6175 6271 6270
f 6175 6176 6272 6271
f 6176 6177 6273 6272
f 6177 6178 6274 6273
f 6178 6179 6275 6274
f 6179 6180 6276 6275
f 6180 6181 6277 6276
f 6181 6182 6278 6277
f 6182 6183 6279 6278
f 6183 6184 6280 6279
f 6184 6185 6281 6280
f 6185 6186 6282 6281
f 6186 6187 6283 6282
f 6187 6188 6284 6283
f 6188 6189 6285 6284
f 6189 6190 6286 6285
f 6190 6191 6287 6286
f 6191 6192 6288 6287
f 6192 6193 6289 6288
f 6193 6194 6290 6289
f 6194 6195 6291 6290
f 6195 6196 6292 6291
f 6196 6197 6293 6292
f 6197 6198 6294 6293
f 6198 6199 6295 6294
f 6199 6200 6296 6295
f 6200 6201 6297 6296
f 6201 6202 6298 6297
f 6202 6203 6299 6298
f 6203 6204 6300 6299
f 6204 6205 6301 6300
f 6205 6206 6302 6301
f 6206 6207 6303 6302
f 6207 6208 6304 6303
f 6208 6209 6305 6304
f 6209 6210 6306 6305
f 6210 6211 6307 6306
f 6211 6212 6308 6307
f 6212 6213 6309 6308
f 6213 6214 6310 6309
f 6214 6215 6311 6310
f 6215 6216 6312 6311
f 6216 6217 6313 6312
f 6217 6218 6314 6313
f 6218 6219 6315 6314
f 6219 6220 6316 6315
f 6220 6221 6317 6316
f 6221 6222 6318 6317
f 6222 6223 6319 6318
f 6223 6224 6320 6319
f 6224 6225 6321 6320
f 6225 6226 6322 6321
f 6226 6227 6323 6322
f 6227 6228 6324 6323
f 6228 6229 6325 6324
f 6229 6230 6326 6325
f 6230 6231 6327 6326
f 6231 6232 6328 6327
f 6232 6233 6329 6328
f 6233 6234 6330 6329
f 6234 6235 6331 6330
f 6235 6236 6332 6331
f 6236 6237 6333 6332
f 6237 6238 6334 6333
f 6238 6239 6335 6334
f 6239 6240 6336 6335
f 6240 6145 6241 6336
f 6241 6242 6338 6337
f 6242 6243 6339 6338
f 6243 6244 6340 6339
f 6244 6245 6341 6340
f 6245 6246 6342 6341
f 6246 6247 6343 6342
f 6247 6248 6344 6343
f 6248 6249 6345 6344
f 6249 6250 6346 6345
f 6250 6251 6347 6346
f 6251 6252 6348 6347
f 6252 6253 6349 6348
f 6253 6254 6350 6349
f 6254 6255 6351 6350
f 6255 6256 6352 6351
f 6256 6257 6353 6352
f 6257 6258 6354 6353
f 6258 6259 6355 6354
f 6259 6260 6356 6355
f 6260 6261 6357 6356
f 6261 6262 6358 6357
f 6262 6263 6359 6358
f 6263 6264 6360 6359
f 6264 6265 6361 6360
f 6265 6266 6362 6361
f 6266 6267 6363 6362
f 6267 6268 6364 6363
f 6268 6269 6365 6364
f 6269 6270 6366 6365
f 6270 6271 6367 6366
f 6271 6272 6368 6367
f 6272 6273 6369 6368
f 6273 6274 6370 6369
f 6274 6275 6371 6370
f 6275 6276 6372 6371
f 6276 6277 6373 6372
f 6277 6278 6374 6373
f 6278 6279 6375 6374
f 6279 6280 6376 6375
f 6280 6281 6377 6376
f 6281 6282 6378 6377
f 6282 6283 6379 6378
f 6283 6284 6380 6379
f 6284 6285 6381 6380
f 6285 6286 6382 6381
f 6286 6287 6383 6382
f 6287 6288 6384 6383
f 6288 6289 6385 6384
f 6289 6290 6386 6385
f 6290 6291 6387 6386
f 6291 6292 6388 6387
f 6292 6293 6389 6388
f 6293 6294 6390 6389
f 6294 6295 6391 6390
f 6295 6296 6392 6391
f 6296 6297 6393 6392
f 6297 6298 6394 6393
f 6298 6299 6395 6394
f 6299 6300 6396 6395
f 6300 6301 6397 6396
f 6301 6302 6398 6397
f 6302 6303 6399 6398
f 6303 6304 6400 6399
f 6304 6305 6401 6400
f 6305 6306 6402 6401
f 6306 6307 6403 6402
f 6307 6308 6404 6403
f 6308 6309 6405 6404
f 6309 6310 6406 6405
f 6310 6311 6407 6406
f 6311 6312 6408 6407
f 6312 6313 6409 6408
f 6313 6314 6410 6409
f 6314 6315 6411 6410
f 6315 6316 6412 6411
f 6316 6317 6413 6412
f 6317 6318 6414 6413
f 6318 6319 6415 6414
f 6319 6320 6416 6415
f 6320 6321 6417 6416
f 6321 6322 6418 6417
f 6322 6323 6419 6418
f 6323 6324 6420 6419
f 6324 6325 6421 6420
f 6325 6326 6422 6421
f 6326 6327 6423 6422
f 6327 6328 6424 6423
f 6328 6329 6425 6424
f 6329 6330 6426 6425
f 6330 6331 6427 6426
f 6331 6332 6428 6427
f 6332 6333 6429 6428
f 6333 6334 6430 6429
f 6334 6335 6431 6430
f 6335 6336 6432 6431
f 6336 6241 6337 6432
f 6337 6338 6434 6433
f 6338 6339 6435 6434
f 6339 6340 6436 6435
f 6340 6341 6437 6436
f 6341 6342 6438 6437
f 6342 6343 6439 6438
f 6343 6344 6440 6439
f 6344 6345 6441 6440
f 6345 6346 6442 6441
f 6346 6347 6443 6442
f 6347 6348 6444 6443
f 6348 6349 6445 6444
f 6349 6350 6446 6445
f 6350 6351 6447 6446
f 6351 6352 6448 6447
f 6352 6353 6449 6448
f 6353 6354 6450 6449
f 6354 6355 6451 6450
f 6355 6356 6452 6451
f 6356 6357 6453 6452
f 6357 6358 6454 6453
f 6358 6359 6455 6454
f 6359 6360 6456 6455
f 6360 6361 6457 6456
f 6361 6362 6458 6457
f 6362 6363 6459 6458
f 6363 6364 6460 6459
f 6364 6365 6461 6460
f 6365 6366 6462 6461
f 6366 6367 6463 6462
f 6367 6368 6464 6463
f 6368 6369 6465 6464
f 6369 6370 6466 6465
f 6370 6371 6467 6466
f 6371 6372 6468 6467
f 6372 6373 6469 6468
f 6373 6374 6470 6469
f 6374 6375 6471 6470
f 6375 6376 6472 6471
f 6376 6377 6473 6472
f 6377 6378 6474 6473
f 6378 6379 6475 6474
f 6379 6380 6476 6475
f 6380 6381 6477 6476
f 6381 6382 6478 6477
f 6382 6383 6479 6478
f 6383 6384 6480 6479
f 6384 6385 6481 6480
f 6385 6386 6482 6481
f 6386 6387 6483 6482
f 6387 6388 6484 6483
f 6388 6389 6485 6484
f 6389 6390 6486 6485
f 6390 6391 6487 6486
f 6391 6392 6488 6487
f 6392 6393 6489 6488
f 6393 6394 6490 6489
f 6394 6395 6491 6490
f 6395 6396 6492 6491
f 6396 6397 6493 6492
f 6397 6398 6494 6493
f 6398 6399 6495 6494
f 6399 6400 6496 6495
f 6400 6401 6497 6496
f 6401 6402 6498 6497
f 6402 6403 6499 6498
f 6403 6404 6500 6499
f 6404 6405 6501 6500
f 6405 6406 6502 6501
f 6406 6407 6503 6502
f 6407 6408 6504 6503
f 6408 6409 6505 6504
f 6409 6410 6506 6505
f 6410 6411 6507 6506
f 6411 6412 6508 6507
f 6412 6413 6509 6508
f 6413 6414 6510 6509
f 6414 6415 6511 6510
f 6415 6416 6512 6511
f 6416 6417 6513 6512
f 6417 6418 6514 6513
f 6418 6419 6515 6514
f 6419 6420 6516 6515
f 6420 6421 6517 6516
f 6421 6422 6518 6517
f 6422 6423 6519 6518
f 6423 6424 6520 6519
f 6424 6425 6521 6520
f 6425 6426 6522 6521
f 6426 6427 6523 6522
f 6427 6428 6524 6523
f 6428 6429 6525 6524
f 6429 6430 6526 6525
f 6430 6431 6527 6526
f 6431 6432 6528 6527
f 6432 6337 6433 6528
f 6433 6434 6530 6529
f 6434 6435 6531 6530
f 6435 6436 6532 6531
f 6436 6437 6533 6532
f 6437 6438 6534 6533
f 6438 6439 6535 6534
f 6439 6440 6536 6535
f 6440 6441 6537 6536
f 6441 6442 6538 6537
f 6442 6443 6539 6538
f 6443 6444 6540 6539
f 6444 6445 6541 6540
f 6445 6446 6542 6541
f 6446 6447 6543 6542
f 6447 6448 6544 6543
f 6448 6449 6545 6544
f 6449 6450 6546 6545
f 6450 6451 6547 6546
f 6451 6452 6548 6547
f 6452 6453 6549 6548
f 6453 6454 6550 6549
f 6454 6455 6551 6550
f 6455 6456 6552 6551
f 6456 6457 6553 6552
f 6457 6458 6554 6553
f 6458 6459 6555 6554
f 6459 6460 6556 6555
f 6460 6461 6557 6556
f 6461 6462 6558 6557
f 6462 6463 6559 6558
f 6463 6464 6560 6559
f 6464 6465 6561 6560
f 6465 6466 6562 6561
f 6466 6467 6563 6562
f 6467 6468 6564 6563
f 6468 6469 6565 6564
f 6469 6470 6566 6565
f 6470 6471 6567 6566
f 6471 6472 6568 6567
f 6472 6473 6569 6568
f 6473 6474 6570 6569
f 6474 6475 6571 6570
f 6475 6476 6572 6571
f 6476 6477 6573 6572
f 6477 6478 6574 6573
f 6478 6479 6575 6574
f 6479 6480 6576 6575
f 6480 6481 6577 6576
f 6481 6482 6578 6577
f 6482 6483 6579 6578
f 6483 6484 6580 6579
f 6484 6485 6581 6580
f 6485 6486 6582 6581
f 6486 6487 6583 6582
f 6487 6488 6584 6583
f 6488 6489 6585 6584
f 6489 6490 6586 6585
f 6490 6491 6587 6586
f 6491 6492 6588 6587
f 6492 6493 6589 6588
f 6493 6494 6590 6589
f 6494 6495 6591 6590
f 6495 6496 6592 6591
f 6496 6497 6593 6592
f 6497 6498 6594 6593
f 6498 6499 6595 6594
f 6499 6500 6596 6595
f 6500 6501 6597 6596
f 6501 6502 6598 6597
f 6502 6503 6599 6598
f 6503 6504 6600 6599
f 6504 6505 6601 6600
f 6505 6506 6602 6601
f 6506 6507 6603 6602
f 6507 6508 6604 6603
f 6508 6509 6605 6604
f 6509 6510 6606 6605
f 6510 6511 6607 6606
f 6511 6512 6608 6607
f 6512 6513 6609 6608
f 6513 6514 6610 6609
f 6514 6515 6611 6610
f 6515 6516 6612 6611
f 6516 6517 6613 6612
f 6517 6518 6614 6613
f 6518 6519 6615 6614
f 6519 6520 6616 6615
f 6520 6521 6617 6616
f 6521 6522 6618 6617
f 6522 6523 6619 6618
f 6523 6524 6620 6619
f 6524 6525 6621 6620
f 6525 6526 6622 6621
f 6526 6527 6623 6622
f 6527 6528 6624 6623
f 6528 6433 6529 6624
f 6529 6530 6626 6625
f 6530 6531 6627 6626
f 6531 6532 6628 6627
f 6532 6533 6629 6628
f 6533 6534 6630 6629
f 6534 6535 6631 6630
f 6535 6536 6632 6631
f 6536 6537 6633 6632
f 6537 6538 6634 6633
f 6538 6539 6635 6634
f 6539 6540 6636 6635
f 6540 6541 6637 6636
f 6541 6542 6638 6637
f 6542 6543 6639 6638
f 6543 6544 6640 6639
f 6544 6545 6641 6640
f 6545 6546 6642 6641
f 6546 6547 6643 6642
f 6547 6548 6644 6643
f 6548 6549 6645 6644
f 6549 6550 6646 6645
f 6550 6551 6647 6646
f 6551 6552 6648 6647
f 6552 6553 6649 6648
f 6553 6554 6650 6649
f 6554 6555 6651 6650
f 6555 6556 6652 6651
f 6556 6557 6653 6652
f 6557 6558 6654 6653
f 6558 6559 6655 6654
f 6559 6560 6656 6655
f 6560 6561 6657 6656
f 6561 6562 6658 6657
f 6562 6563 6659 6658
f 6563 6564 6660 6659
f 6564 6565 6661 6660
f 6565 6566 6662 6661
f 6566 6567 6663 6662
f 6567 6568 6664 6663
f 6568 6569 6665 6664
f 6569 6570 6666 6665
f 6570 6571 6667 6666
f 6571 6572 6668 6667
f 6572 6573 6669 6668
f 6573 6574 6670 6669
f 6574 6575 6671 6670
f 6575 6576 6672 6671
f 6576 6577 6673 6672
f 6577 6578 6674 6673
f 6578 6579 6675 6674
f 6579 6580 6676 6675
f 6580 6581 6677 6676
f 6581 6582 6678 6677
f 6582 6583 6679 6678
f 6583 6584 6680 6679
f 6584 6585 6681 6680
f 6585 6586 6682 6681
f 6586 6587 6683 6682
f 6587 6588 6684 6683
f 6588 6589 6685 6684
f 6589 6590 6686 6685
f 6590 6591 6687 6686
f 6591 6592 6688 6687
f 6592 6593 6689 6688
f 6593 6594 6690 6689
f 6594 6595 6691 6690
f 6595 6596 6692 6691
f 6596 6597 6693 6692
f 6597 6598 6694 6693
f 6598 6599 6695 6694
f 6599 6600 6696 6695
f 6600 6601 6697 6696
f 6601 6602 6698 6697
f 6602 6603 6699 6698
f 6603 6604 6700 6699
f 6604 6605 6701 6700
f 6605 6606 6702 6701
f 6606 6607 6703 6702
f 6607 6608 6704 6703
f 6608 6609 6705 6704
f 6609 6610 6706 6705
f 6610 6611 6707 6706
f 6611 6612 6708 6707
f 6612 6613 6709 6708
f 6613 6614 6710 6709
f 6614 6615 6711 6710
f 6615 6616 6712 6711
f 6616 6617 6713 6712
f 6617 6618 6714 6713
f 6618 6619 6715 6714
f 6619 6620 6716 6715
f 6620 6621 6717 6716
f 6621 6622 6718 6717
f 6622 6623 6719 6718
f 6623 6624 6720 6719
f 6624 6529 6625 6720
f 6625 6626 6722 6721
f 6626 6627 6723 6722
f 6627 6628 6724 6723
f 6628 6629 6725 6724
f 6629 6630 6726 6725
f 6630 6631 6727 6726
f 6631 6632 6728 6727
f 6632 6633 6729 6728
f 6633 6634 6730 6729
f 6634 6635 6731 6730
f 6635 6636 6732 6731
f 6636 6637 6733 6732
f 6637 6638 6734 6733
f 6638 6639 6735 6734
f 6639 6640 6736 6735
f 6640 6641 6737 6736
f 6641 6642 6738 6737
f 6642 6643 6739 6738
f 6643 6644 6740 6739
f 6644 6645 6741 6740
f 6645 6646 6742 6741
f 6646 6647 6743 6742
f 6647 6648 6744 6743
f 6648 6649 6745 6744
f 6649 6650 6746 6745
f 6650 6651 6747 6746
f 6651 6652 6748 6747
f 6652 6653 6749 6748
f 6653 6654 6750 6749
f 6654 6655 6751 6750
f 6655 6656 6752 6751
f 6656 6657 6753 6752
f 6657 6658 6754 6753
f 6658 6659 6755 6754
f 6659 6660 6756 6755
f 6660 6661 6757 6756
f 6661 6662 6758 6757
f 6662 6663 6759 6758
f 6663 6664 6760 6759
f 6664 6665 6761 6760
f 6665 6666 6762 6761
f 6666 6667 6763 6762
f 6667 6668 6764 6763
f 6668 6669 6765 6764
f 6669 6670 6766 6765
f 6670 6671 6767 6766
f 6671 6672 6768 6767
f 6672 6673 6769 6768
f 6673 6674 6770 6769
f 6674 6675 6771 6770
f 6675 6676 6772 6771
f 6676 6677 6773 6772
f 6677 6678 6774 6773
f 6678 6679 6775 6774
f 6679 6680 6776 6775
f 6680 6681 6777 6776
f 6681 6682 6778 6777
f 6682 6683 6779 6778
f 6683 6684 6780 6779
f 6684 6685 6781 6780
f 6685 6686 6782 6781
f 6686 6687 6783 6782
f 6687 6688 6784 6783
f 6688 6689 6785 6784
f 6689 6690 6786 6785
f 6690 6691 6787 6786
f 6691 6692 6788 6787
f 6692 6693 6789 6788
f 6693 6694 6790 6789
f 6694 6695 6791 6790
f 6695 6696 6792 6791
f 6696 6697 6793 6792
f 6697 6698 6794 6793
f 6698 6699 6795 6794
f 6699 6700 6796 6795
f 6700 6701 6797 6796
f 6701 6702 6798 6797
f 6702 6703 6799 6798
f 6703 6704 6800 6799
f 6704 6705 6801 6800
f 6705 6706 6802 6801
f 6706 6707 6803 6802
f 6707 6708 6804 6803
f 6708 6709 6805 6804
f 6709 6710 6806 6805
f 6710 6711 6807 6806
f 6711 6712 6808 6807
f 6712 6713 6809 6808
f 6713 6714 6810 6809
f 6714 6715 6811 6810
f 6715 6716 6812 6811
f 6716 6717 6813 6812
f 6717 6718 6814 6813
f 6718 6719 6815 6814
f 6719 6720 6816 6815
f 6720 6625 6721 6816
f 6721 6722 6818 6817
f 6722 6723 6819 6818
f 6723 6724 6820 6819
f 6724 6725 6821 6820
f 6725 6726 6822 6821
f 6726 6727 6823 6822
f 6727 6728 6824 6823
f 6728 6729 6825 6824
f 6729 6730 6826 6825
f 6730 6731 6827 6826
f 6731 6732 6828 6827
f 6732 6733 6829 6828
f 6733 6734 6830 6829
f 6734 6735 6831 6830
f 6735 6736 6832 6831
f 6736 6737 6833 6832
f 6737 6738 6834 6833
f 6738 6739 6835 6834
f 6739 6740 6836 6835
f 6740 6741 6837 6836
f 6741 6742 6838 6837
f 6742 6743 6839 6838
f 6743 6744 6840 6839
f 6744 6745 6841 6840
f 6745 6746 6842 6841
f 6746 6747 6843 6842
f 6747 6748 6844 6843
f 6748 6749 6845 6844
f 6749 6750 6846 6845
f 6750 6751 6847 6846
f 6751 6752 6848 6847
f 6752 6753 6849 6848
f 6753 6754 6850 6849
f 6754 6755 6851 6850
f 6755 6756 6852 6851
f 6756 6757 6853 6852
f 6757 6758 6854 6853
f 6758 6759 6855 6854
f 6759 6760 6856 6855
f 6760 6761 6857 6856
f 6761 6762 6858 6857
f 6762 6763 6859 6858
f 6763 6764 6860 6859
f 6764 6765 6861 6860
f 6765 6766 6862 6861
f 6766 6767 6863 6862
f 6767 6768 6864 6863
f 6768 6769 6865 6864
f 6769 6770 6866 6865
f 6770 6771 6867 6866
f 6771 6772 6868 6867
f 6772 6773 6869 6868
f 6773 6774 6870 6869
f 6774 6775 6871 6870
f 6775 6776 6872 6871
f 6776 6777 6873 6872
f 6777 6778 6874 6873
f 6778 6779 6875 6874
f 6779 6780 6876 6875
f 6780 6781 6877 6876
f 6781 6782 6878 6877
f 6782 6783 6879 6878
f 6783 6784 6880 6879
f 6784 6785 6881 6880
f 6785 6786 6882 6881
f 6786 6787 6883 6882
f 6787 6788 6884 6883
f 6788 6789 6885 6884
f 6789 6790 6886 6885
f 6790 6791 6887 6886
f 6791 6792 6888 6887
f 6792 6793 6889 6888
f 6793 6794 6890 6889
f 6794 6795 6891 6890
f 6795 6796 6892 6891
f 6796 6797 6893 6892
f 6797 6798 6894 6893
f 6798 6799 6895 6894
f 6799 6800 6896 6895
f 6800 6801 6897 6896
f 6801 6802 6898 6897
f 6802 6803 6899 6898
f 6803 6804 6900 6899
f 6804 6805 6901 6900
f 6805 6806 6902 6901
f 6806 6807 6903 6902
f 6807 6808 6904 6903
f 6808 6809 6905 6904
f 6809 6810 6906 6905
f 6810 6811 6907 6906
f 6811 6812 6908 6907
f 6812 6813 6909 6908
f 6813 6814 6910 6909
f 6814 6815 6911 6910
f 6815 6816 6912 6911
f 6816 6721 6817 6912
f 6817 6818 6914 6913
f 6818 6819 6915 6914
f 6819 6820 6916 6915
f 6820 6821 6917 6916
f 6821 6822 6918 6917
f 6822 6823 6919 6918
f 6823 6824 6920 6919
f 6824 6825 6921 6920
f 6825 6826 6922 6921
f 6826 6827 6923 6922
f 6827 6828 6924 6923
f 6828 6829 6925 6924
f 6829 6830 6926 6925
f 6830 6831 6927 6926
f 6831 6832 6928 6927
f 6832 6833 6929 6928
f 6833 6834 6930 6929
f 6834 6835 6931 6930
f 6835 6836 6932 6931
f 6836 6837 6933 6932
f 6837 6838 6934 6933
f 6838 6839 6935 6934
f 6839 6840 6936 6935
f 6840 6841 6937 6936
f 6841 6842 6938 6937
f 6842 6843 6939 6938
f 6843 6844 6940 6939
f 6844 6845 6941 6940
f 6845 6846 6942 6941
f 6846 6847 6943 6942
f 6847 6848 6944 6943
f 6848 6849 6945 6944
f 6849 6850 6946 6945
f 6850 6851 6947 6946
f 6851 6852 6948 6947
f 6852 6853 6949 6948
f 6853 6854 6950 6949
f 6854 6855 6951 6950
f 6855 6856 6952 6951
f 6856 6857 6953 6952
f 6857 6858 6954 6953
f 6858 6859 6955 6954
f 6859 6860 6956 6955
f 6860 6861 6957 6956
f 6861 6862 6958 6957
f 6862 6863 6959 6958
f 6863 6864 6960 6959
f 6864 6865 6961 6960
f 6865 6866 6962 6961
f 6866 6867 6963 6962
f 6867 6868 6964 6963
f 6868 6869 6965 6964
f 6869 6870 6966 6965
f 6870 6871 6967 6966
f 6871 6872 6968 6967
f 6872 6873 6969 6968
f 6873 6874 6970 6969
f 6874 6875 6971 6970
f 6875 6876 6972 6971
f 6876 6877 6973 6972
f 6877 6878 6974 6973
f 6878 6879 6975 6974
f 6879 6880 6976 6975
f 6880 6881 6977 6976
f 6881 6882 6978 6977
f 6882 6883 6979 6978
f 6883 6884 6980 6979
f 6884 6885 6981 6980
f 6885 6886 6982 6981
f 6886 6887 6983 6982
f 6887 6888 6984 6983
f 6888 6889 6985 6984
f 6889 6890 6986 6985
f 6890 6891 6987 6986
f 6891 6892 6988 6987
f 6892 6893 6989 6988
f 6893 6894 6990 6989
f 6894 6895 6991 6990
f 6895 6896 6992 6991
f 6896 6897 6993 6992
f 6897 6898 6994 6993
f 6898 6899 6995 6994
f 6899 6900 6996 6995
f 6900 6901 6997 6996
f 6901 6902 6998 6997
f 6902 6903 6999 6998
f 6903 6904 7000 6999
f 6904 6905 7001 7000
f 6905 6906 7002 7001
f 6906 6907 7003 7002
f 6907 6908 7004 7003
f 6908 6909 7005 7004
f 6909 6910 7006 7005
f 6910 6911 7007 7006
f 6911 6912 7008 7007
f 6912 6817 6913 7008
f 6913 6914 7010 7009
f 6914 6915 7011 7010
f 6915 6916 7012 7011
f 6916 6917 7013 7012
f 6917 6918 7014 7013
f 6918 6919 7015 7014
f 6919 6920 7016 7015
f 6920 6921 7017 7016
f 6921 6922 7018 7017
f 6922 6923 7019 7018
f 6923 6924 7020 7019
f 6924 6925 7021 7020
f 6925 6926 7022 7021
f 6926 6927 7023 7022
f 6927 6928 7024 7023
f 6928 6929 7025 7024
f 6929 6930 7026 7025
f 6930 6931 7027 7026
f 6931 6932 7028 7027
f 6932 6933 7029 7028
f 6933 6934 7030 7029
f 6934 6935 7031 7030
f 6935 6936 7032 7031
f 6936 6937 7033 7032
f 6937 6938 7034 7033
f 6938 6939 7035 7034
f 6939 6940 7036 7035
f 6940 6941 7037 7036
f 6941 6942 7038 7037
f 6942 6943 7039 7038
f 6943 6944 7040 7039
f 6944 6945 7041 7040
f 6945 6946 7042 7041
f 6946 6947 7043 7042
f 6947 6948 7044 7043
f 6948 6949 7045 7044
f 6949 6950 7046 7045
f 6950 6951 7047 7046
f 6951 6952 7048 7047
f 6952 6953 7049 7048
f 6953 6954 7050 7049
f 6954 6955 7051 7050
f 6955 6956 7052 7051
f 6956 6957 7053 7052
f 6957 6958 7054 7053
f 6958 6959 7055 7054
f 6959 6960 7056 7055
f 6960 6961 7057 7056
f 6961 6962 7058 7057
f 6962 6963 7059 7058
f 6963 6964 7060 7059
f 6964 6965 7061 7060
f 6965 6966 7062 7061
f 6966 6967 7063 7062
f 6967 6968 7064 7063
f 6968 6969 7065 7064
f 6969 6970 7066 7065
f 6970 6971 7067 7066
f 6971 6972 7068 7067
f 6972 6973 7069 7068
f 6973 6974 7070 7069
f 6974 6975 7071 7070
f 6975 6976 7072 7071
f 6976 6977 7073 7072
f 6977 6978 7074 7073
f 6978 6979 7075 7074
f 6979 6980 7076 7075
f 6980 6981 7077 7076
f 6981 6982 7078 7077
f 6982 6983 7079 7078
f 6983 6984 7080 7079
f 6984 6985 7081 7080
f 6985 6986 7082 7081
f 6986 6987 7083 7082
f 6987 6988 7084 7083
f 6988 6989 7085 7084
f 6989 6990 7086 7085
f 6990 6991 7087 7086
f 6991 6992 7088 7087
f 6992 6993 7089 7088
f 6993 6994 7090 7089
f 6994 6995 7091 7090
f 6995 6996 7092 7091
f 6996 6997 7093 7092
f 6997 6998 7094 7093
f 6998 6999 7095 7094
f 6999 7000 7096 7095
f 7000 7001 7097 7096
f 7001 7002 7098 7097
f 7002 7003 7099 7098
f 7003 7004 7100 7099
f 7004 7005 7101 7100
f 7005 7006 7102 7101
f 7006 7007 7103 7102
f 7007 7008 7104 7103
f 7008 6913 7009 7104
f 7009 7010 7106 7105
f 7010 7011 7107 7106
f 7011 7012 7108 7107
f 7012 7013 7109 7108
f 7013 7014 7110 7109
f 7014 7015 7111 7110
f 7015 7016 7112 7111
f 7016 7017 7113 7112
f 7017 7018 7114 7113
f 7018 7019 7115 7114
f 7019 7020 7116 7115
f 7020 7021 7117 7116
f 7021 7022 7118 7117
f 7022 7023 7119 7118
f 7023 7024 7120 7119
f 7024 7025 7121 7120
f 7025 7026 7122 7121
f 7026 7027 7123 7122
f 7027 7028 7124 7123
f 7028 7029 7125 7124
f 7029 7030 7126 7125
f 7030 7031 7127 7126
f 7031 7032 7128 7127
f 7032 7033 7129 7128
f 7033 7034 7130 7129
f 7034 7035 7131 7130
f 7035 7036 7132 7131
f 7036 7037 7133 7132
f 7037 7038 7134 7133
f 7038 7039 7135 7134
f 7039 7040 7136 7135
f 7040 7041 7137 7136
f 7041 7042 7138 7137
f 7042 7043 7139 7138
f 7043 7044 7140 7139
f 7044 7045 7141 7140
f 7045 7046 7142 7141
f 7046 7047 7143 7142
f 7047 7048 7144 7143
f 7048 7049 7145 7144
f 7049 7050 7146 7145
f 7050 7051 7147 7146
f 7051 7052 7148 7147
f 7052 7053 7149 7148
f 7053 7054 7150 7149
f 7054 7055 7151 7150
f 7055 7056 7152 7151
f 7056 7057 7153 7152
f 7057 7058 7154 7153
f 7058 7059 7155 7154
f 7059 7060 7156 7155
f 7060 7061 7157 7156
f 7061 7062 7158 7157
f 7062 7063 7159 7158
f 7063 7064 7160 7159
f 7064 7065 7161 7160
f 7065 7066 7162 7161
f 7066 7067 7163 7162
f 7067 7068 7164 7163
f 7068 7069 7165 7164
f 7069 7070 7166 7165
f 7070 7071 7167 7166
f 7071 7072 7168 7167
f 7072 7073 7169 7168
f 7073 7074 7170 7169
f 7074 7075 7171 7170
f 7075 7076 7172 7171
f 7076 7077 7173 7172
f 7077 7078 7174 7173
f 7078 7079 7175 7174
f 7079 7080 7176 7175
f 7080 7081 7177 7176
f 7081 7082 7178 7177
f 7082 7083 7179 7178
f 7083 7084 7180 7179
f 7084 7085 7181 7180
f 7085 7086 7182 7181
f 7086 7087 7183 7182
f 7087 7088 7184 7183
f 7088 7089 7185 7184
f 7089 7090 7186 7185
f 7090 7091 7187 7186
f 7091 7092 7188 7187
f 7092 7093 7189 7188
f 7093 7094 7190 7189
f 7094 7095 7191 7190
f 7095 7096 7192 7191
f 7096 7097 7193 7192
f 7097 7098 7194 7193
f 7098 7099 7195 7194
f 7099 7100 7196 7195
f 7100 7101 7197 7196
f 7101 7102 7198 7197
f 7102 7103 7199 7198
f 7103 7104 7200 7199
f 7104 7009 7105 7200
f 7105 7106 7202 7201
f 7106 7107 7203 7202
f 7107 7108 7204 7203
f 7108 7109 7205 7204
f 7109 7110 7206 7205
f 7110 7111 7207 7206
f 7111 7112 7208 7207
f 7112 7113 7209 7208
f 7113 7114 7210 7209
f 7114 7115 7211 7210
f 7115 7116 7212 7211
f 7116 7117 7213 7212
f 7117 7118 7214 7213
f 7118 7119 7215 7214
f 7119 7120 7216 7215
f 7120 7121 7217 7216
f 7121 7122 7218 7217
f 7122 7123 7219 7218
f 7123 7124 7220 7219
f 7124 7125 7221 7220
f 7125 7126 7222 7221
f 7126 7127 7223 7222
f 7127 7128 7224 7223
f 7128 7129 7225 7224
f 7129 7130 7226 7225
f 7130 7131 7227 7226
f 7131 7132 7228 7227
f 7132 7133 7229 7228
f 7133 7134 7230 7229
f 7134 7135 7231 7230
f 7135 7136 7232 7231
f 7136 7137 7233 7232
f 7137 7138 7234 7233
f 7138 7139 7235 7234
f 7139 7140 7236 7235
f 7140 7141 7237 7236
f 7141 7142 7238 7237
f 7142 7143 7239 7238
f 7143 7144 7240 7239
f 7144 7145 7241 7240
f 7145 7146 7242 7241
f 7146 7147 7243 7242
f 7147 7148 7244 7243
f 7148 7149 7245 7244
f 7149 7150 7246 7245
f 7150 7151 7247 7246
f 7151 7152 7248 7247
f 7152 7153 7249 7248
f 7153 7154 7250 7249
f 7154 7155 7251 7250
f 7155 7156 7252 7251
f 7156 7157 7253 7252
f 7157 7158 7254 7253
f 7158 7159 7255 7254
f 7159 7160 7256 7255
f 7160 7161 7257 7256
f 7161 7162 7258 7257
f 7162 7163 7259 7258
f 7163 7164 7260 7259
f 7164 7165 7261 7260
f 7165 7166 7262 7261
f 7166 7167 7263 7262
f 7167 7168 7264 7263
f 7168 7169 7265 7264
f 7169 7170 7266 7265
f 7170 7171 7267 7266
f 7171 7172 7268 7267
f 7172 7173 7269 7268
f 7173 7174 7270 7269
f 7174 7175 7271 7270
f 7175 7176 7272 7271
f 7176 7177 7273 7272
f 7177 7178 7274 7273
f 7178 7179 7275 7274
f 7179 7180 7276 7275
f 7180 7181 7277 7276
f 7181 7182 7278 7277
f 7182 7183 7279 7278
f 7183 7184 7280 7279
f 7184 7185 7281 7280
f 7185 7186 7282 7281
f 7186 7187 7283 7282
f 7187 7188 7284 7283
f 7188 7189 7285 7284
f 7189 7190 7286 7285
f 7190 7191 7287 7286
f 7191 7192 7288 7287
f 7192 7193 7289 7288
f 7193 7194 7290 7289
f 7194 7195 7291 7290
f 7195 7196 7292 7291
f 7196 7197 7293 7292
f 7197 7198 7294 7293
f 7198 7199 7295 7294
f 7199 7200 7296 7295
f 7200 7105 7201 7296
f 7201 7202 7298 7297
f 7202 7203 7299 7298
f 7203 7204 7300 7299
f 7204 7205 7301 7300
f 7205 7206 7302 7301
f 7206 7207 7303 7302
f 7207 7208 7304 7303
f 7208 7209 7305 7304
f 7209 7210 7306 7305
f 7210 7211 7307 7306
f 7211 7212 7308 7307
f 7212 7213 7309 7308
f 7213 7214 7310 7309
f 7214 7215 7311 7310
f 7215 7216 7312 7311
f 7216 7217 7313 7312
f 7217 7218 7314 7313
f 7218 7219 7315 7314
f 7219 7220 7316 7315
f 7220 7221 7317 7316
f 7221 7222 7318 7317
f 7222 7223 7319 7318
f 7223 7224 7320 7319
f 7224 7225 7321 7320
f 7225 7226 7322 7321
f 7226 7227 7323 7322
f 7227 7228 7324 7323
f 7228 7229 7325 7324
f 7229 7230 7326 7325
f 7230 7231 7327 7326
f 7231 7232 7328 7327
f 7232 7233 7329 7328
f 7233 7234 7330 7329
f 7234 7235 7331 7330
f 7235 7236 7332 7331
f 7236 7237 7333 7332
f 7237 7238 7334 7333
f 7238 7239 7335 7334
f 7239 7240 7336 7335
f 7240 7241 7337 7336
f 7241 7242 7338 7337
f 7242 7243 7339 7338
f 7243 7244 7340 7339
f 7244 7245 7341 7340
f 7245 7246 7342 7341
f 7246 7247 7343 7342
f 7247 7248 7344 7343
f 7248 7249 7345 7344
f 7249 7250 7346 7345
f 7250 7251 7347 7346
f 7251 7252 7348 7347
f 7252 7253 7349 7348
f 7253 7254 7350 7349
f 7254 7255 7351 7350
f 7255 7256 7352 7351
f 7256 7257 7353 7352
f 7257 7258 7354 7353
f 7258 7259 7355 7354
f 7259 7260 7356 7355
f 7260 7261 7357 7356
f 7261 7262 7358 7357
f 7262 7263 7359 7358
f 7263 7264 7360 7359
f 7264 7265 7361 7360
f 7265 7266 7362 7361
f 7266 7267 7363 7362
f 7267 7268 7364 7363
f 7268 7269 7365 7364
f 7269 7270 7366 7365
f 7270 7271 7367 7366
f 7271 7272 7368 7367
f 7272 7273 7369 7368
f 7273 7274 7370 7369
f 7274 7275 7371 7370
f 7275 7276 7372 7371
f 7276 7277 7373 7372
f 7277 7278 7374 7373
f 7278 7279 7375 7374
f 7279 7280 7376 7375
f 7280 7281 7377 7376
f 7281 7282 7378 7377
f 7282 7283 7379 7378
f 7283 7284 7380 7379
f 7284 7285 7381 7380
f 7285 7286 7382 7381
f 7286 7287 7383 7382
f 7287 7288 7384 7383
f 7288 7289 7385 7384
f 7289 7290 7386 7385
f 7290 7291 7387 7386
f 7291 7292 7388 7387
f 7292 7293 7389 7388
f 7293 7294 7390 7389
f 7294 7295 7391 7390
f 7295 7296 7392 7391
f 7296 7201 7297 7392
f 7297 7298 7394 7393
f 7298 7299 7395 7394
f 7299 7300 7396 7395
f 7300 7301 7397 7396
f 7301 7302 7398 7397
f 7302 7303 7399 7398
f 7303 7304 7400 7399
f 7304 7305 7401 7400
f 7305 7306 7402 7401
f 7306 7307 7403 7402
f 7307 7308 7404 7403
f 7308 7309 7405 7404
f 7309 7310 7406 7405
f 7310 7311 7407 7406
f 7311 7312 7408 7407
f 7312 7313 7409 7408
f 7313 7314 7410 7409
f 7314 7315 7411 7410
f 7315 7316 7412 7411
f 7316 7317 7413 7412
f 7317 7318 7414 7413
f 7318 7319 7415 7414
f 7319 7320 7416 7415
f 7320 7321 7417 7416
f 7321 7322 7418 7417
f 7322 7323 7419 7418
f 7323 7324 7420 7419
f 7324 7325 7421 7420
f 7325 7326 7422 7421
f 7326 7327 7423 7422
f 7327 7328 7424 7423
f 7328 7329 7425 7424
f 7329 7330 7426 7425
f 7330 7331 7427 7426
f 7331 7332 7428 7427
f 7332 7333 7429 7428
f 7333 7334 7430 7429
f 7334 7335 7431 7430
f 7335 7336 7432 7431
f 7336 7337 7433 7432
f 7337 7338 7434 7433
f 7338 7339 7435 7434
f 7339 7340 7436 7435
f 7340 7341 7437 7436
f 7341 7342 7438 7437
f 7342 7343 7439 7438
f 7343 7344 7440 7439
f 7344 7345 7441 7440
f 7345 7346 7442 7441
f 7346 7347 7443 7442
f 7347 7348 7444 7443
f 7348 7349 7445 7444
f 7349 7350 7446 7445
f 7350 7351 7447 7446
f 7351 7352 7448 7447
f 7352 7353 7449 7448
f 7353 7354 7450 7449
f 7354 7355 7451 7450
f 7355 7356 7452 7451
f 7356 7357 7453 7452
f 7357 7358 7454 7453
f 7358 7359 7455 7454
f 7359 7360 7456 7455
f 7360 7361 7457 7456
f 7361 7362 7458 7457
f 7362 7363 7459 7458
f 7363 7364 7460 7459
f 7364 7365 7461 7460
f 7365 7366 7462 7461
f 7366 7367 7463 7462
f 7367 7368 7464 7463
f 7368 7369 7465 7464
f 7369 7370 7466 7465
f 7370 7371 7467 7466
f 7371 7372 7468 7467
f 7372 7373 7469 7468
f 7373 7374 7470 7469
f 7374 7375 7471 7470
f 7375 7376 7472 7471
f 7376 7377 7473 7472
f 7377 7378 7474 7473
f 7378 7379 7475 7474
f 7379 7380 7476 7475
f 7380 7381 7477 7476
f 7381 7382 7478 7477
f 7382 7383 7479 7478
f 7383 7384 7480 7479
f 7384 7385 7481 7480
f 7385 7386 7482 7481
f 7386 7387 7483 7482
f 7387 7388 7484 7483
f 7388 7389 7485 7484
f 7389 7390 7486 7485
f 7390 7391 7487 7486
f 7391 7392 7488 7487
f 7392 7297 7393 7488
f 7393 7394 7490 7489
f 7394 7395 7491 7490
f 7395 7396 7492 7491
f 7396 7397 7493 7492
f 7397 7398 7494 7493
f 7398 7399 7495 7494
f 7399 7400 7496 7495
f 7400 7401 7497 7496
f 7401 7402 7498 7497
f 7402 7403 7499 7498
f 7403 7404 7500 7499
f 7404 7405 7501 7500
f 7405 7406 7502 7501
f 7406 7407 7503 7502
f 7407 7408 7504 7503
f 7408 7409 7505 7504
f 7409 7410 7506 7505
f 7410 7411 7507 7506
f 7411 7412 7508 7507
f 7412 7413 7509 7508
f 7413 7414 7510 7509
f 7414 7415 7511 7510
f 7415 7416 7512 7511
f 7416 7417 7513 7512
f 7417 7418 7514 7513
f 7418 7419 7515 7514
f 7419 7420 7516 7515
f 7420 7421 7517 7516
f 7421 7422 7518 7517
f 7422 7423 7519 7518
f 7423 7424 7520 7519
f 7424 7425 7521 7520
f 7425 7426 7522 7521
f 7426 7427 7523 7522
f 7427 7428 7524 7523
f 7428 7429 7525 7524
f 7429 7430 7526 7525
f 7430 7431 7527 7526
f 7431 7432 7528 7527
f 7432 7433 7529 7528
f 7433 7434 7530 7529
f 7434 7435 7531 7530
f 7435 7436 7532 7531
f 7436 7437 7533 7532
f 7437 7438 7534 7533
f 7438 7439 7535 7534
f 7439 7440 7536 7535
f 7440 7441 7537 7536
f 7441 7442 7538 7537
f 7442 7443 7539 7538
f 7443 7444 7540 7539
f 7444 7445 7541 7540
f 7445 7446 7542 7541
f 7446 7447 7543 7542
f 7447 7448 7544 7543
f 7448 7449 7545 7544
f 7449 7450 7546 7545
f 7450 7451 7547 7546
f 7451 7452 7548 7547
f 7452 7453 7549 7548
f 7453 7454 7550 7549
f 7454 7455 7551 7550
f 7455 7456 7552 7551
f 7456 7457 7553 7552
f 7457 7458 7554 7553
f 7458 7459 7555 7554
f 7459 7460 7556 7555
f 7460 7461 7557 7556
f 7461 7462 7558 7557
f 7462 7463 7559 7558
f 7463 7464 7560 7559
f 7464 7465 7561 7560
f 7465 7466 7562 7561
f 7466 7467 7563 7562
f 7467 7468 7564 7563
f 7468 7469 7565 7564
f 7469 7470 7566 7565
f 7470 7471 7567 7566
f 7471 7472 7568 7567
f 7472 7473 7569 7568
f 7473 7474 7570 7569
f 7474 7475 7571 7570
f 7475 7476 7572 7571
f 7476 7477 7573 7572
f 7477 7478 7574 7573
f 7478 7479 7575 7574
f 7479 7480 7576 7575
f 7480 7481 7577 7576
f 7481 7482 7578 7577
f 7482 7483 7579 7578
f 7483 7484 7580 7579
f 7484 7485 7581 7580
f 7485 7486 7582 7581
f 7486 7487 7583 7582
f 7487 7488 7584 7583
f 7488 7393 7489 7584
f 7489 7490 7586 7585
f 7490 7491 7587 7586
f 7491 7492 7588 7587
f 7492 7493 7589 7588
f 7493 7494 7590 7589
f 7494 7495 7591 7590
f 7495 7496 7592 7591
f 7496 7497 7593 7592
f 7497 7498 7594 7593
f 7498 7499 7595 7594
f 7499 7500 7596 7595
f 7500 7501 7597 7596
f 7501 7502 7598 7597
f 7502 7503 7599 7598
f 7503 7504 7600 7599
f 7504 7505 7601 7600
f 7505 7506 7602 7601
f 7506 7507 7603 7602
f 7507 7508 7604 7603
f 7508 7509 7605 7604
f 7509 7510 7606 7605
f 7510 7511 7607 7606
f 7511 7512 7608 7607
f 7512 7513 7609 7608
f 7513 7514 7610 7609
f 7514 7515 7611 7610
f 7515 7516 7612 7611
f 7516 7517 7613 7612
f 7517 7518 7614 7613
f 7518 7519 7615 7614
f 7519 7520 7616 7615
f 7520 7521 7617 7616
f 7521 7522 7618 7617
f 7522 7523 7619 7618
f 7523 7524 7620 7619
f 7524 7525 7621 7620
f 7525 7526 7622 7621
f 7526 7527 7623 7622
f 7527 7528 7624 7623
f 7528 7529 7625 7624
f 7529 7530 7626 7625
f 7530 7531 7627 7626
f 7531 7532 7628 7627
f 7532 7533 7629 7628
f 7533 7534 7630 7629
f 7534 7535 7631 7630
f 7535 7536 7632 7631
f 7536 7537 7633 7632
f 7537 7538 7634 7633
f 7538 7539 7635 7634
f 7539 7540 7636 7635
f 7540 7541 7637 7636
f 7541 7542 7638 7637
f 7542 7543 7639 7638
f 7543 7544 7640 7639
f 7544 7545 7641 7640
f 7545 7546 7642 7641
f 7546 7547 7643 7642
f 7547 7548 7644 7643
f 7548 7549 7645 7644
f 7549 7550 7646 7645
f 7550 7551 7647 7646
f 7551 7552 7648 7647
f 7552 7553 7649 7648
f 7553 7554 7650 7649
f 7554 7555 7651 7650
f 7555 7556 7652 7651
f 7556 7557 7653 7652
f 7557 7558 7654 7653
f 7558 7559 7655 7654
f 7559 7560 7656 7655
f 7560 7561 7657 7656
f 7561 7562 7658 7657
f 7562 7563 7659 7658
f 7563 7564 7660 7659
f 7564 7565 7661 7660
f 7565 7566 7662 7661
f 7566 7567 7663 7662
f 7567 7568 7664 7663
f 7568 7569 7665 7664
f 7569 7570 7666 7665
f 7570 7571 7667 7666
f 7571 7572 7668 7667
f 7572 7573 7669 7668
f 7573 7574 7670 7669
f 7574 7575 7671 7670
f 7575 7576 7672 7671
f 7576 7577 7673 7672
f 7577 7578 7674 7673
f 7578 7579 7675 7674
f 7579 7580 7676 7675
f 7580 7581 7677 7676
f 7581 7582 7678 7677
f 7582 7583 7679 7678
f 7583 7584 7680 7679
f 7584 7489 7585 7680
f 7585 7586 7682 7681
f 7586 7587 7683 7682
f 7587 7588 7684 7683
f 7588 7589 7685 7684
f 7589 7590 7686 7685
f 7590 7591 7687 7686
f 7591 7592 7688 7687
f 7592 7593 7689 7688
f 7593 7594 7690 7689
f 7594 7595 7691 7690
f 7595 7596 7692 7691
f 7596 7597 7693 7692
f 7597 7598 7694 7693
f 7598 7599 7695 7694
f 7599 7600 7696 7695
f 7600 7601 7697 7696
f 7601 7602 7698 7697
f 7602 7603 7699 7698
f 7603 7604 7700 7699
f 7604 7605 7701 7700
f 7605 7606 7702 7701
f 7606 7607 7703 7702
f 7607 7608 7704 7703
f 7608 7609 7705 7704
f 7609 7610 7706 7705
f 7610 7611 7707 7706
f 7611 7612 7708 7707
f 7612 7613 7709 7708
f 7613 7614 7710 7709
f 7614 7615 7711 7710
f 7615 7616 7712 7711
f 7616 7617 7713 7712
f 7617 7618 7714 7713
f 7618 7619 7715 7714
f 7619 7620 7716 7715
f 7620 7621 7717 7716
f 7621 7622 7718 7717
f 7622 7623 7719 7718
f 7623 7624 7720 7719
f 7624 7625 7721 7720
f 7625 7626 7722 7721
f 7626 7627 7723 7722
f 7627 7628 7724 7723
f 7628 7629 7725 7724
f 7629 7630 7726 7725
f 7630 7631 7727 7726
f 7631 7632 7728 7727
f 7632 7633 7729 7728
f 7633 7634 7730 7729
f 7634 7635 7731 7730
f 7635 7636 7732 7731
f 7636 7637 7733 7732
f 7637 7638 7734 7733
f 7638 7639 7735 7734
f 7639 7640 7736 7735
f 7640 7641 7737 7736
f 7641 7642 7738 7737
f 7642 7643 7739 7738
f 7643 7644 7740 7739
f 7644 7645 7741 7740
f 7645 7646 7742 7741
f 7646 7647 7743 7742
f 7647 7648 7744 7743
f 7648 7649 7745 7744
f 7649 7650 7746 7745
f 7650 7651 7747 7746
f 7651 7652 7748 7747
f 7652 7653 7749 7748
f 7653 7654 7750 7749
f 7654 7655 7751 7750
f 7655 7656 7752 7751
f 7656 7657 7753 7752
f 7657 7658 7754 7753
f 7658 7659 7755 7754
f 7659 7660 7756 7755
f 7660 7661 7757 7756
f 7661 7662 7758 7757
f 7662 7663 7759 7758
f 7663 7664 7760 7759
f 7664 7665 7761 7760
f 7665 7666 7762 7761
f 7666 7667 7763 7762
f 7667 7668 7764 7763
f 7668 7669 7765 7764
f 7669 7670 7766 7765
f 7670 7671 7767 7766
f 7671 7672 7768 7767
f 7672 7673 7769 7768
f 7673 7674 7770 7769
f 7674 7675 7771 7770
f 7675 7676 7772 7771
f 7676 7677 7773 7772
f 7677 7678 7774 7773
f 7678 7679 7775 7774
f 7679 7680 7776 7775
f 7680 7585 7681 7776
f 7681 7682 7778 7777
f 7682 7683 7779 7778
f 7683 7684 7780 7779
f 7684 7685 7781 7780
f 7685 7686 7782 7781
f 7686 7687 7783 7782
f 7687 7688 7784 7783
f 7688 7689 7785 7784
f 7689 7690 7786 7785
f 7690 7691 7787 7786
f 7691 7692 7788 7787
f 7692 7693 7789 7788
f 7693 7694 7790 7789
f 7694 7695 7791 7790
f 7695 7696 7792 7791
f 7696 7697 7793 7792
f 7697 7698 7794 7793
f 7698 7699 7795 7794
f 7699 7700 7796 7795
f 7700 7701 7797 7796
f 7701 7702 7798 7797
f 7702 7703 7799 7798
f 7703 7704 7800 7799
f 7704 7705 7801 7800
f 7705 7706 7802 7801
f 7706 7707 7803 7802
f 7707 7708 7804 7803
f 7708 7709 7805 7804
f 7709 7710 7806 7805
f 7710 7711 7807 7806
f 7711 7712 7808 7807
f 7712 7713 7809 7808
f 7713 7714 7810 7809
f 7714 7715 7811 7810
f 7715 7716 7812 7811
f 7716 7717 7813 7812
f 7717 7718 7814 7813
f 7718 7719 7815 7814
f 7719 7720 7816 7815
f 7720 7721 7817 7816
f 7721 7722 7818 7817
f 7722 7723 7819 7818
f 7723 7724 7820 7819
f 7724 7725 7821 7820
f 7725 7726 7822 7821
f 7726 7727 7823 7822
f 7727 7728 7824 7823
f 7728 7729 7825 7824
f 7729 7730 7826 7825
f 7730 7731 7827 7826
f 7731 7732 7828 7827
f 7732 7733 7829 7828
f 7733 7734 7830 7829
f 7734 7735 7831 7830
f 7735 7736 7832 7831
f 7736 7737 7833 7832
f 7737 7738 7834 7833
f 7738 7739 7835 7834
f 7739 7740 7836 7835
f 7740 7741 7837 7836
f 7741 7742 7838 7837
f 7742 7743 7839 7838
f 7743 7744 7840 7839
f 7744 7745 7841 7840
f 7745 7746 7842 7841
f 7746 7747 7843 7842
f 7747 7748 7844 7843
f 7748 7749 7845 7844
f 7749 7750 7846 7845
f 7750 7751 7847 7846
f 7751 7752 7848 7847
f 7752 7753 7849 7848
f 7753 7754 7850 7849
f 7754 7755 7851 7850
f 7755 7756 7852 7851
f 7756 7757 7853 7852
f 7757 7758 7854 7853
f 7758 7759 7855 7854
f 7759 7760 7856 7855
f 7760 7761 7857 7856
f 7761 7762 7858 7857
f 7762 7763 7859 7858
f 7763 7764 7860 7859
f 7764 7765 7861 7860
f 7765 7766 7862 7861
f 7766 7767 7863 7862
f 7767 7768 7864 7863
f 7768 7769 7865 7864
f 7769 7770 7866 7865
f 7770 7771 7867 7866
f 7771 7772 7868 7867
f 7772 7773 7869 7868
f 7773 7774 7870 7869
f 7774 7775 7871 7870
f 7775 7776 7872 7871
f 7776 7681 7777 7872
f 7777 7778 7874 7873
f 7778 7779 7875 7874
f 7779 7780 7876 7875
f 7780 7781 7877 7876
f 7781 7782 7878 7877
f 7782 7783 7879 7878
f 7783 7784 7880 7879
f 7784 7785 7881 7880
f 7785 7786 7882 7881
f 7786 7787 7883 7882
f 7787 7788 7884 7883
f 7788 7789 7885 7884
f 7789 7790 7886 7885
f 7790 7791 7887 7886
f 7791 7792 7888 7887
f 7792 7793 7889 7888
f 7793 7794 7890 7889
f 7794 7795 7891 7890
f 7795 7796 7892 7891
f 7796 7797 7893 7892
f 7797 7798 7894 7893
f 7798 7799 7895 7894
f 7799 7800 7896 7895
f 7800 7801 7897 7896
f 7801 7802 7898 7897
f 7802 7803 7899 7898
f 7803 7804 7900 7899
f 7804 7805 7901 7900
f 7805 7806 7902 7901
f 7806 7807 7903 7902
f 7807 7808 7904 7903
f 7808 7809 7905 7904
f 7809 7810 7906 7905
f 7810 7811 7907 7906
f 7811 7812 7908 7907
f 7812 7813 7909 7908
f 7813 7814 7910 7909
f 7814 7815 7911 7910
f 7815 7816 7912 7911
f 7816 7817 7913 7912
f 7817 7818 7914 7913
f 7818 7819 7915 7914
f 7819 7820 7916 7915
f 7820 7821 7917 7916
f 7821 7822 7918 7917
f 7822 7823 7919 7918
f 7823 7824 7920 7919
f 7824 7825 7921 7920
f 7825 7826 7922 7921
f 7826 7827 7923 7922
f 7827 7828 7924 7923
f 7828 7829 7925 7924
f 7829 7830 7926 7925
f 7830 7831 7927 7926
f 7831 7832 7928 7927
f 7832 7833 7929 7928
f 7833 7834 7930 7929
f 7834 7835 7931 7930
f 7835 7836 7932 7931
f 7836 7837 7933 7932
f 7837 7838 7934 7933
f 7838 7839 7935 7934
f 7839 7840 7936 7935
f 7840 7841 7937 7936
f 7841 7842 7938 7937
f 7842 7843 7939 7938
f 7843 7844 7940 7939
f 7844 7845 7941 7940
f 7845 7846 7942 7941
f 7846 7847 7943 7942
f 7847 7848 7944 7943
f 7848 7849 7945 7944
f 7849 7850 7946 7945
f 7850 7851 7947 7946
f 7851 7852 7948 7947
f 7852 7853 7949 7948
f 7853 7854 7950 7949
f 7854 7855 7951 7950
f 7855 7856 7952 7951
f 7856 7857 7953 7952
f 7857 7858 7954 7953
f 7858 7859 7955 7954
f 7859 7860 7956 7955
f 7860 7861 7957 7956
f 7861 7862 7958 7957
f 7862 7863 7959 7958
f 7863 7864 7960 7959
f 7864 7865 7961 7960
f 7865 7866 7962 7961
f 7866 7867 7963 7962
f 7867 7868 7964 7963
f 7868 7869 7965 7964
f 7869 7870 7966 7965
f 7870 7871 7967 7966
f 7871 7872 7968 7967
f 7872 7777 7873 7968
f 7873 7874 7970 7969
f 7874 7875 7971 7970
f 7875 7876 7972 7971
f 7876 7877 7973 7972
f 7877 7878 7974 7973
f 7878 7879 7975 7974
f 7879 7880 7976 7975
f 7880 7881 7977 7976
f 7881 7882 7978 7977
f 7882 7883 7979 7978
f 7883 7884 7980 7979
f 7884 7885 7981 7980
f 7885 7886 7982 7981
f 7886 7887 7983 7982
f 7887 7888 7984 7983
f 7888 7889 7985 7984
f 7889 7890 7986 7985
f 7890 7891 7987 7986
f 7891 7892 7988 7987
f 7892 7893 7989 7988
f 7893 7894 7990 7989
f 7894 7895 7991 7990
f 7895 7896 7992 7991
f 7896 7897 7993 7992
f 7897 7898 7994 7993
f 7898 7899 7995 7994
f 7899 7900 7996 7995
f 7900 7901 7997 7996
f 7901 7902 7998 7997
f 7902 7903 7999 7998
f 7903 7904 8000 7999
f 7904 7905 8001 8000
f 7905 7906 8002 8001
f 7906 7907 8003 8002
f 7907 7908 8004 8003
f 7908 7909 8005 8004
f 7909 7910 8006 8005
f 7910 7911 8007 8006
f 7911 7912 8008 8007
f 7912 7913 8009 8008
f 7913 7914 8010 8009
f 7914 7915 8011 8010
f 7915 7916 8012 8011
f 7916 7917 8013 8012
f 7917 7918 8014 8013
f 7918 7919 8015 8014
f 7919 7920 8016 8015
f 7920 7921 8017 8016
f 7921 7922 8018 8017
f 7922 7923 8019 8018
f 7923 7924 8020 8019
f 7924 7925 8021 8020
f 7925 7926 8022 8021
f 7926 7927 8023 8022
f 7927 7928 8024 8023
f 7928 7929 8025 8024
f 7929 7930 8026 8025
f 7930 7931 8027 8026
f 7931 7932 8028 8027
f 7932 7933 8029 8028
f 7933 7934 8030 8029
f 7934 7935 8031 8030
f 7935 7936 8032 8031
f 7936 7937 8033 8032
f 7937 7938 8034 8033
f 7938 7939 8035 8034
f 7939 7940 8036 8035
f 7940 7941 8037 8036
f 7941 7942 8038 8037
f 7942 7943 8039 8038
f 7943 7944 8040 8039
f 7944 7945 8041 8040
f 7945 7946 8042 8041
f 7946 7947 8043 8042
f 7947 7948 8044 8043
f 7948 7949 8045 8044
f 7949 7950 8046 8045
f 7950 7951 8047 8046
f 7951 7952 8048 8047
f 7952 7953 8049 8048
f 7953 7954 8050 8049
f 7954 7955 8051 8050
f 7955 7956 8052 8051
f 7956 7957 8053 8052
f 7957 7958 8054 8053
f 7958 7959 8055 8054
f 7959 7960 8056 8055
f 7960 7961 8057 8056
f 7961 7962 8058 8057
f 7962 7963 8059 8058
f 7963 7964 8060 8059
f 7964 7965 8061 8060
f 7965 7966 8062 8061
f 7966 7967 8063 8062
f 7967 7968 8064 8063
f 7968 7873 7969 8064
f 7969 7970 8066 8065
f 7970 7971 8067 8066
f 7971 7972 8068 8067
f 7972 7973 8069 8068
f 7973 7974 8070 8069
f 7974 7975 8071 8070
f 7975 7976 8072 8071
f 7976 7977 8073 8072
f 7977 7978 8074 8073
f 7978 7979 8075 8074
f 7979 7980 8076 8075
f 7980 7981 8077 8076
f 7981 7982 8078 8077
f 7982 7983 8079 8078
f 7983 7984 8080 8079
f 7984 7985 8081 8080
f 7985 7986 8082 8081
f 7986 7987 8083 8082
f 7987 7988 8084 8083
f 7988 7989 8085 8084
f 7989 7990 8086 8085
f 7990 7991 8087 8086
f 7991 7992 8088 8087
f 7992 7993 8089 8088
f 7993 7994 8090 8089
f 7994 7995 8091 8090
f 7995 7996 8092 8091
f 7996 7997 8093 8092
f 7997 7998 8094 8093
f 7998 7999 8095 8094
f 7999 8000 8096 8095
f 8000 8001 8097 8096
f 8001 8002 8098 8097
f 8002 8003 8099 8098
f 8003 8004 8100 8099
f 8004 8005 8101 8100
f 8005 8006 8102 8101
f 8006 8007 8103 8102
f 8007 8008 8104 8103
f 8008 8009 8105 8104
f 8009 8010 8106 8105
f 8010 8011 8107 8106
f 8011 8012 8108 8107
f 8012 8013 8109 8108
f 8013 8014 8110 8109
f 8014 8015 8111 8110
f 8015 8016 8112 8111
f 8016 8017 8113 8112
f 8017 8018 8114 8113
f 8018 8019 8115 8114
f 8019 8020 8116 8115
f 8020 8021 8117 8116
f 8021 8022 8118 8117
f 8022 8023 8119 8118
f 8023 8024 8120 8119
f 8024 8025 8121 8120
f 8025 8026 8122 8121
f 8026 8027 8123 8122
f 8027 8028 8124 8123
f 8028 8029 8125 8124
f 8029 8030 8126 8125
f 8030 8031 8127 8126
f 8031 8032 8128 8127
f 8032 8033 8129 8128
f 8033 8034 8130 8129
f 8034 8035 8131 8130
f 8035 8036 8132 8131
f 8036 8037 8133 8132
f 8037 8038 8134 8133
f 8038 8039 8135 8134
f 8039 8040 8136 8135
f 8040 8041 8137 8136
f 8041 8042 8138 8137
f 8042 8043 8139 8138
f 8043 8044 8140 8139
f 8044 8045 8141 8140
f 8045 8046 8142 8141
f 8046 8047 8143 8142
f 8047 8048 8144 8143
f 8048 8049 8145 8144
f 8049 8050 8146 8145
f 8050 8051 8147 8146
f 8051 8052 8148 8147
f 8052 8053 8149 8148
f 8053 8054 8150 8149
f 8054 8055 8151 8150
f 8055 8056 8152 8151
f 8056 8057 8153 8152
f 8057 8058 8154 8153
f 8058 8059 8155 8154
f 8059 8060 8156 8155
f 8060 8061 8157 8156
f 8061 8062 8158 8157
f 8062 8063 8159 8158
f 8063 8064 8160 8159
f 8064 7969 8065 8160
f 8065 8066 8162 8161
f 8066 8067 8163 8162
f 8067 8068 8164 8163
f 8068 8069 8165 8164
f 8069 8070 8166 8165
f 8070 8071 8167 8166
f 8071 8072 8168 8167
f 8072 8073 8169 8168
f 8073 8074 8170 8169
f 8074 8075 8171 8170
f 8075 8076 8172 8171
f 8076 8077 8173 8172
f 8077 8078 8174 8173
f 8078 8079 8175 8174
f 8079 8080 8176 8175
f 8080 8081 8177 8176
f 8081 8082 8178 8177
f 8082 8083 8179 8178
f 8083 8084 8180 8179
f 8084 8085 8181 8180
f 8085 8086 8182 8181
f 8086 8087 8183 8182
f 8087 8088 8184 8183
f 8088 8089 8185 8184
f 8089 8090 8186 8185
f 8090 8091 8187 8186
f 8091 8092 8188 8187
f 8092 8093 8189 8188
f 8093 8094 8190 8189
f 8094 8095 8191 8190
f 8095 8096 8192 8191
f 8096 8097 8193 8192
f 8097 8098 8194 8193
f 8098 8099 8195 8194
f 8099 8100 8196 8195
f 8100 8101 8197 8196
f 8101 8102 8198 8197
f 8102 8103 8199 8198
f 8103 8104 8200 8199
f 8104 8105 8201 8200
f 8105 8106 8202 8201
f 8106 8107 8203 8202
f 8107 8108 8204 8203
f 8108 8109 8205 8204
f 8109 8110 8206 8205
f 8110 8111 8207 8206
f 8111 8112 8208 8207
f 8112 8113 8209 8208
f 8113 8114 8210 8209
f 8114 8115 8211 8210
f 8115 8116 8212 8211
f 8116 8117 8213 8212
f 8117 8118 8214 8213
f 8118 8119 8215 8214
f 8119 8120 8216 8215
f 8120 8121 8217 8216
f 8121 8122 8218 8217
f 8122 8123 8219 8218
f 8123 8124 8220 8219
f 8124 8125 8221 8220
f 8125 8126 8222 8221
f 8126 8127 8223 8222
f 8127 8128 8224 8223
f 8128 8129 8225 8224
f 8129 8130 8226 8225
f 8130 8131 8227 8226
f 8131 8132 8228 8227
f 8132 8133 8229 8228
f 8133 8134 8230 8229
f 8134 8135 8231 8230
f 8135 8136 8232 8231
f 8136 8137 8233 8232
f 8137 8138 8234 8233
f 8138 8139 8235 8234
f 8139 8140 8236 8235
f 8140 8141 8237 8236
f 8141 8142 8238 8237
f 8142 8143 8239 8238
f 8143 8144 8240 8239
f 8144 8145 8241 8240
f 8145 8146 8242 8241
f 8146 8147 8243 8242
f 8147 8148 8244 8243
f 8148 8149 8245 8244
f 8149 8150 8246 8245
f 8150 8151 8247 8246
f 8151 8152 8248 8247
f 8152 8153 8249 8248
f 8153 8154 8250 8249
f 8154 8155 8251 8250
f 8155 8156 8252 8251
f 8156 8157 8253 8252
f 8157 8158 8254 8253
f 8158 8159 8255 8254
f 8159 8160 8256 8255
f 8160 8065 8161 8256
f 8161 8162 8258 8257
f 8162 8163 8259 8258
f 8163 8164 8260 8259
f 8164 8165 8261 8260
f 8165 8166 8262 8261
f 8166 8167 8263 8262
f 8167 8168 8264 8263
f 8168 8169 8265 8264
f 8169 8170 8266 8265
f 8170 8171 8267 8266
f 8171 8172 8268 8267
f 8172 8173 8269 8268
f 8173 8174 8270 8269
f 8174 8175 8271 8270
f 8175 8176 8272 8271
f 8176 8177 8273 8272
f 8177 8178 8274 8273
f 8178 8179 8275 8274
f 8179 8180 8276 8275
f 8180 8181 8277 8276
f 8181 8182 8278 8277
f 8182 8183 8279 8278
f 8183 8184 8280 8279
f 8184 8185 8281 8280
f 8185 8186 8282 8281
f 8186 8187 8283 8282
f 8187 8188 8284 8283
f 8188 8189 8285 8284
f 8189 8190 8286 8285
f 8190 8191 8287 8286
f 8191 8192 8288 8287
f 8192 8193 8289 8288
f 8193 8194 8290 8289
f 8194 8195 8291 8290
f 8195 8196 8292 8291
f 8196 8197 8293 8292
f 8197 8198 8294 8293
f 8198 8199 8295 8294
f 8199 8200 8296 8295
f 8200 8201 8297 8296
f 8201 8202 8298 8297
f 8202 8203 8299 8298
f 8203 8204 8300 8299
f 8204 8205 8301 8300
f 8205 8206 8302 8301
f 8206 8207 8303 8302
f 8207 8208 8304 8303
f 8208 8209 8305 8304
f 8209 8210 8306 8305
f 8210 8211 8307 8306
f 8211 8212 8308 8307
f 8212 8213 8309 8308
f 8213 8214 8310 8309
f 8214 8215 8311 8310
f 8215 8216 8312 8311
f 8216 8217 8313 8312
f 8217 8218 8314 8313
f 8218 8219 8315 8314
f 8219 8220 8316 8315
f 8220 8221 8317 8316
f 8221 8222 8318 8317
f 8222 8223 8319 8318
f 8223 8224 8320 8319
f 8224 8225 8321 8320
f 8225 8226 8322 8321
f 8226 8227 8323 8322
f 8227 8228 8324 8323
f 8228 8229 8325 8324
f 8229 8230 8326 8325
f 8230 8231 8327 8326
f 8231 8232 8328 8327
f 8232 8233 8329 8328
f 8233 8234 8330 8329
f 8234 8235 8331 8330
f 8235 8236 8332 8331
f 8236 8237 8333 8332
f 8237 8238 8334 8333
f 8238 8239 8335 8334
f 8239 8240 8336 8335
f 8240 8241 8337 8336
f 8241 8242 8338 8337
f 8242 8243 8339 8338
f 8243 8244 8340 8339
f 8244 8245 8341 8340
f 8245 8246 8342 8341
f 8246 8247 8343 8342
f 8247 8248 8344 8343
f 8248 8249 8345 8344
f 8249 8250 8346 8345
f 8250 8251 8347 8346
f 8251 8252 8348 8347
f 8252 8253 8349 8348
f 8253 8254 8350 8349
f 8254 8255 8351 8350
f 8255 8256 8352 8351
f 8256 8161 8257 8352
f 8257 8258 8354 8353
f 8258 8259 8355 8354
f 8259 8260 8356 8355
f 8260 8261 8357 8356
f 8261 8262 8358 8357
f 8262 8263 8359 8358
f 8263 8264 8360 8359
f 8264 8265 8361 8360
f 8265 8266 8362 8361
f 8266 8267 8363 8362
f 8267 8268 8364 8363
f 8268 8269 8365 8364
f 8269 8270 8366 8365
f 8270 8271 8367 8366
f 8271 8272 8368 8367
f 8272 8273 8369 8368
f 8273 8274 8370 8369
f 8274 8275 8371 8370
f 8275 8276 8372 8371
f 8276 8277 8373 8372
f 8277 8278 8374 8373
f 8278 8279 8375 8374
f 8279 8280 8376 8375
f 8280 8281 8377 8376
f 8281 8282 8378 8377
f 8282 8283 8379 8378
f 8283 8284 8380 8379
f 8284 8285 8381 8380
f 8285 8286 8382 8381
f 8286 8287 8383 8382
f 8287 8288 8384 8383
f 8288 8289 8385 8384
f 8289 8290 8386 8385
f 8290 8291 8387 8386
f 8291 8292 8388 8387
f 8292 8293 8389 8388
f 8293 8294 8390 8389
f 8294 8295 8391 8390
f 8295 8296 8392 8391
f 8296 8297 8393 8392
f 8297 8298 8394 8393
f 8298 8299 8395 8394
f 8299 8300 8396 8395
f 8300 8301 8397 8396
f 8301 8302 8398 8397
f 8302 8303 8399 8398
f 8303 8304 8400 8399
f 8304 8305 8401 8400
f 8305 8306 8402 8401
f 8306 8307 8403 8402
f 8307 8308 8404 8403
f 8308 8309 8405 8404
f 8309 8310 8406 8405
f 8310 8311 8407 8406
f 8311 8312 8408 8407
f 8312 8313 8409 8408
f 8313 8314 8410 8409
f 8314 8315 8411 8410
f 8315 8316 8412 8411
f 8316 8317 8413 8412
f 8317 8318 8414 8413
f 8318 8319 8415 8414
f 8319 8320 8416 8415
f 8320 8321 8417 8416
f 8321 8322 8418 8417
f 8322 8323 8419 8418
f 8323 8324 8420 8419
f 8324 8325 8421 8420
f 8325 8326 8422 8421
f 8326 8327 8423 8422
f 8327 8328 8424 8423
f 8328 8329 8425 8424
f 8329 8330 8426 8425
f 8330 8331 8427 8426
f 8331 8332 8428 8427
f 8332 8333 8429 8428
f 8333 8334 8430 8429
f 8334 8335 8431 8430
f 8335 8336 8432 8431
f 8336 8337 8433 8432
f 8337 8338 8434 8433
f 8338 8339 8435 8434
f 8339 8340 8436 8435
f 8340 8341 8437 8436
f 8341 8342 8438 8437
f 8342 8343 8439 8438
f 8343 8344 8440 8439
f 8344 8345 8441 8440
f 8345 8346 8442 8441
f 8346 8347 8443 8442
f 8347 8348 8444 8443
f 8348 8349 8445 8444
f 8349 8350 8446 8445
f 8350 8351 8447 8446
f 8351 8352 8448 8447
f 8352 8257 8353 8448
f 8353 8354 8450 8449
f 8354 8355 8451 8450
f 8355 8356 8452 8451
f 8356 8357 8453 8452
f 8357 8358 8454 8453
f 8358 8359 8455 8454
f 8359 8360 8456 8455
f 8360 8361 8457 8456
f 8361 8362 8458 8457
f 8362 8363 8459 8458
f 8363 8364 8460 8459
f 8364 8365 8461 8460
f 8365 8366 8462 8461
f 8366 8367 8463 8462
f 8367 8368 8464 8463
f 8368 8369 8465 8464
f 8369 8370 8466 8465
f 8370 8371 8467 8466
f 8371 8372 8468 8467
f 8372 8373 8469 8468
f 8373 8374 8470 8469
f 8374 8375 8471 8470
f 8375 8376 8472 8471
f 8376 8377 8473 8472
f 8377 8378 8474 8473
f 8378 8379 8475 8474
f 8379 8380 8476 8475
f 8380 8381 8477 8476
f 8381 8382 8478 8477
f 8382 8383 8479 8478
f 8383 8384 8480 8479
f 8384 8385 8481 8480
f 8385 8386 8482 8481
f 8386 8387 8483 8482
f 8387 8388 8484 8483
f 8388 8389 8485 8484
f 8389 8390 8486 8485
f 8390 8391 8487 8486
f 8391 8392 8488 8487
f 8392 8393 8489 8488
f 8393 8394 8490 8489
f 8394 8395 8491 8490
f 8395 8396 8492 8491
f 8396 8397 8493 8492
f 8397 8398 8494 8493
f 8398 8399 8495 8494
f 8399 8400 8496 8495
f 8400 8401 8497 8496
f 8401 8402 8498 8497
f 8402 8403 8499 8498
f 8403 8404 8500 8499
f 8404 8405 8501 8500
f 8405 8406 8502 8501
f 8406 8407 8503 8502
f 8407 8408 8504 8503
f 8408 8409 8505 8504
f 8409 8410 8506 8505
f 8410 8411 8507 8506
f 8411 8412 8508 8507
f 8412 8413 8509 8508
f 8413 8414 8510 8509
f 8414 8415 8511 8510
f 8415 8416 8512 8511
f 8416 8417 8513 8512
f 8417 8418 8514 8513
f 8418 8419 8515 8514
f 8419 8420 8516 8515
f 8420 8421 8517 8516
f 8421 8422 8518 8517
f 8422 8423 8519 8518
f 8423 8424 8520 8519
f 8424 8425 8521 8520
f 8425 8426 8522 8521
f 8426 8427 8523 8522
f 8427 8428 8524 8523
f 8428 8429 8525 8524
f 8429 8430 8526 8525
f 8430 8431 8527 8526
f 8431 8432 8528 8527
f 8432 8433 8529 8528
f 8433 8434 8530 8529
f 8434 8435 8531 8530
f 8435 8436 8532 8531
f 8436 8437 8533 8532
f 8437 8438 8534 8533
f 8438 8439 8535 8534
f 8439 8440 8536 8535
f 8440 8441 8537 8536
f 8441 8442 8538 8537
f 8442 8443 8539 8538
f 8443 8444 8540 8539
f 8444 8445 8541 8540
f 8445 8446 8542 8541
f 8446 8447 8543 8542
f 8447 8448 8544 8543
f 8448 8353 8449 8544
f 8449 8450 8546 8545
f 8450 8451 8547 8546
f 8451 8452 8548 8547
f 8452 8453 8549 8548
f 8453 8454 8550 8549
f 8454 8455 8551 8550
f 8455 8456 8552 8551
f 8456 8457 8553 8552
f 8457 8458 8554 8553
f 8458 8459 8555 8554
f 8459 8460 8556 8555
f 8460 8461 8557 8556
f 8461 8462 8558 8557
f 8462 8463 8559 8558
f 8463 8464 8560 8559
f 8464 8465 8561 8560
f 8465 8466 8562 8561
f 8466 8467 8563 8562
f 8467 8468 8564 8563
f 8468 8469 8565 8564
f 8469 8470 8566 8565
f 8470 8471 8567 8566
f 8471 8472 8568 8567
f 8472 8473 8569 8568
f 8473 8474 8570 8569
f 8474 8475 8571 8570
f 8475 8476 8572 8571
f 8476 8477 8573 8572
f 8477 8478 8574 8573
f 8478 8479 8575 8574
f 8479 8480 8576 8575
f 8480 8481 8577 8576
f 8481 8482 8578 8577
f 8482 8483 8579 8578
f 8483 8484 8580 8579
f 8484 8485 8581 8580
f 8485 8486 8582 8581
f 8486 8487 8583 8582
f 8487 8488 8584 8583
f 8488 8489 8585 8584
f 8489 8490 8586 8585
f 8490 8491 8587 8586
f 8491 8492 8588 8587
f 8492 8493 8589 8588
f 8493 8494 8590 8589
f 8494 8495 8591 8590
f 8495 8496 8592 8591
f 8496 8497 8593 8592
f 8497 8498 8594 8593
f 8498 8499 8595 8594
f 8499 8500 8596 8595
f 8500 8501 8597 8596
f 8501 8502 8598 8597
f 8502 8503 8599 8598
f 8503 8504 8600 8599
f 8504 8505 8601 8600
f 8505 8506 8602 8601
f 8506 8507 8603 8602
f 8507 8508 8604 8603
f 8508 8509 8605 8604
f 8509 8510 8606 8605
f 8510 8511 8607 8606
f 8511 8512 8608 8607
f 8512 8513 8609 8608
f 8513 8514 8610 8609
f 8514 8515 8611 8610
f 8515 8516 8612 8611
f 8516 8517 8613 8612
f 8517 8518 8614 8613
f 8518 8519 8615 8614
f 8519 8520 8616 8615
f 8520 8521 8617 8616
f 8521 8522 8618 8617
f 8522 8523 8619 8618
f 8523 8524 8620 8619
f 8524 8525 8621 8620
f 8525 8526 8622 8621
f 8526 8527 8623 8622
f 8527 8528 8624 8623
f 8528 8529 8625 8624
f 8529 8530 8626 8625
f 8530 8531 8627 8626
f 8531 8532 8628 8627
f 8532 8533 8629 8628
f 8533 8534 8630 8629
f 8534 8535 8631 8630
f 8535 8536 8632 8631
f 8536 8537 8633 8632
f 8537 8538 8634 8633
f 8538 8539 8635 8634
f 8539 8540 8636 8635
f 8540 8541 8637 8636
f 8541 8542 8638 8637
f 8542 8543 8639 8638
f 8543 8544 8640 8639
f 8544 8449 8545 8640
f 8545 8546 8642 8641
f 8546 8547 8643 8642
f 8547 8548 8644 8643
f 8548 8549 8645 8644
f 8549 8550 8646 8645
f 8550 8551 8647 8646
f 8551 8552 8648 8647
f 8552 8553 8649 8648
f 8553 8554 8650 8649
f 8554 8555 8651 8650
f 8555 8556 8652 8651
f 8556 8557 8653 8652
f 8557 8558 8654 8653
f 8558 8559 8655 8654
f 8559 8560 8656 8655
f 8560 8561 8657 8656
f 8561 8562 8658 8657
f 8562 8563 8659 8658
f 8563 8564 8660 8659
f 8564 8565 8661 8660
f 8565 8566 8662 8661
f 8566 8567 8663 8662
f 8567 8568 8664 8663
f 8568 8569 8665 8664
f 8569 8570 8666 8665
f 8570 8571 8667 8666
f 8571 8572 8668 8667
f 8572 8573 8669 8668
f 8573 8574 8670 8669
f 8574 8575 8671 8670
f 8575 8576 8672 8671
f 8576 8577 8673 8672
f 8577 8578 8674 8673
f 8578 8579 8675 8674
f 8579 8580 8676 8675
f 8580 8581 8677 8676
f 8581 8582 8678 8677
f 8582 8583 8679 8678
f 8583 8584 8680 8679
f 8584 8585 8681 8680
f 8585 8586 8682 8681
f 8586 8587 8683 8682
f 8587 8588 8684 8683
f 8588 8589 8685 8684
f 8589 8590 8686 8685
f 8590 8591 8687 8686
f 8591 8592 8688 8687
f 8592 8593 8689 8688
f 8593 8594 8690 8689
f 8594 8595 8691 8690
f 8595 8596 8692 8691
f 8596 8597 8693 8692
f 8597 8598 8694 8693
f 8598 8599 8695 8694
f 8599 8600 8696 8695
f 8600 8601 8697 8696
f 8601 8602 8698 8697
f 8602 8603 8699 8698
f 8603 8604 8700 8699
f 8604 8605 8701 8700
f 8605 8606 8702 8701
f 8606 8607 8703 8702
f 8607 8608 8704 8703
f 8608 8609 8705 8704
f 8609 8610 8706 8705
f 8610 8611 8707 8706
f 8611 8612 8708 8707
f 8612 8613 8709 8708
f 8613 8614 8710 8709
f 8614 8615 8711 8710
f 8615 8616 8712 8711
f 8616 8617 8713 8712
f 8617 8618 8714 8713
f 8618 8619 8715 8714
f 8619 8620 8716 8715
f 8620 8621 8717 8716
f 8621 8622 8718 8717
f 8622 8623 8719 8718
f 8623 8624 8720 8719
f 8624 8625 8721 8720
f 8625 8626 8722 8721
f 8626 8627 8723 8722
f 8627 8628 8724 8723
f 8628 8629 8725 8724
f 8629 8630 8726 8725
f 8630 8631 8727 8726
f 8631 8632 8728 8727
f 8632 8633 8729 8728
f 8633 8634 8730 8729
f 8634 8635 8731 8730
f 8635 8636 8732 8731
f 8636 8637 8733 8732
f 8637 8638 8734 8733
f 8638 8639 8735 8734
f 8639 8640 8736 8735
f 8640 8545 8641 8736
f 8641 8642 8738 8737
f 8642 8643 8739 8738
f 8643 8644 8740 8739
f 8644 8645 8741 8740
f 8645 8646 8742 8741
f 8646 8647 8743 8742
f 8647 8648 8744 8743
f 8648 8649 8745 8744
f 8649 8650 8746 8745
f 8650 8651 8747 8746
f 8651 8652 8748 8747
f 8652 8653 8749 8748
f 8653 8654 8750 8749
f 8654 8655 8751 8750
f 8655 8656 8752 8751
f 8656 8657 8753 8752
f 8657 8658 8754 8753
f 8658 8659 8755 8754
f 8659 8660 8756 8755
f 8660 8661 8757 8756
f 8661 8662 8758 8757
f 8662 8663 8759 8758
f 8663 8664 8760 8759
f 8664 8665 8761 8760
f 8665 8666 8762 8761
f 8666 8667 8763 8762
f 8667 8668 8764 8763
f 8668 8669 8765 8764
f 8669 8670 8766 8765
f 8670 8671 8767 8766
f 8671 8672 8768 8767
f 8672 8673 8769 8768
f 8673 8674 8770 8769
f 8674 8675 8771 8770
f 8675 8676 8772 8771
f 8676 8677 8773 8772
f 8677 8678 8774 8773
f 8678 8679 8775 8774
f 8679 8680 8776 8775
f 8680 8681 8777 8776
f 8681 8682 8778 8777
f 8682 8683 8779 8778
f 8683 8684 8780 8779
f 8684 8685 8781 8780
f 8685 8686 8782 8781
f 8686 8687 8783 8782
f 8687 8688 8784 8783
f 8688 8689 8785 8784
f 8689 8690 8786 8785
f 8690 8691 8787 8786
f 8691 8692 8788 8787
f 8692 8693 8789 8788
f 8693 8694 8790 8789
f 8694 8695 8791 8790
f 8695 8696 8792 8791
f 8696 8697 8793 8792
f 8697 8698 8794 8793
f 8698 8699 8795 8794
f 8699 8700 8796 8795
f 8700 8701 8797 8796
f 8701 8702 8798 8797
f 8702 8703 8799 8798
f 8703 8704 8800 8799
f 8704 8705 8801 8800
f 8705 8706 8802 8801
f 8706 8707 8803 8802
f 8707 8708 8804 8803
f 8708 8709 8805 8804
f 8709 8710 8806 8805
f 8710 8711 8807 8806
f 8711 8712 8808 8807
f 8712 8713 8809 8808
f 8713 8714 8810 8809
f 8714 8715 8811 8810
f 8715 8716 8812 8811
f 8716 8717 8813 8812
f 8717 8718 8814 8813
f 8718 8719 8815 8814
f 8719 8720 8816 8815
f 8720 8721 8817 8816
f 8721 8722 8818 8817
f 8722 8723 8819 8818
f 8723 8724 8820 8819
f 8724 8725 8821 8820
f 8725 8726 8822 8821
f 8726 8727 8823 8822
f 8727 8728 8824 8823
f 8728 8729 8825 8824
f 8729 8730 8826 8825
f 8730 8731 8827 8826
f 8731 8732 8828 8827
f 8732 8733 8829 8828
f 8733 8734 8830 8829
f 8734 8735 8831 8830
f 8735 8736 8832 8831
f 8736 8641 8737 8832
f 8737 8738 8834 8833
f 8738 8739 8835 8834
f 8739 8740 8836 8835
f 8740 8741 8837 8836
f 8741 8742 8838 8837
f 8742 8743 8839 8838
f 8743 8744 8840 8839
f 8744 8745 8841 8840
f 8745 8746 8842 8841
f 8746 8747 8843 8842
f 8747 8748 8844 8843
f 8748 8749 8845 8844
f 8749 8750 8846 8845
f 8750 8751 8847 8846
f 8751 8752 8848 8847
f 8752 8753 8849 8848
f 8753 8754 8850 8849
f 8754 8755 8851 8850
f 8755 8756 8852 8851
f 8756 8757 8853 8852
f 8757 8758 8854 8853
f 8758 8759 8855 8854
f 8759 8760 8856 8855
f 8760 8761 8857 8856
f 8761 8762 8858 8857
f 8762 8763 8859 8858
f 8763 8764 8860 8859
f 8764 8765 8861 8860
f 8765 8766 8862 8861
f 8766 8767 8863 8862
f 8767 8768 8864 8863
f 8768 8769 8865 8864
f 8769 8770 8866 8865
f 8770 8771 8867 8866
f 8771 8772 8868 8867
f 8772 8773 8869 8868
f 8773 8774 8870 8869
f 8774 8775 8871 8870
f 8775 8776 8872 8871
f 8776 8777 8873 8872
f 8777 8778 8874 8873
f 8778 8779 8875 8874
f 8779 8780 8876 8875
f 8780 8781 8877 8876
f 8781 8782 8878 8877
f 8782 8783 8879 8878
f 8783 8784 8880 8879
f 8784 8785 8881 8880
f 8785 8786 8882 8881
f 8786 8787 8883 8882
f 8787 8788 8884 8883
f 8788 8789 8885 8884
f 8789 8790 8886 8885
f 8790 8791 8887 8886
f 8791 8792 8888 8887
f 8792 8793 8889 8888
f 8793 8794 8890 8889
f 8794 8795 8891 8890
f 8795 8796 8892 8891
f 8796 8797 8893 8892
f 8797 8798 8894 8893
f 8798 8799 8895 8894
f 8799 8800 8896 8895
f 8800 8801 8897 8896
f 8801 8802 8898 8897
f 8802 8803 8899 8898
f 8803 8804 8900 8899
f 8804 8805 8901 8900
f 8805 8806 8902 8901
f 8806 8807 8903 8902
f 8807 8808 8904 8903
f 8808 8809 8905 8904
f 8809 8810 8906 8905
f 8810 8811 8907 8906
f 8811 8812 8908 8907
f 8812 8813 8909 8908
f 8813 8814 8910 8909
f 8814 8815 8911 8910
f 8815 8816 8912 8911
f 8816 8817 8913 8912
f 8817 8818 8914 8913
f 8818 8819 8915 8914
f 8819 8820 8916 8915
f 8820 8821 8917 8916
f 8821 8822 8918 8917
f 8822 8823 8919 8918
f 8823 8824 8920 8919
f 8824 8825 8921 8920
f 8825 8826 8922 8921
f 8826 8827 8923 8922
f 8827 8828 8924 8923
f 8828 8829 8925 8924
f 8829 8830 8926 8925
f 8830 8831 8927 8926
f 8831 8832 8928 8927
f 8832 8737 8833 8928
f 8833 8834 8930 8929
f 8834 8835 8931 8930
f 8835 8836 8932 8931
f 8836 8837 8933 8932
f 8837 8838 8934 8933
f 8838 8839 8935 8934
f 8839 8840 8936 8935
f 8840 8841 8937 8936
f 8841 8842 8938 8937
f 8842 8843 8939 8938
f 8843 8844 8940 8939
f 8844 8845 8941 8940
f 8845 8846 8942 8941
f 8846 8847 8943 8942
f 8847 8848 8944 8943
f 8848 8849 8945 8944
f 8849 8850 8946 8945
f 8850 8851 8947 8946
f 8851 8852 8948 8947
f 8852 8853 8949 8948
f 8853 8854 8950 8949
f 8854 8855 8951 8950
f 8855 8856 8952 8951
f 8856 8857 8953 8952
f 8857 8858 8954 8953
f 8858 8859 8955 8954
f 8859 8860 8956 8955
f 8860 8861 8957 8956
f 8861 8862 8958 8957
f 8862 8863 8959 8958
f 8863 8864 8960 8959
f 8864 8865 8961 8960
f 8865 8866 8962 8961
f 8866 8867 8963 8962
f 8867 8868 8964 8963
f 8868 8869 8965 8964
f 8869 8870 8966 8965
f 8870 8871 8967 8966
f 8871 8872 8968 8967
f 8872 8873 8969 8968
f 8873 8874 8970 8969
f 8874 8875 8971 8970
f 8875 8876 8972 8971
f 8876 8877 8973 8972
f 8877 8878 8974 8973
f 8878 8879 8975 8974
f 8879 8880 8976 8975
f 8880 8881 8977 8976
f 8881 8882 8978 8977
f 8882 8883 8979 8978
f 8883 8884 8980 8979
f 8884 8885 8981 8980
f 8885 8886 8982 8981
f 8886 8887 8983 8982
f 8887 8888 8984 8983
f 8888 8889 8985 8984
f 8889 8890 8986 8985
f 8890 8891 8987 8986
f 8891 8892 8988 8987
f 8892 8893 8989 8988
f 8893 8894 8990 8989
f 8894 8895 8991 8990
f 8895 8896 8992 8991
f 8896 8897 8993 8992
f 8897 8898 8994 8993
f 8898 8899 8995 8994
f 8899 8900 8996 8995
f 8900 8901 8997 8996
f 8901 8902 8998 8997
f 8902 8903 8999 8998
f 8903 8904 9000 8999
f 8904 8905 9001 9000
f 8905 8906 9002 9001
f 8906 8907 9003 9002
f 8907 8908 9004 9003
f 8908 8909 9005 9004
f 8909 8910 9006 9005
f 8910 8911 9007 9006
f 8911 8912 9008 9007
f 8912 8913 9009 9008
f 8913 8914 9010 9009
f 8914 8915 9011 9010
f 8915 8916 9012 9011
f 8916 8917 9013 9012
f 8917 8918 9014 9013
f 8918 8919 9015 9014
f 8919 8920 9016 9015
f 8920 8921 9017 9016
f 8921 8922 9018 9017
f 8922 8923 9019 9018
f 8923 8924 9020 9019
f 8924 8925 9021 9020
f 8925 8926 9022 9021
f 8926 8927 9023 9022
f 8927 8928 9024 9023
f 8928 8833 8929 9024
f 8929 8930 9026 9025
f 8930 8931 9027 9026
f 8931 8932 9028 9027
f 8932 8933 9029 9028
f 8933 8934 9030 9029
f 8934 8935 9031 9030
f 8935 8936 9032 9031
f 8936 8937 9033 9032
f 8937 8938 9034 9033
f 8938 8939 9035 9034
f 8939 8940 9036 9035
f 8940 8941 9037 9036
f 8941 8942 9038 9037
f 8942 8943 9039 9038
f 8943 8944 9040 9039
f 8944 8945 9041 9040
f 8945 8946 9042 9041
f 8946 8947 9043 9042
f 8947 8948 9044 9043
f 8948 8949 9045 9044
f 8949 8950 9046 9045
f 8950 8951 9047 9046
f 8951 8952 9048 9047
f 8952 8953 9049 9048
f 8953 8954 9050 9049
f 8954 8955 9051 9050
f 8955 8956 9052 9051
f 8956 8957 9053 9052
f 8957 8958 9054 9053
f 8958 8959 9055 9054
f 8959 8960 9056 9055
f 8960 8961 9057 9056
f 8961 8962 9058 9057
f 8962 8963 9059 9058
f 8963 8964 9060 9059
f 8964 8965 9061 9060
f 8965 8966 9062 9061
f 8966 8967 9063 9062
f 8967 8968 9064 9063
f 8968 8969 9065 9064
f 8969 8970 9066 9065
f 8970 8971 9067 9066
f 8971 8972 9068 9067
f 8972 8973 9069 9068
f 8973 8974 9070 9069
f 8974 8975 9071 9070
f 8975 8976 9072 9071
f 8976 8977 9073 9072
f 8977 8978 9074 9073
f 8978 8979 9075 9074
f 8979 8980 9076 9075
f 8980 8981 9077 9076
f 8981 8982 9078 9077
f 8982 8983 9079 9078
f 8983 8984 9080 9079
f 8984 8985 9081 9080
f 8985 8986 9082 9081
f 8986 8987 9083 9082
f 8987 8988 9084 9083
f 8988 8989 9085 9084
f 8989 8990 9086 9085
f 8990 8991 9087 9086
f 8991 8992 9088 9087
f 8992 8993 9089 9088
f 8993 8994 9090 9089
f 8994 8995 9091 9090
f 8995 8996 9092 9091
f 8996 8997 9093 9092
f 8997 8998 9094 9093
f 8998 8999 9095 9094
f 8999 9000 9096 9095
f 9000 9001 9097 9096
f 9001 9002 9098 9097
f 9002 9003 9099 9098
f 9003 9004 9100 9099
f 9004 9005 9101 9100
f 9005 9006 9102 9101
f 9006 9007 9103 9102
f 9007 9008 9104 9103
f 9008 9009 9105 9104
f 9009 9010 9106 9105
f 9010 9011 9107 9106
f 9011 9012 9108 9107
f 9012 9013 9109 9108
f 9013 9014 9110 9109
f 9014 9015 9111 9110
f 9015 9016 9112 9111
f 9016 9017 9113 9112
f 9017 9018 9114 9113
f 9018 9019 9115 9114
f 9019 9020 9116 9115
f 9020 9021 9117 9116
f 9021 9022 9118 9117
f 9022 9023 9119 9118
f 9023 9024 9120 9119
f 9024 8929 9025 9120
f 9025 9026 9122 9121
f 9026 9027 9123 9122
f 9027 9028 9124 9123
f 9028 9029 9125 9124
f 9029 9030 9126 9125
f 9030 9031 9127 9126
f 9031 9032 9128 9127
f 9032 9033 9129 9128
f 9033 9034 9130 9129
f 9034 9035 9131 9130
f 9035 9036 9132 9131
f 9036 9037 9133 9132
f 9037 9038 9134 9133
f 9038 9039 9135 9134
f 9039 9040 9136 9135
f 9040 9041 9137 9136
f 9041 9042 9138 9137
f 9042 9043 9139 9138
f 9043 9044 9140 9139
f 9044 9045 9141 9140
f 9045 9046 9142 9141
f 9046 9047 9143 9142
f 9047 9048 9144 9143
f 9048 9049 9145 9144
f 9049 9050 9146 9145
f 9050 9051 9147 9146
f 9051 9052 9148 9147
f 9052 9053 9149 9148
f 9053 9054 9150 9149
f 9054 9055 9151 9150
f 9055 9056 9152 9151
f 9056 9057 9153 9152
f 9057 9058 9154 9153
f 9058 9059 9155 9154
f 9059 9060 9156 9155
f 9060 9061 9157 9156
f 9061 9062 9158 9157
f 9062 9063 9159 9158
f 9063 9064 9160 9159
f 9064 9065 9161 9160
f 9065 9066 9162 9161
f 9066 9067 9163 9162
f 9067 9068 9164 9163
f 9068 9069 9165 9164
f 9069 9070 9166 9165
f 9070 9071 9167 9166
f 9071 9072 9168 9167
f 9072 9073 9169 9168
f 9073 9074 9170 9169
f 9074 9075 9171 9170
f 9075 9076 9172 9171
f 9076 9077 9173 9172
f 9077 9078 9174 9173
f 9078 9079 9175 9174
f 9079 9080 9176 9175
f 9080 9081 9177 9176
f 9081 9082 9178 9177
f 9082 9083 9179 9178
f 9083 9084 9180 9179
f 9084 9085 9181 9180
f 9085 9086 9182 9181
f 9086 9087 9183 9182
f 9087 9088 9184 9183
f 9088 9089 9185 9184
f 9089 9090 9186 9185
f 9090 9091 9187 9186
f 9091 9092 9188 9187
f 9092 9093 9189 9188
f 9093 9094 9190 9189
f 9094 9095 9191 9190
f 9095 9096 9192 9191
f 9096 9097 9193 9192
f 9097 9098 9194 9193
f 9098 9099 9195 9194
f 9099 9100 9196 9195
f 9100 9101 9197 9196
f 9101 9102 9198 9197
f 9102 9103 9199 9198
f 9103 9104 9200 9199
f 9104 9105 9201 9200
f 9105 9106 9202 9201
f 9106 9107 9203 9202
f 9107 9108 9204 9203
f 9108 9109 9205 9204
f 9109 9110 9206 9205
f 9110 9111 9207 9206
f 9111 9112 9208 9207
f 9112 9113 9209 9208
f 9113 9114 9210 9209
f 9114 9115 9211 9210
f 9115 9116 9212 9211
f 9116 9117 9213 9212
f 9117 9118 9214 9213
f 9118 9119 9215 9214
f 9119 9120 9216 9215
f 9120 9025 9121 9216
f 9121 9122 2 1
f 9122 9123 3 2
f 9123 9124 4 3
f 9124 9125 5 4
f 9125 9126 6 5
f 9126 9127 7 6
f 9127 9128 8 7
f 9128 9129 9 8
f 9129 9130 10 9
f 9130 9131 11 10
f 9131 9132 12 11
f 9132 9133 13 12
f 9133 9134 14 13
f 9134 9135 15 14
f 9135 9136 16 15
f 9136 9137 17 16
f 9137 9138 18 17
f 9138 9139 19 18
f 9139 9140 20 19
f 9140 9141 21 20
f 9141 9142 22 21
f 9142 9143 23 22
f 9143 9144 24 23
f 9144 9145 25 24
f 9145 9146 26 25
f 9146 9147 27 26
f 9147 9148 28 27
f 9148 9149 29 28
f 9149 9150 30 29
f 9150 9151 31 30
f 9151 9152 32 31
f 9152 9153 33 32
f 9153 9154 34 33
f 9154 9155 35 34
f 9155 9156 36 35
f 9156 9157 37 36
f 9157 9158 38 37
f 9158 9159 39 38
f 9159 9160 40 39
f 9160 9161 41 40
f 9161 9162 42 41
f 9162 9163 43 42
f 9163 9164 44 43
f 9164 9165 45 44
f 9165 9166 46 45
f 9166 9167 47 46
f 9167 9168 48 47
f 9168 9169 49 48
f 9169 9170 50 49
f 9170 9171 51 50
f 9171 9172 52 51
f 9172 9173 53 52
f 9173 9174 54 53
f 9174 9175 55 54
f 9175 9176 56 55
f 9176 9177 57 56
f 9177 9178 58 57
f 9178 9179 59 58
f 9179 9180 60 59
f 9180 9181 61 60
f 9181 9182 62 61
f 9182 9183 63 62
f 9183 9184 64 63
f 9184 9185 65 64
f 9185 9186 66 65
f 9186 9187 67 66
f 9187 9188 68 67
f 9188 9189 69 68
f 9189 9190 70 69
f 9190 9191 71 70
f 9191 9192 72 71
f 9192 9193 73 72
f 9193 9194 74 73
f 9194 9195 75 74
f 9195 9196 76 75
f 9196 9197 77 76
f 9197 9198 78 77
f 9198 9199 79 78
f 9199 9200 80 79
f 9200 9201 81 80
f 9201 9202 82 81
f 9202 9203 83 82
f 9203 9204 84 83
f 9204 9205 85 84
f 9205 9206 86 85
f 9206 9207 87 86
f 9207 9208 88 87
f 9208 9209 89 88
f 9209 9210 90 89
f 9210 9211 91 90
f 9211 9212 92 91
f 9212 9213 93 92
f 9213 9214 94 93
f 9214 9215 95 94
f 9215 9216 96 95
f 9216 9121 1 96
